,svm_linear,random_forest,xgboost,selection_count
CDKextended_ExtFP424,1,1,1,3
standard_value_nM,1,1,1,3
CDKgraphonly_GraphFP116,0,1,1,2
CDKgraphonly_GraphFP540,0,1,1,2
CDK_FP526,0,1,1,2
CDKgraphonly_GraphFP450,0,1,1,2
CDKgraphonly_GraphFP858,0,1,1,2
CDKgraphonly_GraphFP517,0,1,1,2
CDKextended_ExtFP251,0,1,1,2
CDKextended_ExtFP492,0,1,1,2
CDKgraphonly_GraphFP914,0,1,1,2
CDKgraphonly_GraphFP929,1,0,0,1
CDKextended_ExtFP455,0,1,0,1
CDK_FP695,1,0,0,1
CDKextended_ExtFP302,1,0,0,1
PubChem_PubchemFP431,0,0,1,1
CDK_FP505,0,0,1,1
CDKextended_ExtFP846,0,1,0,1
CDKextended_ExtFP921,1,0,0,1
PubChem_PubchemFP613,0,0,1,1
CDKextended_ExtFP141,0,0,1,1
CDKgraphonly_GraphFP498,1,0,0,1
CDKextended_ExtFP503,1,0,0,1
CDKextended_ExtFP540,1,0,0,1
CDK_FP186,0,1,0,1
CDK_FP819,1,0,0,1
CDKgraphonly_GraphFP136,0,1,0,1
CDK_FP77,1,0,0,1
CDK_FP831,1,0,0,1
CDK_FP261,1,0,0,1
PubChem_PubchemFP712,0,1,0,1
CDK_FP875,1,0,0,1
CDKgraphonly_GraphFP904,0,0,1,1
CDKgraphonly_GraphFP787,1,0,0,1
CDKgraphonly_GraphFP140,0,1,0,1
CDK_FP125,0,1,0,1
CDK_FP236,1,0,0,1
CDKextended_ExtFP49,0,0,1,1
CDK_FP619,1,0,0,1
PubChem_PubchemFP375,0,1,0,1
CDK_FP176,1,0,0,1
MACCS_MACCSFP96,0,0,1,1
CDK_FP194,1,0,0,1
CDKextended_ExtFP952,0,0,1,1
PubChem_PubchemFP193,0,0,1,1
CDKextended_ExtFP194,0,1,0,1
CDKgraphonly_GraphFP309,1,0,0,1
AtomPairs2D_AD2D402,0,0,0,0
CDKextended_ExtFP83,0,0,0,0
CDKextended_ExtFP282,0,0,0,0
CDKextended_ExtFP471,0,0,0,0
CDKextended_ExtFP449,0,0,0,0
CDK_FP513,0,0,0,0
CDKextended_ExtFP408,0,0,0,0
CDK_FP936,0,0,0,0
PubChem_PubchemFP358,0,0,0,0
CDKextended_ExtFP16,0,0,0,0
CDK_FP816,0,0,0,0
CDK_FP847,0,0,0,0
CDK_FP931,0,0,0,0
CDKextended_ExtFP991,0,0,0,0
CDKgraphonly_GraphFP912,0,0,0,0
CDKgraphonly_GraphFP443,0,0,0,0
CDKextended_ExtFP519,0,0,0,0
CDK_FP289,0,0,0,0
CDKextended_ExtFP498,0,0,0,0
CDKgraphonly_GraphFP353,0,0,0,0
CDKextended_ExtFP873,0,0,0,0
CDK_FP371,0,0,0,0
EState_EStateFP16,0,0,0,0
CDK_FP944,0,0,0,0
CDK_FP287,0,0,0,0
CDKextended_ExtFP897,0,0,0,0
PubChem_PubchemFP585,0,0,0,0
PubChem_PubchemFP657,0,0,0,0
CDKgraphonly_GraphFP173,0,0,0,0
CDKextended_ExtFP750,0,0,0,0
CDKextended_ExtFP340,0,0,0,0
CDKextended_ExtFP852,0,0,0,0
AtomPairs2D_AD2D550,0,0,0,0
CDK_FP134,0,0,0,0
CDKgraphonly_GraphFP122,0,0,0,0
CDK_FP964,0,0,0,0
CDKextended_ExtFP681,0,0,0,0
CDK_FP507,0,0,0,0
CDKextended_ExtFP247,0,0,0,0
CDKgraphonly_GraphFP259,0,0,0,0
CDKextended_ExtFP259,0,0,0,0
AtomPairs2D_AD2D316,0,0,0,0
CDKextended_ExtFP295,0,0,0,0
CDK_FP765,0,0,0,0
CDK_FP694,0,0,0,0
CDK_FP612,0,0,0,0
CDKextended_ExtFP657,0,0,0,0
CDK_FP534,0,0,0,0
CDK_FP1018,0,0,0,0
CDK_FP825,0,0,0,0
PubChem_PubchemFP453,0,0,0,0
CDKextended_ExtFP117,0,0,0,0
CDKgraphonly_GraphFP149,0,0,0,0
CDKextended_ExtFP582,0,0,0,0
CDK_FP834,0,0,0,0
CDK_FP644,0,0,0,0
AtomPairs2D_AD2D247,0,0,0,0
CDK_FP42,0,0,0,0
CDKextended_ExtFP533,0,0,0,0
CDK_FP352,0,0,0,0
CDK_FP1008,0,0,0,0
CDK_FP239,0,0,0,0
CDKgraphonly_GraphFP519,0,0,0,0
CDKgraphonly_GraphFP135,0,0,0,0
CDKextended_ExtFP863,0,0,0,0
CDK_FP377,0,0,0,0
CDKextended_ExtFP745,0,0,0,0
MACCS_MACCSFP112,0,0,0,0
PubChem_PubchemFP418,0,0,0,0
MACCS_MACCSFP79,0,0,0,0
CDKextended_ExtFP929,0,0,0,0
CDKgraphonly_GraphFP790,0,0,0,0
CDK_FP343,0,0,0,0
CDKgraphonly_GraphFP896,0,0,0,0
CDKgraphonly_GraphFP388,0,0,0,0
CDK_FP140,0,0,0,0
CDKextended_ExtFP690,0,0,0,0
PubChem_PubchemFP476,0,0,0,0
CDKextended_ExtFP446,0,0,0,0
CDK_FP178,0,0,0,0
CDK_FP735,0,0,0,0
AtomPairs2D_AD2D631,0,0,0,0
CDKextended_ExtFP378,0,0,0,0
CDKextended_ExtFP388,0,0,0,0
CDK_FP86,0,0,0,0
CDK_FP30,0,0,0,0
CDKextended_ExtFP344,0,0,0,0
CDK_FP2,0,0,0,0
PubChem_PubchemFP440,0,0,0,0
CDK_FP427,0,0,0,0
CDKextended_ExtFP476,0,0,0,0
AtomPairs2D_AD2D404,0,0,0,0
CDK_FP829,0,0,0,0
CDKextended_ExtFP113,0,0,0,0
KlekotaRoth_KRFP4695,0,0,0,0
PubChem_PubchemFP452,0,0,0,0
CDKgraphonly_GraphFP958,0,0,0,0
CDK_FP536,0,0,0,0
PubChem_PubchemFP451,0,0,0,0
CDKextended_ExtFP90,0,0,0,0
CDKgraphonly_GraphFP293,0,0,0,0
CDKextended_ExtFP832,0,0,0,0
CDKextended_ExtFP127,0,0,0,0
CDKextended_ExtFP786,0,0,0,0
CDKgraphonly_GraphFP1008,0,0,0,0
CDKextended_ExtFP861,0,0,0,0
CDKextended_ExtFP197,0,0,0,0
CDK_FP1,0,0,0,0
CDKgraphonly_GraphFP745,0,0,0,0
PubChem_PubchemFP579,0,0,0,0
PubChem_PubchemFP385,0,0,0,0
CDKextended_ExtFP470,0,0,0,0
CDKextended_ExtFP600,0,0,0,0
CDK_FP471,0,0,0,0
CDKgraphonly_GraphFP96,0,0,0,0
CDKextended_ExtFP916,0,0,0,0
PubChem_PubchemFP538,0,0,0,0
CDKextended_ExtFP224,0,0,0,0
CDKextended_ExtFP151,0,0,0,0
CDKextended_ExtFP172,0,0,0,0
CDK_FP329,0,0,0,0
CDKextended_ExtFP180,0,0,0,0
CDKextended_ExtFP934,0,0,0,0
PubChem_PubchemFP380,0,0,0,0
CDK_FP676,0,0,0,0
CDKextended_ExtFP619,0,0,0,0
CDKextended_ExtFP683,0,0,0,0
CDK_FP145,0,0,0,0
CDK_FP821,0,0,0,0
AtomPairs2D_AD2D170,0,0,0,0
CDKgraphonly_GraphFP396,0,0,0,0
CDKextended_ExtFP95,0,0,0,0
CDKextended_ExtFP412,0,0,0,0
KlekotaRoth_KRFP3821,0,0,0,0
MACCS_MACCSFP103,0,0,0,0
PubChem_PubchemFP37,0,0,0,0
CDKextended_ExtFP877,0,0,0,0
MACCS_MACCSFP123,0,0,0,0
CDK_FP614,0,0,0,0
CDKextended_ExtFP738,0,0,0,0
CDK_FP247,0,0,0,0
CDK_FP249,0,0,0,0
KlekotaRoth_KRFP3640,0,0,0,0
CDKgraphonly_GraphFP542,0,0,0,0
CDKextended_ExtFP463,0,0,0,0
CDKextended_ExtFP940,0,0,0,0
CDK_FP268,0,0,0,0
CDKextended_ExtFP176,0,0,0,0
CDK_FP326,0,0,0,0
CDKgraphonly_GraphFP910,0,0,0,0
CDKgraphonly_GraphFP678,0,0,0,0
CDK_FP980,0,0,0,0
CDK_FP411,0,0,0,0
CDKgraphonly_GraphFP1005,0,0,0,0
CDK_FP282,0,0,0,0
CDKextended_ExtFP98,0,0,0,0
CDK_FP853,0,0,0,0
CDKgraphonly_GraphFP984,0,0,0,0
MACCS_MACCSFP127,0,0,0,0
MACCS_MACCSFP143,0,0,0,0
CDK_FP806,0,0,0,0
CDK_FP827,0,0,0,0
CDKextended_ExtFP375,0,0,0,0
CDKextended_ExtFP572,0,0,0,0
CDK_FP697,0,0,0,0
CDKextended_ExtFP217,0,0,0,0
PubChem_PubchemFP442,0,0,0,0
CDKextended_ExtFP862,0,0,0,0
CDK_FP596,0,0,0,0
CDKextended_ExtFP21,0,0,0,0
CDKextended_ExtFP967,0,0,0,0
CDKextended_ExtFP66,0,0,0,0
CDKextended_ExtFP885,0,0,0,0
CDK_FP685,0,0,0,0
MACCS_MACCSFP144,0,0,0,0
PubChem_PubchemFP403,0,0,0,0
AtomPairs2D_AD2D553,0,0,0,0
CDKextended_ExtFP272,0,0,0,0
CDK_FP896,0,0,0,0
CDKgraphonly_GraphFP760,0,0,0,0
CDKextended_ExtFP833,0,0,0,0
CDKextended_ExtFP872,0,0,0,0
CDK_FP775,0,0,0,0
CDK_FP402,0,0,0,0
CDKgraphonly_GraphFP733,0,0,0,0
CDKextended_ExtFP36,0,0,0,0
PubChem_PubchemFP623,0,0,0,0
CDKextended_ExtFP96,0,0,0,0
CDK_FP215,0,0,0,0
CDK_FP357,0,0,0,0
CDKgraphonly_GraphFP725,0,0,0,0
PubChem_PubchemFP439,0,0,0,0
CDKextended_ExtFP667,0,0,0,0
CDKgraphonly_GraphFP632,0,0,0,0
PubChem_PubchemFP392,0,0,0,0
CDKgraphonly_GraphFP522,0,0,0,0
CDK_FP66,0,0,0,0
KlekotaRoth_KRFP839,0,0,0,0
CDKgraphonly_GraphFP708,0,0,0,0
AtomPairs2D_AD2D238,0,0,0,0
PubChem_PubchemFP656,0,0,0,0
CDKextended_ExtFP857,0,0,0,0
CDK_FP601,0,0,0,0
AtomPairs2D_AD2D472,0,0,0,0
CDKgraphonly_GraphFP505,0,0,0,0
CDK_FP364,0,0,0,0
CDK_FP532,0,0,0,0
CDK_FP172,0,0,0,0
CDKextended_ExtFP900,0,0,0,0
PubChem_PubchemFP495,0,0,0,0
CDKgraphonly_GraphFP451,0,0,0,0
KlekotaRoth_KRFP3750,0,0,0,0
CDK_FP153,0,0,0,0
CDKextended_ExtFP390,0,0,0,0
CDK_FP54,0,0,0,0
CDK_FP486,0,0,0,0
PubChem_PubchemFP396,0,0,0,0
AtomPairs2D_AD2D169,0,0,0,0
CDKextended_ExtFP76,0,0,0,0
CDKextended_ExtFP664,0,0,0,0
CDK_FP877,0,0,0,0
AtomPairs2D_AD2D492,0,0,0,0
CDKextended_ExtFP574,0,0,0,0
CDKextended_ExtFP214,0,0,0,0
CDK_FP615,0,0,0,0
CDKextended_ExtFP401,0,0,0,0
PubChem_PubchemFP412,0,0,0,0
CDKextended_ExtFP397,0,0,0,0
PubChem_PubchemFP405,0,0,0,0
CDK_FP899,0,0,0,0
CDK_FP31,0,0,0,0
CDKgraphonly_GraphFP837,0,0,0,0
CDK_FP951,0,0,0,0
CDKextended_ExtFP363,0,0,0,0
CDKextended_ExtFP943,0,0,0,0
CDK_FP844,0,0,0,0
CDK_FP387,0,0,0,0
CDK_FP934,0,0,0,0
CDKgraphonly_GraphFP676,0,0,0,0
MACCS_MACCSFP85,0,0,0,0
PubChem_PubchemFP391,0,0,0,0
PubChem_PubchemFP143,0,0,0,0
CDK_FP175,0,0,0,0
KlekotaRoth_KRFP3956,0,0,0,0
CDKextended_ExtFP338,0,0,0,0
CDKextended_ExtFP880,0,0,0,0
AtomPairs2D_AD2D82,0,0,0,0
CDK_FP497,0,0,0,0
PubChem_PubchemFP597,0,0,0,0
CDKextended_ExtFP499,0,0,0,0
CDK_FP273,0,0,0,0
CDKextended_ExtFP407,0,0,0,0
CDK_FP562,0,0,0,0
CDK_FP933,0,0,0,0
CDKgraphonly_GraphFP453,0,0,0,0
CDK_FP388,0,0,0,0
CDKgraphonly_GraphFP303,0,0,0,0
CDK_FP783,0,0,0,0
CDK_FP813,0,0,0,0
CDK_FP182,0,0,0,0
CDKgraphonly_GraphFP736,0,0,0,0
MACCS_MACCSFP131,0,0,0,0
KlekotaRoth_KRFP4000,0,0,0,0
CDKextended_ExtFP891,0,0,0,0
CDKextended_ExtFP250,0,0,0,0
CDK_FP798,0,0,0,0
AtomPairs2D_AD2D325,0,0,0,0
PubChem_PubchemFP691,0,0,0,0
CDKextended_ExtFP143,0,0,0,0
CDKgraphonly_GraphFP964,0,0,0,0
CDK_FP144,0,0,0,0
CDK_FP506,0,0,0,0
CDKextended_ExtFP695,0,0,0,0
CDKextended_ExtFP864,0,0,0,0
PubChem_PubchemFP12,0,0,0,0
CDK_FP504,0,0,0,0
CDKgraphonly_GraphFP404,0,0,0,0
CDKgraphonly_GraphFP278,0,0,0,0
CDK_FP404,0,0,0,0
CDKextended_ExtFP416,0,0,0,0
CDKextended_ExtFP27,0,0,0,0
CDK_FP463,0,0,0,0
CDKextended_ExtFP779,0,0,0,0
CDKextended_ExtFP398,0,0,0,0
CDKextended_ExtFP431,0,0,0,0
CDKextended_ExtFP999,0,0,0,0
CDKgraphonly_GraphFP197,0,0,0,0
CDK_FP251,0,0,0,0
CDKgraphonly_GraphFP529,0,0,0,0
CDK_FP779,0,0,0,0
CDK_FP836,0,0,0,0
CDKextended_ExtFP709,0,0,0,0
CDKextended_ExtFP415,0,0,0,0
CDK_FP978,0,0,0,0
CDKextended_ExtFP720,0,0,0,0
PubChem_PubchemFP507,0,0,0,0
PubChem_PubchemFP482,0,0,0,0
CDK_FP317,0,0,0,0
CDK_FP401,0,0,0,0
CDK_FP545,0,0,0,0
CDK_FP584,0,0,0,0
CDKextended_ExtFP23,0,0,0,0
AtomPairs2D_AD2D91,0,0,0,0
CDKextended_ExtFP697,0,0,0,0
CDK_FP696,0,0,0,0
CDK_FP198,0,0,0,0
CDK_FP569,0,0,0,0
CDKextended_ExtFP305,0,0,0,0
CDKextended_ExtFP399,0,0,0,0
CDKgraphonly_GraphFP279,0,0,0,0
CDKgraphonly_GraphFP728,0,0,0,0
PubChem_PubchemFP366,0,0,0,0
CDKextended_ExtFP576,0,0,0,0
CDK_FP710,0,0,0,0
CDK_FP852,0,0,0,0
CDKextended_ExtFP858,0,0,0,0
CDK_FP712,0,0,0,0
CDKgraphonly_GraphFP919,0,0,0,0
CDKgraphonly_GraphFP699,0,0,0,0
CDK_FP265,0,0,0,0
CDK_FP727,0,0,0,0
CDKextended_ExtFP215,0,0,0,0
CDKextended_ExtFP843,0,0,0,0
CDK_FP453,0,0,0,0
CDKextended_ExtFP990,0,0,0,0
CDK_FP963,0,0,0,0
CDKextended_ExtFP108,0,0,0,0
CDK_FP353,0,0,0,0
CDK_FP823,0,0,0,0
CDKextended_ExtFP464,0,0,0,0
CDKextended_ExtFP102,0,0,0,0
CDKextended_ExtFP63,0,0,0,0
CDKextended_ExtFP790,0,0,0,0
PubChem_PubchemFP593,0,0,0,0
CDKextended_ExtFP611,0,0,0,0
CDKextended_ExtFP796,0,0,0,0
CDK_FP52,0,0,0,0
KlekotaRoth_KRFP3671,0,0,0,0
KlekotaRoth_KRFP3224,0,0,0,0
CDK_FP407,0,0,0,0
CDK_FP524,0,0,0,0
CDK_FP485,0,0,0,0
CDKextended_ExtFP456,0,0,0,0
CDKextended_ExtFP461,0,0,0,0
PubChem_PubchemFP186,0,0,0,0
MACCS_MACCSFP110,0,0,0,0
CDKextended_ExtFP821,0,0,0,0
CDKgraphonly_GraphFP317,0,0,0,0
CDK_FP955,0,0,0,0
PubChem_PubchemFP180,0,0,0,0
CDK_FP85,0,0,0,0
CDK_FP745,0,0,0,0
CDKextended_ExtFP569,0,0,0,0
CDK_FP333,0,0,0,0
CDKextended_ExtFP51,0,0,0,0
CDK_FP180,0,0,0,0
CDK_FP294,0,0,0,0
CDK_FP464,0,0,0,0
CDK_FP959,0,0,0,0
AtomPairs2D_AD2D394,0,0,0,0
CDKextended_ExtFP724,0,0,0,0
CDKextended_ExtFP256,0,0,0,0
CDKextended_ExtFP552,0,0,0,0
CDKextended_ExtFP372,0,0,0,0
EState_EStateFP29,0,0,0,0
CDK_FP922,0,0,0,0
CDKextended_ExtFP40,0,0,0,0
CDKextended_ExtFP884,0,0,0,0
AtomPairs2D_AD2D324,0,0,0,0
CDK_FP179,0,0,0,0
MACCS_MACCSFP130,0,0,0,0
MACCS_MACCSFP100,0,0,0,0
PubChem_PubchemFP472,0,0,0,0
PubChem_PubchemFP506,0,0,0,0
CDKextended_ExtFP879,0,0,0,0
CDK_FP78,0,0,0,0
CDK_FP44,0,0,0,0
CDKextended_ExtFP735,0,0,0,0
CDKextended_ExtFP4,0,0,0,0
CDK_FP226,0,0,0,0
CDKextended_ExtFP201,0,0,0,0
CDKextended_ExtFP806,0,0,0,0
CDK_FP98,0,0,0,0
AtomPairs2D_AD2D102,0,0,0,0
CDKgraphonly_GraphFP898,0,0,0,0
CDKgraphonly_GraphFP587,0,0,0,0
CDKextended_ExtFP781,0,0,0,0
CDKgraphonly_GraphFP283,0,0,0,0
CDKextended_ExtFP429,0,0,0,0
CDKextended_ExtFP924,0,0,0,0
CDKextended_ExtFP89,0,0,0,0
CDKgraphonly_GraphFP808,0,0,0,0
CDK_FP686,0,0,0,0
CDKextended_ExtFP437,0,0,0,0
PubChem_PubchemFP684,0,0,0,0
CDK_FP764,0,0,0,0
CDK_FP276,0,0,0,0
CDK_FP13,0,0,0,0
CDKextended_ExtFP422,0,0,0,0
CDK_FP409,0,0,0,0
PubChem_PubchemFP565,0,0,0,0
PubChem_PubchemFP589,0,0,0,0
PubChem_PubchemFP626,0,0,0,0
PubChem_PubchemFP181,0,0,0,0
CDKextended_ExtFP342,0,0,0,0
CDK_FP460,0,0,0,0
CDK_FP731,0,0,0,0
CDK_FP350,0,0,0,0
CDK_FP862,0,0,0,0
CDKextended_ExtFP753,0,0,0,0
CDKextended_ExtFP231,0,0,0,0
MACCS_MACCSFP65,0,0,0,0
CDKextended_ExtFP80,0,0,0,0
CDKgraphonly_GraphFP493,0,0,0,0
MACCS_MACCSFP92,0,0,0,0
CDKextended_ExtFP387,0,0,0,0
CDKextended_ExtFP367,0,0,0,0
CDK_FP961,0,0,0,0
CDKextended_ExtFP356,0,0,0,0
CDK_FP987,0,0,0,0
CDKgraphonly_GraphFP366,0,0,0,0
EState_EStateFP13,0,0,0,0
KlekotaRoth_KRFP1,0,0,0,0
CDKextended_ExtFP361,0,0,0,0
CDK_FP976,0,0,0,0
CDK_FP323,0,0,0,0
CDK_FP433,0,0,0,0
CDK_FP968,0,0,0,0
CDKextended_ExtFP345,0,0,0,0
CDKgraphonly_GraphFP92,0,0,0,0
CDK_FP777,0,0,0,0
CDK_FP1007,0,0,0,0
KlekotaRoth_KRFP2855,0,0,0,0
CDKextended_ExtFP473,0,0,0,0
MACCS_MACCSFP149,0,0,0,0
CDK_FP217,0,0,0,0
KlekotaRoth_KRFP4237,0,0,0,0
CDKgraphonly_GraphFP573,0,0,0,0
CDK_FP137,0,0,0,0
CDKextended_ExtFP291,0,0,0,0
CDK_FP500,0,0,0,0
CDK_FP665,0,0,0,0
CDKgraphonly_GraphFP269,0,0,0,0
CDKextended_ExtFP641,0,0,0,0
CDKextended_ExtFP988,0,0,0,0
CDK_FP369,0,0,0,0
CDKextended_ExtFP948,0,0,0,0
CDKextended_ExtFP391,0,0,0,0
CDKextended_ExtFP819,0,0,0,0
CDKgraphonly_GraphFP1001,0,0,0,0
PubChem_PubchemFP192,0,0,0,0
PubChem_PubchemFP493,0,0,0,0
CDKextended_ExtFP731,0,0,0,0
CDKextended_ExtFP901,0,0,0,0
CDK_FP22,0,0,0,0
CDKextended_ExtFP160,0,0,0,0
CDKextended_ExtFP469,0,0,0,0
CDKgraphonly_GraphFP784,0,0,0,0
CDKextended_ExtFP590,0,0,0,0
CDKgraphonly_GraphFP155,0,0,0,0
CDKextended_ExtFP411,0,0,0,0
CDK_FP531,0,0,0,0
CDK_FP989,0,0,0,0
CDKgraphonly_GraphFP446,0,0,0,0
CDKextended_ExtFP701,0,0,0,0
CDKextended_ExtFP605,0,0,0,0
EState_EStateFP36,0,0,0,0
KlekotaRoth_KRFP2547,0,0,0,0
CDKextended_ExtFP707,0,0,0,0
CDK_FP627,0,0,0,0
CDK_FP571,0,0,0,0
CDK_FP23,0,0,0,0
AtomPairs2D_AD2D414,0,0,0,0
CDK_FP564,0,0,0,0
CDKgraphonly_GraphFP865,0,0,0,0
CDKgraphonly_GraphFP707,0,0,0,0
CDKgraphonly_GraphFP922,0,0,0,0
CDKextended_ExtFP520,0,0,0,0
CDKextended_ExtFP964,0,0,0,0
CDK_FP751,0,0,0,0
CDKextended_ExtFP570,0,0,0,0
CDKextended_ExtFP579,0,0,0,0
AtomPairs2D_AD2D92,0,0,0,0
MACCS_MACCSFP117,0,0,0,0
PubChem_PubchemFP294,0,0,0,0
CDKextended_ExtFP621,0,0,0,0
EState_EStateFP34,0,0,0,0
KlekotaRoth_KRFP1148,0,0,0,0
KlekotaRoth_KRFP2949,0,0,0,0
MACCS_MACCSFP139,0,0,0,0
PubChem_PubchemFP308,0,0,0,0
CDKextended_ExtFP145,0,0,0,0
CDK_FP774,0,0,0,0
CDKextended_ExtFP868,0,0,0,0
CDK_FP286,0,0,0,0
PubChem_PubchemFP698,0,0,0,0
CDKextended_ExtFP771,0,0,0,0
PubChem_PubchemFP755,0,0,0,0
PubChem_PubchemFP422,0,0,0,0
Substructure_SubFP88,0,0,0,0
CDK_FP403,0,0,0,0
CDKextended_ExtFP953,0,0,0,0
PubChem_PubchemFP346,0,0,0,0
CDKextended_ExtFP353,0,0,0,0
CDK_FP878,0,0,0,0
PubChem_PubchemFP406,0,0,0,0
CDKextended_ExtFP935,0,0,0,0
CDK_FP993,0,0,0,0
CDKextended_ExtFP165,0,0,0,0
CDK_FP405,0,0,0,0
CDKgraphonly_GraphFP195,0,0,0,0
CDK_FP912,0,0,0,0
CDKextended_ExtFP663,0,0,0,0
PubChem_PubchemFP601,0,0,0,0
CDK_FP368,0,0,0,0
CDKgraphonly_GraphFP302,0,0,0,0
CDK_FP5,0,0,0,0
CDKextended_ExtFP149,0,0,0,0
CDKgraphonly_GraphFP731,0,0,0,0
CDKextended_ExtFP257,0,0,0,0
CDKextended_ExtFP968,0,0,0,0
KlekotaRoth_KRFP3788,0,0,0,0
CDKgraphonly_GraphFP382,0,0,0,0
CDKgraphonly_GraphFP390,0,0,0,0
CDKextended_ExtFP777,0,0,0,0
CDKextended_ExtFP903,0,0,0,0
CDK_FP618,0,0,0,0
CDKextended_ExtFP133,0,0,0,0
CDKextended_ExtFP947,0,0,0,0
CDK_FP843,0,0,0,0
CDKgraphonly_GraphFP134,0,0,0,0
CDKextended_ExtFP207,0,0,0,0
CDK_FP135,0,0,0,0
CDK_FP666,0,0,0,0
CDKextended_ExtFP324,0,0,0,0
CDKextended_ExtFP978,0,0,0,0
CDK_FP849,0,0,0,0
CDKextended_ExtFP442,0,0,0,0
CDK_FP707,0,0,0,0
CDK_FP923,0,0,0,0
CDK_FP926,0,0,0,0
CDK_FP173,0,0,0,0
CDKextended_ExtFP956,0,0,0,0
CDK_FP35,0,0,0,0
CDKextended_ExtFP284,0,0,0,0
CDKextended_ExtFP637,0,0,0,0
PubChem_PubchemFP545,0,0,0,0
CDKextended_ExtFP992,0,0,0,0
PubChem_PubchemFP600,0,0,0,0
CDKextended_ExtFP608,0,0,0,0
CDKextended_ExtFP918,0,0,0,0
PubChem_PubchemFP555,0,0,0,0
CDKextended_ExtFP130,0,0,0,0
CDKextended_ExtFP156,0,0,0,0
CDKgraphonly_GraphFP943,0,0,0,0
CDKgraphonly_GraphFP735,0,0,0,0
CDKextended_ExtFP191,0,0,0,0
CDK_FP139,0,0,0,0
KlekotaRoth_KRFP3882,0,0,0,0
CDK_FP92,0,0,0,0
CDK_FP163,0,0,0,0
PubChem_PubchemFP620,0,0,0,0
PubChem_PubchemFP632,0,0,0,0
CDKextended_ExtFP209,0,0,0,0
CDKgraphonly_GraphFP397,0,0,0,0
CDKgraphonly_GraphFP880,0,0,0,0
CDKextended_ExtFP137,0,0,0,0
CDK_FP928,0,0,0,0
KlekotaRoth_KRFP3926,0,0,0,0
PubChem_PubchemFP437,0,0,0,0
CDK_FP800,0,0,0,0
CDKgraphonly_GraphFP869,0,0,0,0
PubChem_PubchemFP665,0,0,0,0
CDK_FP835,0,0,0,0
CDK_FP45,0,0,0,0
CDKextended_ExtFP228,0,0,0,0
CDKextended_ExtFP29,0,0,0,0
CDKextended_ExtFP580,0,0,0,0
CDK_FP68,0,0,0,0
CDKextended_ExtFP547,0,0,0,0
CDKextended_ExtFP458,0,0,0,0
CDKextended_ExtFP739,0,0,0,0
CDKextended_ExtFP936,0,0,0,0
CDK_FP12,0,0,0,0
CDKgraphonly_GraphFP72,0,0,0,0
CDKextended_ExtFP87,0,0,0,0
CDK_FP375,0,0,0,0
EState_EStateFP11,0,0,0,0
PubChem_PubchemFP628,0,0,0,0
CDKgraphonly_GraphFP154,0,0,0,0
CDKextended_ExtFP243,0,0,0,0
PubChem_PubchemFP617,0,0,0,0
PubChem_PubchemFP477,0,0,0,0
PubChem_PubchemFP390,0,0,0,0
CDK_FP870,0,0,0,0
CDKextended_ExtFP39,0,0,0,0
CDK_FP69,0,0,0,0
CDKgraphonly_GraphFP695,0,0,0,0
CDKgraphonly_GraphFP348,0,0,0,0
CDKgraphonly_GraphFP937,0,0,0,0
CDK_FP882,0,0,0,0
CDKgraphonly_GraphFP891,0,0,0,0
CDKgraphonly_GraphFP738,0,0,0,0
CDKgraphonly_GraphFP786,0,0,0,0
CDKextended_ExtFP593,0,0,0,0
CDKgraphonly_GraphFP741,0,0,0,0
CDKextended_ExtFP743,0,0,0,0
CDKgraphonly_GraphFP716,0,0,0,0
CDKextended_ExtFP740,0,0,0,0
CDK_FP691,0,0,0,0
CDKgraphonly_GraphFP679,0,0,0,0
CDKgraphonly_GraphFP641,0,0,0,0
CDK_FP725,0,0,0,0
CDK_FP763,0,0,0,0
CDK_FP338,0,0,0,0
CDKextended_ExtFP610,0,0,0,0
CDK_FP528,0,0,0,0
CDKextended_ExtFP443,0,0,0,0
CDKextended_ExtFP850,0,0,0,0
CDK_FP195,0,0,0,0
CDK_FP269,0,0,0,0
CDKextended_ExtFP774,0,0,0,0
MACCS_MACCSFP77,0,0,0,0
PubChem_PubchemFP353,0,0,0,0
CDK_FP527,0,0,0,0
CDKgraphonly_GraphFP1004,0,0,0,0
PubChem_PubchemFP616,0,0,0,0
CDKgraphonly_GraphFP277,0,0,0,0
CDKgraphonly_GraphFP983,0,0,0,0
PubChem_PubchemFP590,0,0,0,0
PubChem_PubchemFP450,0,0,0,0
Substructure_SubFP169,0,0,0,0
CDKgraphonly_GraphFP553,0,0,0,0
CDKgraphonly_GraphFP552,0,0,0,0
PubChem_PubchemFP644,0,0,0,0
PubChem_PubchemFP667,0,0,0,0
CDKgraphonly_GraphFP892,0,0,0,0
CDKgraphonly_GraphFP271,0,0,0,0
PubChem_PubchemFP487,0,0,0,0
CDK_FP351,0,0,0,0
CDK_FP146,0,0,0,0
CDKgraphonly_GraphFP988,0,0,0,0
PubChem_PubchemFP519,0,0,0,0
CDKextended_ExtFP311,0,0,0,0
CDKgraphonly_GraphFP783,0,0,0,0
CDK_FP279,0,0,0,0
PubChem_PubchemFP696,0,0,0,0
CDKgraphonly_GraphFP489,0,0,0,0
CDK_FP322,0,0,0,0
CDKextended_ExtFP159,0,0,0,0
CDKextended_ExtFP955,0,0,0,0
CDK_FP1005,0,0,0,0
CDK_FP645,0,0,0,0
CDKextended_ExtFP560,0,0,0,0
CDKgraphonly_GraphFP120,0,0,0,0
CDKextended_ExtFP800,0,0,0,0
CDK_FP548,0,0,0,0
CDKgraphonly_GraphFP171,0,0,0,0
CDK_FP622,0,0,0,0
CDKgraphonly_GraphFP576,0,0,0,0
CDKgraphonly_GraphFP14,0,0,0,0
CDK_FP1015,0,0,0,0
CDKextended_ExtFP829,0,0,0,0
PubChem_PubchemFP365,0,0,0,0
MACCS_MACCSFP57,0,0,0,0
CDKgraphonly_GraphFP754,0,0,0,0
CDKgraphonly_GraphFP422,0,0,0,0
CDKgraphonly_GraphFP588,0,0,0,0
CDK_FP594,0,0,0,0
CDKextended_ExtFP853,0,0,0,0
CDKgraphonly_GraphFP199,0,0,0,0
CDK_FP599,0,0,0,0
CDKgraphonly_GraphFP532,0,0,0,0
CDK_FP109,0,0,0,0
CDKgraphonly_GraphFP387,0,0,0,0
CDKextended_ExtFP938,0,0,0,0
CDK_FP659,0,0,0,0
CDK_FP895,0,0,0,0
CDKextended_ExtFP807,0,0,0,0
CDK_FP973,0,0,0,0
CDKgraphonly_GraphFP940,0,0,0,0
CDKgraphonly_GraphFP73,0,0,0,0
CDK_FP636,0,0,0,0
CDKgraphonly_GraphFP969,0,0,0,0
CDKextended_ExtFP493,0,0,0,0
CDKextended_ExtFP487,0,0,0,0
MACCS_MACCSFP75,0,0,0,0
CDKgraphonly_GraphFP44,0,0,0,0
CDK_FP271,0,0,0,0
AtomPairs2D_AD2D248,0,0,0,0
CDKextended_ExtFP404,0,0,0,0
CDKextended_ExtFP453,0,0,0,0
PubChem_PubchemFP467,0,0,0,0
PubChem_PubchemFP614,0,0,0,0
CDKextended_ExtFP3,0,0,0,0
CDK_FP337,0,0,0,0
PubChem_PubchemFP621,0,0,0,0
CDK_FP26,0,0,0,0
CDKextended_ExtFP439,0,0,0,0
CDKgraphonly_GraphFP713,0,0,0,0
CDK_FP327,0,0,0,0
CDKextended_ExtFP164,0,0,0,0
CDKgraphonly_GraphFP917,0,0,0,0
CDKextended_ExtFP591,0,0,0,0
CDK_FP14,0,0,0,0
CDKgraphonly_GraphFP60,0,0,0,0
CDKextended_ExtFP824,0,0,0,0
CDK_FP235,0,0,0,0
CDKgraphonly_GraphFP196,0,0,0,0
CDKextended_ExtFP174,0,0,0,0
CDK_FP416,0,0,0,0
CDK_FP87,0,0,0,0
CDKextended_ExtFP554,0,0,0,0
CDKgraphonly_GraphFP31,0,0,0,0
CDKextended_ExtFP418,0,0,0,0
CDKextended_ExtFP629,0,0,0,0
CDKextended_ExtFP252,0,0,0,0
CDK_FP523,0,0,0,0
AtomPairs2D_AD2D13,0,0,0,0
MACCS_MACCSFP52,0,0,0,0
PubChem_PubchemFP300,0,0,0,0
MACCS_MACCSFP95,0,0,0,0
CDKextended_ExtFP288,0,0,0,0
CDKextended_ExtFP687,0,0,0,0
MACCS_MACCSFP124,0,0,0,0
CDKextended_ExtFP980,0,0,0,0
CDK_FP799,0,0,0,0
CDKextended_ExtFP283,0,0,0,0
CDKextended_ExtFP318,0,0,0,0
CDK_FP589,0,0,0,0
CDK_FP753,0,0,0,0
CDKextended_ExtFP120,0,0,0,0
CDKextended_ExtFP478,0,0,0,0
AtomPairs2D_AD2D241,0,0,0,0
PubChem_PubchemFP553,0,0,0,0
CDKgraphonly_GraphFP163,0,0,0,0
PubChem_PubchemFP345,0,0,0,0
CDKextended_ExtFP377,0,0,0,0
CDKextended_ExtFP837,0,0,0,0
KlekotaRoth_KRFP4843,0,0,0,0
CDK_FP900,0,0,0,0
CDKextended_ExtFP575,0,0,0,0
CDKextended_ExtFP454,0,0,0,0
AtomPairs2D_AD2D704,0,0,0,0
CDK_FP873,0,0,0,0
CDKextended_ExtFP393,0,0,0,0
CDKgraphonly_GraphFP129,0,0,0,0
CDKgraphonly_GraphFP487,0,0,0,0
EState_EStateFP24,0,0,0,0
CDK_FP399,0,0,0,0
CDKextended_ExtFP711,0,0,0,0
CDKextended_ExtFP298,0,0,0,0
CDKextended_ExtFP845,0,0,0,0
AtomPairs2D_AD2D403,0,0,0,0
CDK_FP576,0,0,0,0
CDKextended_ExtFP632,0,0,0,0
CDK_FP88,0,0,0,0
CDKextended_ExtFP822,0,0,0,0
AtomPairs2D_AD2D319,0,0,0,0
CDKextended_ExtFP381,0,0,0,0
AtomPairs2D_AD2D475,0,0,0,0
CDK_FP588,0,0,0,0
CDK_FP447,0,0,0,0
CDK_FP336,0,0,0,0
PubChem_PubchemFP699,0,0,0,0
MACCS_MACCSFP94,0,0,0,0
CDK_FP16,0,0,0,0
CDKextended_ExtFP688,0,0,0,0
CDKextended_ExtFP68,0,0,0,0
CDK_FP79,0,0,0,0
CDK_FP811,0,0,0,0
CDKextended_ExtFP258,0,0,0,0
CDK_FP585,0,0,0,0
CDK_FP554,0,0,0,0
CDK_FP886,0,0,0,0
CDK_FP687,0,0,0,0
CDKextended_ExtFP11,0,0,0,0
CDK_FP38,0,0,0,0
AtomPairs2D_AD2D7,0,0,0,0
AtomPairs2D_AD2D85,0,0,0,0
EState_EStateFP54,0,0,0,0
CDKextended_ExtFP722,0,0,0,0
KlekotaRoth_KRFP2259,0,0,0,0
CDKgraphonly_GraphFP698,0,0,0,0
PubChem_PubchemFP342,0,0,0,0
CDKextended_ExtFP804,0,0,0,0
CDKextended_ExtFP512,0,0,0,0
CDKgraphonly_GraphFP717,0,0,0,0
CDK_FP920,0,0,0,0
CDKextended_ExtFP413,0,0,0,0
AtomPairs2D_AD2D160,0,0,0,0
CDK_FP721,0,0,0,0
CDK_FP604,0,0,0,0
CDK_FP354,0,0,0,0
AtomPairs2D_AD2D4,0,0,0,0
PubChem_PubchemFP293,0,0,0,0
CDKgraphonly_GraphFP774,0,0,0,0
MACCS_MACCSFP88,0,0,0,0
PubChem_PubchemFP33,0,0,0,0
CDK_FP82,0,0,0,0
CDKextended_ExtFP204,0,0,0,0
CDKgraphonly_GraphFP899,0,0,0,0
PubChem_PubchemFP672,0,0,0,0
CDKextended_ExtFP594,0,0,0,0
CDKextended_ExtFP242,0,0,0,0
CDK_FP692,0,0,0,0
CDKextended_ExtFP154,0,0,0,0
CDK_FP917,0,0,0,0
CDKextended_ExtFP269,0,0,0,0
CDKextended_ExtFP987,0,0,0,0
CDK_FP617,0,0,0,0
Substructure_SubFP137,0,0,0,0
CDKextended_ExtFP210,0,0,0,0
CDKextended_ExtFP467,0,0,0,0
CDKgraphonly_GraphFP175,0,0,0,0
AtomPairs2D_AD2D703,0,0,0,0
CDKextended_ExtFP694,0,0,0,0
CDK_FP492,0,0,0,0
PubChem_PubchemFP530,0,0,0,0
CDK_FP366,0,0,0,0
CDKgraphonly_GraphFP89,0,0,0,0
AtomPairs2D_AD2D626,0,0,0,0
CDKgraphonly_GraphFP318,0,0,0,0
CDKextended_ExtFP249,0,0,0,0
CDK_FP801,0,0,0,0
PubChem_PubchemFP387,0,0,0,0
CDK_FP859,0,0,0,0
CDK_FP256,0,0,0,0
CDKgraphonly_GraphFP681,0,0,0,0
CDKextended_ExtFP612,0,0,0,0
CDK_FP568,0,0,0,0
CDK_FP110,0,0,0,0
CDK_FP380,0,0,0,0
CDKextended_ExtFP19,0,0,0,0
CDKextended_ExtFP246,0,0,0,0
CDKextended_ExtFP230,0,0,0,0
CDKgraphonly_GraphFP475,0,0,0,0
AtomPairs2D_AD2D397,0,0,0,0
CDKextended_ExtFP902,0,0,0,0
CDK_FP512,0,0,0,0
PubChem_PubchemFP335,0,0,0,0
Substructure_SubFP3,0,0,0,0
CDKextended_ExtFP175,0,0,0,0
CDK_FP127,0,0,0,0
PubChem_PubchemFP357,0,0,0,0
CDKextended_ExtFP856,0,0,0,0
CDKextended_ExtFP898,0,0,0,0
CDK_FP788,0,0,0,0
CDK_FP76,0,0,0,0
PubChem_PubchemFP638,0,0,0,0
PubChem_PubchemFP697,0,0,0,0
CDKextended_ExtFP315,0,0,0,0
CDK_FP362,0,0,0,0
PubChem_PubchemFP394,0,0,0,0
PubChem_PubchemFP398,0,0,0,0
CDK_FP1012,0,0,0,0
MACCS_MACCSFP122,0,0,0,0
CDK_FP807,0,0,0,0
CDK_FP107,0,0,0,0
CDK_FP762,0,0,0,0
CDKextended_ExtFP573,0,0,0,0
CDKgraphonly_GraphFP952,0,0,0,0
CDKextended_ExtFP537,0,0,0,0
CDK_FP639,0,0,0,0
CDKextended_ExtFP984,0,0,0,0
KlekotaRoth_KRFP3773,0,0,0,0
CDKextended_ExtFP977,0,0,0,0
CDK_FP457,0,0,0,0
CDKextended_ExtFP462,0,0,0,0
CDKextended_ExtFP530,0,0,0,0
PubChem_PubchemFP515,0,0,0,0
PubChem_PubchemFP818,0,0,0,0
PubChem_PubchemFP539,0,0,0,0
CDK_FP626,0,0,0,0
CDKextended_ExtFP7,0,0,0,0
PubChem_PubchemFP540,0,0,0,0
MACCS_MACCSFP69,0,0,0,0
CDKextended_ExtFP617,0,0,0,0
CDK_FP733,0,0,0,0
CDK_FP48,0,0,0,0
CDKgraphonly_GraphFP638,0,0,0,0
CDKextended_ExtFP307,0,0,0,0
CDK_FP646,0,0,0,0
PubChem_PubchemFP376,0,0,0,0
CDK_FP1011,0,0,0,0
CDKextended_ExtFP889,0,0,0,0
CDK_FP331,0,0,0,0
CDKextended_ExtFP41,0,0,0,0
CDK_FP156,0,0,0,0
CDK_FP466,0,0,0,0
CDK_FP901,0,0,0,0
CDK_FP754,0,0,0,0
CDK_FP620,0,0,0,0
CDKgraphonly_GraphFP315,0,0,0,0
CDKgraphonly_GraphFP45,0,0,0,0
CDKextended_ExtFP969,0,0,0,0
KlekotaRoth_KRFP3740,0,0,0,0
KlekotaRoth_KRFP677,0,0,0,0
CDKextended_ExtFP173,0,0,0,0
CDK_FP867,0,0,0,0
CDKextended_ExtFP184,0,0,0,0
MACCS_MACCSFP81,0,0,0,0
CDKgraphonly_GraphFP485,0,0,0,0
CDK_FP708,0,0,0,0
MACCS_MACCSFP98,0,0,0,0
CDKextended_ExtFP433,0,0,0,0
CDK_FP160,0,0,0,0
PubChem_PubchemFP535,0,0,0,0
CDKgraphonly_GraphFP948,0,0,0,0
MACCS_MACCSFP106,0,0,0,0
CDKextended_ExtFP620,0,0,0,0
CDK_FP664,0,0,0,0
CDKgraphonly_GraphFP605,0,0,0,0
CDK_FP224,0,0,0,0
CDK_FP244,0,0,0,0
CDKgraphonly_GraphFP285,0,0,0,0
CDKextended_ExtFP513,0,0,0,0
CDK_FP257,0,0,0,0
PubChem_PubchemFP523,0,0,0,0
PubChem_PubchemFP671,0,0,0,0
CDK_FP892,0,0,0,0
CDK_FP913,0,0,0,0
CDKextended_ExtFP119,0,0,0,0
CDKgraphonly_GraphFP456,0,0,0,0
CDK_FP941,0,0,0,0
CDKgraphonly_GraphFP691,0,0,0,0
CDKextended_ExtFP179,0,0,0,0
CDKextended_ExtFP406,0,0,0,0
CDKgraphonly_GraphFP581,0,0,0,0
CDKgraphonly_GraphFP128,0,0,0,0
CDKextended_ExtFP721,0,0,0,0
CDK_FP467,0,0,0,0
CDKgraphonly_GraphFP660,0,0,0,0
CDKextended_ExtFP812,0,0,0,0
CDKextended_ExtFP244,0,0,0,0
CDKgraphonly_GraphFP618,0,0,0,0
PubChem_PubchemFP259,0,0,0,0
CDKextended_ExtFP306,0,0,0,0
CDKgraphonly_GraphFP723,0,0,0,0
CDK_FP1010,0,0,0,0
CDKgraphonly_GraphFP966,0,0,0,0
CDK_FP698,0,0,0,0
CDKextended_ExtFP491,0,0,0,0
CDK_FP470,0,0,0,0
CDKextended_ExtFP638,0,0,0,0
CDK_FP546,0,0,0,0
CDK_FP419,0,0,0,0
CDKextended_ExtFP555,0,0,0,0
Substructure_SubFP287,0,0,0,0
CDKextended_ExtFP835,0,0,0,0
CDK_FP346,0,0,0,0
CDK_FP558,0,0,0,0
CDKgraphonly_GraphFP851,0,0,0,0
