Name,molecule_chembl_id,canonical_smiles,standard_value,pEC50,bioactivity_class,class,CDKextended_ExtFP424,standard_value_nM,CDKgraphonly_GraphFP116,CDKgraphonly_GraphFP540,CDK_FP526,CDKgraphonly_GraphFP450,CDKgraphonly_GraphFP858,CDKgraphonly_GraphFP517,CDKextended_ExtFP251,CDKextended_ExtFP492,CDKgraphonly_GraphFP914
CHEMBL1341981,CHEMBL1341981,Cc1ccccc1CS(=O)(=O)c1nnc([C@H](CC(C)C)NC(=O)OC(C)(C)C)o1,11600.0,4.935542010773082,inactive,0,1.0,11600.0,0.0,1.0,0.0,1.0,0.0,1.0,1.0,0.0,0.0
CHEMBL1595992,CHEMBL1595992,COC(=O)c1n[nH]c(NC(=O)c2ccc(C(C)(C)C)cc2)n1,10100.0,4.995678626217358,inactive,0,1.0,10100.0,0.0,1.0,0.0,0.0,0.0,1.0,1.0,0.0,0.0
CHEMBL1511042,CHEMBL1511042,FC(F)(F)c1ccc(C2[C@H]3CN(Cc4cccnc4)[C@H](c4ccccc4)C34CC2(c2cccnc2)C4)cc1,24100.0,4.617982957425132,inactive,0,1.0,24100.0,0.0,0.0,0.0,0.0,0.0,0.0,0.0,0.0,0.0
CHEMBL1590201,CHEMBL1590201,Cc1c([N+](=O)[O-])cnc(Sc2ccccc2)c1[N+](=O)[O-],47.9,7.319664486585436,active,1,0.0,47.9,0.0,1.0,0.0,0.0,0.0,0.0,0.0,0.0,0.0
CHEMBL1500823,CHEMBL1500823,O=C(CSc1ncnc2c1nnn2Cc1ccccc1F)NCC1CCCO1,16500.0,4.782516055786093,inactive,0,0.0,16500.0,0.0,1.0,0.0,0.0,0.0,1.0,0.0,0.0,0.0
CHEMBL1393004,CHEMBL1393004,COc1cc(C(c2c(C)n[nH]c2O)c2c(C)n[nH]c2O)ccc1OS(=O)(=O)c1ccccc1,217.0,6.66354026615147,active,1,1.0,217.0,1.0,0.0,1.0,0.0,1.0,1.0,0.0,1.0,0.0
CHEMBL1305092,CHEMBL1305092,O=C(O)CN1C(=O)/C(=C\c2cccc(OCc3ccc(Cl)cc3Cl)c2)SC1=S,11100.0,4.954677021213342,inactive,0,1.0,11100.0,0.0,1.0,0.0,0.0,0.0,0.0,1.0,0.0,0.0
CHEMBL1483562,CHEMBL1483562,O=C(Nc1ccc(Cl)cc1)/C(=C/c1cccc(O)c1)c1nc2ccccc2s1,481.0,6.317854923626168,active,1,1.0,481.0,0.0,0.0,0.0,0.0,0.0,0.0,0.0,0.0,1.0
CHEMBL1539236,CHEMBL1539236,Cc1cccc(OCCN2CSC(=S)N(C)C2)c1,12500.0,4.903089986991944,inactive,0,0.0,12500.0,0.0,1.0,0.0,0.0,0.0,0.0,0.0,0.0,0.0
CHEMBL1318998,CHEMBL1318998,Cc1ccc(S(=O)(=O)N(C(=O)c2ccncc2)c2ccc(OC(=O)c3ccncc3)c3ccccc23)cc1,315.0,6.501689446210399,active,1,0.0,315.0,0.0,0.0,0.0,0.0,1.0,0.0,0.0,1.0,1.0
CHEMBL1453114,CHEMBL1453114,CC(C)(C)c1csc(NC(=O)c2c(F)c(F)c(F)c(F)c2F)n1,18400.0,4.735182176990463,inactive,0,0.0,18400.0,0.0,1.0,0.0,0.0,0.0,1.0,0.0,0.0,0.0
CHEMBL1503106,CHEMBL1503106,COC(=O)c1ccccc1NC(=S)NC(=O)c1ccc(C)cc1,239.0,6.621602099051863,active,1,0.0,239.0,0.0,1.0,1.0,0.0,0.0,1.0,0.0,1.0,0.0
CHEMBL1364506,CHEMBL1364506,CC(=O)Nc1ccc(NC(=O)CSc2ncc(C(=O)Nc3ccccc3)c(=O)n2C)cc1,43.0,7.366531544420413,active,1,0.0,43.0,0.0,0.0,0.0,0.0,0.0,0.0,0.0,1.0,1.0
CHEMBL1537553,CHEMBL1537553,O=C1C=C(N(CCO)Cc2ccccc2)c2ccccc2C1=O,402.0,6.39577394691553,active,1,1.0,402.0,0.0,1.0,0.0,0.0,0.0,0.0,0.0,0.0,1.0
CHEMBL1507534,CHEMBL1507534,COc1ccccc1NC(=O)CSc1nc2c(sc3ccccc32)c(=O)n1CCN(C)C.Cl,12900.0,4.889410289700751,inactive,0,1.0,12900.0,1.0,1.0,1.0,1.0,0.0,1.0,1.0,1.0,1.0
CHEMBL1307520,CHEMBL1307520,COc1ccc(OC)c(C(c2c(C)n[nH]c2O)c2c(C)n[nH]c2O)c1,211.0,6.675717544702307,active,1,1.0,211.0,1.0,0.0,1.0,0.0,1.0,0.0,0.0,1.0,0.0
CHEMBL175434,CHEMBL175434,NS(=O)(=O)c1ccc(NC2=CC(=O)C(=O)c3ccccc32)cc1,667.0,6.175874166083451,active,1,1.0,667.0,0.0,0.0,1.0,0.0,1.0,0.0,0.0,0.0,1.0
CHEMBL1373577,CHEMBL1373577,Cc1ccc(NC2=CC(=O)C(=O)c3ccccc32)cc1,999.0,6.000434511774017,active,1,1.0,999.0,0.0,0.0,1.0,0.0,0.0,0.0,0.0,0.0,1.0
CHEMBL1445962,CHEMBL1445962,O=C(CCl)N(Cc1cccc([N+](=O)[O-])c1)c1cccc(Cl)c1,512.0,6.290730039024169,active,1,0.0,512.0,0.0,0.0,0.0,1.0,0.0,0.0,0.0,1.0,1.0
CHEMBL306946,CHEMBL306946,O=C1c2ccccc2-n2c1nc1ccccc1c2=O,643.0,6.191789027075778,active,1,1.0,643.0,0.0,1.0,1.0,0.0,0.0,1.0,1.0,1.0,1.0
CHEMBL1325021,CHEMBL1325021,COc1ccccc1N(C(=O)CCl)c1cn(C(C)=O)c2ccccc12,846.0,6.0726296369609765,active,1,1.0,846.0,0.0,1.0,1.0,1.0,0.0,0.0,0.0,1.0,1.0
CHEMBL3192106,CHEMBL3192106,CSC(=N/c1cc(Cl)ccc1Cl)/C(C#N)=C(/O)c1ccco1,912.0,6.040005161671584,active,1,1.0,912.0,0.0,0.0,0.0,1.0,0.0,0.0,0.0,0.0,1.0
CHEMBL1572077,CHEMBL1572077,Cc1n[nH]c(O)c1C(c1ccc(N(C)C)c(Br)c1)c1c(C)n[nH]c1O,274.0,6.562249437179612,active,1,1.0,274.0,1.0,0.0,1.0,0.0,1.0,0.0,0.0,1.0,0.0
CHEMBL1533463,CHEMBL1533463,CS/C(=C\[N+](=O)[O-])Nc1ccc(Cl)cc1,12700.0,4.896196279044043,inactive,0,0.0,12700.0,0.0,0.0,0.0,0.0,0.0,0.0,1.0,0.0,0.0
CHEMBL1579471,CHEMBL1579471,Cc1n[nH]c2c1C(c1ccc(-c3ccc(Cl)cc3)o1)C(C#N)=C(N)O2,28600.0,4.543633966870957,inactive,0,1.0,28600.0,1.0,0.0,1.0,1.0,0.0,0.0,1.0,1.0,0.0
CHEMBL1588173,CHEMBL1588173,Fc1ccc(Sc2nc(-c3ccccc3)nnc2C(F)(F)F)cc1,660.0,6.180456064458131,active,1,1.0,660.0,1.0,1.0,0.0,0.0,0.0,0.0,0.0,1.0,0.0
CHEMBL3145089,CHEMBL3145089,COc1ccc(C(c2c(C)[nH]n(-c3ccccc3)c2=O)c2c(C)[nH]n(-c3ccccc3)c2=O)cc1OC,688.0,6.162411561764489,active,1,1.0,688.0,1.0,0.0,1.0,0.0,0.0,0.0,0.0,0.0,1.0
CHEMBL1499903,CHEMBL1499903,CC(C)C(=O)N1CCN(c2nc(-c3ccccc3)c3c(c2C#N)CCCC3)CC1,38400.0,4.4156687756324695,inactive,0,1.0,38400.0,0.0,1.0,1.0,0.0,0.0,1.0,0.0,1.0,0.0
CHEMBL3190263,CHEMBL3190263,Cc1ccc(C(=O)N/N=C/c2ccc(-c3ccccc3[N+](=O)[O-])o2)cn1,13500.0,4.8696662315049934,inactive,0,0.0,13500.0,1.0,1.0,0.0,0.0,0.0,0.0,0.0,1.0,0.0
CHEMBL1580910,CHEMBL1580910,Cc1ccc(S(=O)(=O)N2CC(c3ccc(Br)cc3)C(C(=O)C3CO3)=N2)cc1,578.0,6.238072161579471,active,1,1.0,578.0,1.0,0.0,0.0,0.0,1.0,0.0,0.0,1.0,0.0
CHEMBL1566889,CHEMBL1566889,CN1CCN(C2=C(Cl)C(=O)N(c3ccc(Cl)cc3)C2=O)CC1,247.0,6.607303046740334,active,1,1.0,247.0,0.0,0.0,0.0,1.0,1.0,0.0,1.0,0.0,1.0
CHEMBL1581233,CHEMBL1581233,Cc1cccc(CN2CCN(C(=O)CCl)CC2)c1,20200.0,4.694648630553377,inactive,0,0.0,20200.0,0.0,0.0,0.0,1.0,0.0,0.0,0.0,0.0,0.0
CHEMBL1409956,CHEMBL1409956,COc1cccc(C(c2c(C)nn(-c3ccccc3)c2O)c2c(C)nn(-c3ccccc3)c2O)c1OC,810.0,6.091514981121351,active,1,1.0,810.0,1.0,0.0,1.0,0.0,1.0,0.0,0.0,1.0,1.0
CHEMBL1400375,CHEMBL1400375,O=C1C=C(NCCN2CCOCC2)C(=O)c2cnccc21,536.0,6.270835210307229,active,1,1.0,536.0,0.0,1.0,0.0,0.0,0.0,0.0,1.0,1.0,1.0
CHEMBL1516914,CHEMBL1516914,Cc1ccc(-c2nnc(Sc3nc4ccccc4o3)c3ccccc23)cc1,396.0,6.402304814074488,active,1,1.0,396.0,1.0,1.0,0.0,1.0,0.0,1.0,0.0,1.0,1.0
CHEMBL1580600,CHEMBL1580600,O=C(O)CN1C(=O)/C(=C\c2ccc(OC(=O)c3ccco3)cc2)SC1=S,20300.0,4.692503962086787,inactive,0,1.0,20300.0,0.0,1.0,0.0,0.0,0.0,0.0,0.0,0.0,0.0
CHEMBL1445617,CHEMBL1445617,Cc1n[nH]c(O)c1C(c1c(C)n[nH]c1O)c1cn(Cc2ccccc2Cl)c2ccccc12,299.0,6.52432881167557,active,1,1.0,299.0,1.0,0.0,1.0,0.0,1.0,0.0,0.0,1.0,0.0
CHEMBL3197625,CHEMBL3197625,O=[N+]([O-])c1cccc(/C=N/c2cccc3ccccc23)c1O,41900.0,4.377785977033705,inactive,0,0.0,41900.0,0.0,1.0,0.0,0.0,0.0,0.0,0.0,1.0,0.0
CHEMBL1547301,CHEMBL1547301,Cc1ccc(Sc2ccc(NC(=O)CCl)cc2)c(C)c1,718.0,6.1438755557577,active,1,0.0,718.0,0.0,0.0,0.0,1.0,0.0,0.0,0.0,0.0,1.0
CHEMBL1322046,CHEMBL1322046,COC(=O)CCCC1=CC2=C(c3ccccc3)C(=O)C(C)(OC(=O)C3CCCC3)C(=O)C2=CN1CCCCO,18400.0,4.735182176990463,inactive,0,1.0,18400.0,0.0,0.0,1.0,0.0,0.0,0.0,1.0,0.0,0.0
CHEMBL1321472,CHEMBL1321472,O=C1c2ccccc2-c2c1nc1c([n+]2[O-])CCCC1,20100.0,4.696803942579511,inactive,0,1.0,20100.0,0.0,0.0,1.0,0.0,0.0,0.0,0.0,1.0,1.0
CHEMBL1569910,CHEMBL1569910,Cc1ccc2[nH]c(/C(C#N)=C\c3ccc([N+](=O)[O-])o3)nc2c1,454.0,6.342944147142896,active,1,1.0,454.0,0.0,1.0,1.0,0.0,0.0,1.0,0.0,0.0,1.0
CHEMBL1730123,CHEMBL1730123,O=C(Nc1ccccc1)Nc1ccc(O)c2ccccc12,762.0,6.118045028660399,active,1,0.0,762.0,0.0,1.0,0.0,0.0,0.0,1.0,0.0,1.0,1.0
CHEMBL1449705,CHEMBL1449705,O=C1c2ccccc2OC2(C=Cc3ccccc3O2)N1Cc1ccccc1,165500.0,3.7812020018882624,inactive,0,0.0,165500.0,0.0,0.0,0.0,1.0,0.0,1.0,1.0,1.0,1.0
CHEMBL1415639,CHEMBL1415639,CCOC(=O)CC1=NN(c2ccccc2)C(=O)C1,10100.0,4.995678626217358,inactive,0,0.0,10100.0,1.0,0.0,0.0,0.0,0.0,0.0,0.0,0.0,1.0
CHEMBL1537588,CHEMBL1537588,Cc1cccc(Cn2nnc3c2C(=O)c2ccccc2C3=O)c1,446.0,6.350665141287858,active,1,1.0,446.0,0.0,0.0,0.0,0.0,0.0,0.0,0.0,0.0,0.0
CHEMBL1384468,CHEMBL1384468,COC(=O)c1sc(N)c(C(=O)OC)c1Cn1ncc(Cl)c(Cl)c1=O,541.0,6.266802734893431,active,1,0.0,541.0,1.0,0.0,0.0,1.0,0.0,0.0,1.0,1.0,0.0
CHEMBL1301722,CHEMBL1301722,CCO.Cn1c2c(c(=O)n(C)c1=O)[C@@]1(C(=O)Nc3ccccc31)C(C#N)=C(N)O2,17500.0,4.756961951313706,inactive,0,1.0,17500.0,0.0,1.0,0.0,1.0,0.0,1.0,0.0,1.0,1.0
CHEMBL599924,CHEMBL599924,CCn1nc(/C=C/c2ccccc2)nc2c(=O)n(C)c(=O)nc1-2,36.8,7.434152181326482,active,1,1.0,36.8,1.0,0.0,1.0,0.0,0.0,0.0,0.0,0.0,0.0
CHEMBL1308879,CHEMBL1308879,Cl.c1ccc(Nc2nc(NCc3ccco3)c3ccccc3n2)cc1,12000.0,4.920818753952375,inactive,0,1.0,12000.0,0.0,1.0,0.0,0.0,0.0,1.0,0.0,1.0,0.0
CHEMBL1421463,CHEMBL1421463,N#CC(C#N)C(c1ccsc1)c1c(-c2ccccc2)n[nH]c1O,468.0,6.329754146925875,active,1,1.0,468.0,1.0,0.0,1.0,0.0,1.0,0.0,0.0,1.0,0.0
CHEMBL1980604,CHEMBL1980604,CCOC(=O)c1c(NC(C)=O)sc2c1CCC(/C=N/CCCN(CC)CC)=C2Sc1ccccc1,229.0,6.6401645176601125,active,1,1.0,229.0,0.0,0.0,1.0,0.0,0.0,0.0,1.0,1.0,1.0
CHEMBL1309241,CHEMBL1309241,Cc1nc2ccccc2c2c1C(=O)N(C(C)C)C2=O,851.0,6.070070439915412,active,1,1.0,851.0,0.0,0.0,0.0,0.0,0.0,0.0,0.0,1.0,1.0
CHEMBL3189714,CHEMBL3189714,Cc1ccccc1NC1=C/C(=N\S(=O)(=O)c2cccs2)c2ccccc2C1=O,654.0,6.184422251675732,active,1,1.0,654.0,0.0,0.0,1.0,1.0,1.0,0.0,0.0,0.0,0.0
CHEMBL1545701,CHEMBL1545701,O=C1c2ccccc2C(=O)c2c1ncn2-c1ccccc1,229000.0,3.640164517660112,inactive,0,1.0,229000.0,0.0,1.0,0.0,0.0,0.0,1.0,0.0,0.0,0.0
CHEMBL1500227,CHEMBL1500227,CC(=O)n1cc(N(C(=O)CCl)c2ccc(C)cc2)c2ccccc21,248.0,6.605548319173783,active,1,1.0,248.0,0.0,0.0,1.0,1.0,0.0,0.0,0.0,1.0,1.0
CHEMBL1346860,CHEMBL1346860,COc1ccc(-c2oc(NC(=O)CCl)c(C#N)c2-c2ccc(OC)cc2)cc1,670.0,6.173925197299173,active,1,1.0,670.0,0.0,0.0,0.0,1.0,0.0,0.0,0.0,1.0,1.0
CHEMBL1400437,CHEMBL1400437,c1ccc(Sc2ncnc3ccccc23)cc1,11200.0,4.950781977329818,inactive,0,1.0,11200.0,0.0,1.0,0.0,0.0,0.0,1.0,0.0,1.0,0.0
CHEMBL1491865,CHEMBL1491865,CC(C)Cc1ccc(-c2cc(O)[nH]n2)cc1,664.0,6.177831920631983,active,1,1.0,664.0,1.0,0.0,1.0,0.0,1.0,0.0,0.0,1.0,0.0
CHEMBL1506757,CHEMBL1506757,Cc1cccc(CSc2nc3c(c(-c4cccs4)c2C#N)CN(C)CC3)c1,503.0,6.298432014944073,active,1,1.0,503.0,0.0,0.0,0.0,0.0,0.0,0.0,0.0,1.0,0.0
CHEMBL1431612,CHEMBL1431612,O=C(Nc1ccc(Cl)cc1)C1c2cccc[n+]2CC(=O)N1Cc1ccc2c(c1)OCO2.[I-],13300.0,4.876148359032914,inactive,0,1.0,13300.0,0.0,0.0,0.0,0.0,0.0,0.0,0.0,1.0,1.0
CHEMBL1556187,CHEMBL1556187,O=c1oc(-c2ccccc2Cl)nc2ccsc12,23300.0,4.632644078973981,inactive,0,1.0,23300.0,0.0,0.0,0.0,1.0,0.0,1.0,1.0,0.0,1.0
CHEMBL46516,CHEMBL46516,O=C1NCN(c2ccccc2)C12CCN(CCCC(c1ccc(F)cc1)c1ccc(F)cc1)CC2,20200.0,4.694648630553377,inactive,0,1.0,20200.0,0.0,1.0,0.0,0.0,0.0,1.0,0.0,0.0,0.0
CHEMBL1331211,CHEMBL1331211,O=C(O)CSc1cc(NS(=O)(=O)c2ccc(Br)cc2)c2ccccc2c1O,244.0,6.61261017366127,active,1,0.0,244.0,0.0,0.0,0.0,0.0,1.0,0.0,0.0,1.0,0.0
CHEMBL1558210,CHEMBL1558210,O=C1c2ccccc2-c2onc3ccc(Oc4ccccc4)c1c23,452.0,6.3448615651886175,active,1,1.0,452.0,1.0,0.0,0.0,0.0,0.0,0.0,0.0,1.0,0.0
CHEMBL1570005,CHEMBL1570005,CC1CC(C)CN(C(=O)c2ccc3c(c2NCCO)C(=O)c2ccccc2C3=O)C1,20000.0,4.698970004336019,inactive,0,1.0,20000.0,0.0,0.0,0.0,0.0,0.0,0.0,0.0,0.0,0.0
CHEMBL1343392,CHEMBL1343392,Cc1ccc(C(=O)OCn2ncc(Cl)c(Cl)c2=O)cc1,924.0,6.0343280287798935,active,1,0.0,924.0,1.0,0.0,0.0,1.0,1.0,0.0,1.0,0.0,0.0
CHEMBL1555752,CHEMBL1555752,CCN(CC)C(=O)c1ccc2c(c1)C1C(Cl)C(Sc3ccccc3[N+](=O)[O-])CC1C(C(=O)O)N2,17000.0,4.769551078621726,inactive,0,1.0,17000.0,0.0,1.0,0.0,0.0,0.0,0.0,1.0,0.0,0.0
CHEMBL1568333,CHEMBL1568333,N=C1/C(=C\c2ccc(OC(=O)c3ccc(F)cc3)cc2)C(=O)N=C2SC(N3CCOCC3)=NN12,17100.0,4.767003889607846,inactive,0,1.0,17100.0,0.0,1.0,0.0,0.0,0.0,1.0,0.0,1.0,0.0
CHEMBL1606823,CHEMBL1606823,O=C1NC(=O)N(Cc2ccc(F)cc2)C(=O)/C1=C/NNC(=O)c1ccccc1O,21900.0,4.6595558851598815,inactive,0,0.0,21900.0,1.0,1.0,0.0,0.0,0.0,1.0,0.0,1.0,1.0
CHEMBL1373969,CHEMBL1373969,O=C(NC1CCCCC1)C(c1cccnc1)N(C(=O)CCl)c1cccc(Cl)c1,467.0,6.330683119433887,active,1,1.0,467.0,0.0,0.0,0.0,1.0,0.0,0.0,0.0,1.0,1.0
CHEMBL3144932,CHEMBL3144932,Cc1[nH]n(-c2ccccc2)c(=O)c1C(c1cccc([N+](=O)[O-])c1O)c1c(C)[nH]n(-c2ccccc2)c1=O,931.0,6.031050319018657,active,1,1.0,931.0,1.0,1.0,1.0,0.0,0.0,0.0,0.0,0.0,1.0
CHEMBL1487851,CHEMBL1487851,COc1ccc(CNc2ccc3c[nH]nc3c2)c(OC)c1OC,797.0,6.098541678603888,active,1,1.0,797.0,1.0,0.0,0.0,0.0,0.0,0.0,0.0,1.0,1.0
CHEMBL1576754,CHEMBL1576754,CCOc1ccc(-n2c(C)cc(C(=O)CCl)c2C)cc1,11700.0,4.931814138253839,inactive,0,1.0,11700.0,0.0,0.0,0.0,0.0,0.0,0.0,0.0,0.0,1.0
CHEMBL1610025,CHEMBL1610025,CCC(=O)OCCNc1cc(Sc2nc3ccccc3s2)c2nonc2c1[N+](=O)[O-],572.0,6.242603971206975,active,1,1.0,572.0,0.0,1.0,0.0,0.0,0.0,0.0,0.0,0.0,0.0
CHEMBL1480243,CHEMBL1480243,COc1ccc(NC(=O)/C(C#N)=C/c2ncc([N+](=O)[O-])n2C)c(OC)c1,15600.0,4.806875401645539,inactive,0,0.0,15600.0,0.0,1.0,0.0,0.0,0.0,0.0,1.0,0.0,1.0
CHEMBL1332532,CHEMBL1332532,c1ccc(C2[C@H]3CN(Cc4cccnc4)[C@H](c4ccccc4)C34CC2(c2cccnc2)C4)cc1,16700.0,4.777283528852417,inactive,0,1.0,16700.0,0.0,0.0,0.0,0.0,0.0,0.0,0.0,0.0,0.0
CHEMBL1577004,CHEMBL1577004,CC1CCc2c(c3ccccc3n2C(=O)CCl)C1,751.0,6.124360062995832,active,1,1.0,751.0,0.0,0.0,0.0,1.0,0.0,0.0,0.0,1.0,1.0
CHEMBL1468635,CHEMBL1468635,CC(C)Cn1c(N)c(S(=O)(=O)c2cccs2)c2nc3ccccc3nc21,32900.0,4.482804102050026,inactive,0,1.0,32900.0,1.0,1.0,0.0,0.0,1.0,1.0,0.0,0.0,0.0
CHEMBL3191597,CHEMBL3191597,CC(C)(C)OC(=O)N/N=C\c1ccc(OC(=O)c2ccco2)cc1,16200.0,4.790484985457369,inactive,0,1.0,16200.0,0.0,0.0,0.0,0.0,0.0,0.0,1.0,0.0,0.0
CHEMBL1587181,CHEMBL1587181,CC1CCc2c(sc3nc(C(C)(C)C)nc(N4CCN(C(=O)CCl)CC4)c23)C1,481.0,6.317854923626168,active,1,1.0,481.0,0.0,1.0,1.0,1.0,0.0,1.0,0.0,1.0,0.0
CHEMBL3216654,CHEMBL3216654,COc1cc(NCCCC(C)N)c2ncccc2c1.Cl.Cl,420.0,6.376750709602099,active,1,1.0,420.0,0.0,0.0,0.0,0.0,0.0,0.0,0.0,1.0,1.0
CHEMBL1392176,CHEMBL1392176,CCN(CC)C(=O)CSc1nnc2nnc3cc(OC)ccc3n12,127800.0,3.893469146177619,inactive,0,1.0,127800.0,0.0,0.0,0.0,0.0,0.0,1.0,0.0,1.0,0.0
CHEMBL1382518,CHEMBL1382518,COc1cccc(/C=C/C(=O)c2ccc(NS(=O)(=O)c3ccc(C)cc3)cc2)c1,15400.0,4.812479279163537,inactive,0,1.0,15400.0,0.0,0.0,0.0,0.0,1.0,0.0,1.0,0.0,0.0
CHEMBL1706216,CHEMBL1706216,C#CCOc1ccc(OC)cc1C(c1c(C)n[nH]c1O)c1c(C)n[nH]c1O,187.0,6.7281583934635005,active,1,1.0,187.0,1.0,0.0,1.0,0.0,1.0,0.0,0.0,1.0,0.0
CHEMBL1608787,CHEMBL1608787,COc1ccc(Br)cc1[C@H]1[C@@H]2C=CCC[C@@]2(C)C(=O)N1Cc1ccccc1,26700.0,4.573488738635425,inactive,0,1.0,26700.0,0.0,0.0,0.0,0.0,0.0,0.0,1.0,1.0,1.0
CHEMBL1537149,CHEMBL1537149,Cc1n[nH]c(O)c1C(c1ccc(-c2ccc(Cl)c(Cl)c2)o1)c1c(C)n[nH]c1O,305.0,6.515700160653214,active,1,1.0,305.0,1.0,0.0,1.0,0.0,1.0,0.0,0.0,1.0,0.0
CHEMBL602990,CHEMBL602990,CCOC(=O)c1c(C)oc2c1C(=O)c1ccccc1C2=O,13300.0,4.876148359032914,inactive,0,1.0,13300.0,0.0,0.0,1.0,0.0,0.0,0.0,0.0,1.0,0.0
CHEMBL1431126,CHEMBL1431126,Oc1nc2ccccc2n2c(-c3ccccc3)nnc12,12800.0,4.892790030352131,inactive,0,1.0,12800.0,1.0,1.0,0.0,0.0,0.0,1.0,1.0,1.0,1.0
CHEMBL1519374,CHEMBL1519374,O=C1C(Cl)=C(Nc2ccc3c[nH]nc3c2)C(=O)c2ccccc21,955.0,6.019996628416253,active,1,1.0,955.0,1.0,0.0,0.0,1.0,0.0,0.0,0.0,1.0,0.0
CHEMBL1380913,CHEMBL1380913,Cc1n[nH]c2c1C(c1c(C)nn(-c3ccccc3)c1C)C(C#N)=C(N)O2,12500.0,4.903089986991944,inactive,0,0.0,12500.0,1.0,0.0,1.0,1.0,0.0,0.0,1.0,0.0,0.0
CHEMBL1584201,CHEMBL1584201,O=C(Oc1cccc(OC(=O)c2ccco2)c1)c1ccco1,19800.0,4.703334809738469,inactive,0,0.0,19800.0,0.0,0.0,0.0,0.0,0.0,0.0,0.0,0.0,0.0
CHEMBL1557253,CHEMBL1557253,COc1cc(C(c2c(C)n[nH]c2O)c2c(C)n[nH]c2O)cc(Cl)c1O,453.0,6.343901797987169,active,1,1.0,453.0,1.0,0.0,1.0,0.0,1.0,0.0,0.0,1.0,0.0
CHEMBL60718,CHEMBL60718,Cc1ccc(S(=O)(=O)N[C@@H](Cc2ccccc2)C(=O)CCl)cc1,712.0,6.147520006363143,active,1,1.0,712.0,0.0,0.0,0.0,0.0,1.0,0.0,0.0,0.0,0.0
CHEMBL1484934,CHEMBL1484934,COc1ccc(C(CCN(Cc2ccc(OC)c(OC)c2)C(=O)CCl)c2ccccc2)cc1,269.0,6.570247719997592,active,1,1.0,269.0,0.0,0.0,0.0,1.0,0.0,0.0,0.0,1.0,1.0
CHEMBL1423501,CHEMBL1423501,O=C(CCl)N(C/C=C/c1ccccc1)c1ccc2c(c1)OCCO2,356.0,6.448550002027124,active,1,0.0,356.0,0.0,0.0,0.0,1.0,0.0,0.0,0.0,0.0,1.0
CHEMBL3191627,CHEMBL3191627,CCc1ccc(S(=O)(=O)/N=C2\C=CC(=O)c3ccccc32)cc1,643.0,6.191789027075778,active,1,1.0,643.0,0.0,0.0,0.0,0.0,1.0,0.0,0.0,0.0,0.0
CHEMBL1334860,CHEMBL1334860,CN(C(=O)C(Cl)Cl)c1ccc(OC(=O)c2ccco2)cc1,10300.0,4.987162775294828,inactive,0,0.0,10300.0,0.0,0.0,0.0,1.0,0.0,0.0,0.0,0.0,1.0
CHEMBL1468055,CHEMBL1468055,Cc1noc2ncnc(Sc3ccc(Br)cc3)c12,16200.0,4.790484985457369,inactive,0,0.0,16200.0,0.0,0.0,0.0,0.0,1.0,0.0,0.0,0.0,0.0
CHEMBL3145304,CHEMBL3145304,Cc1[nH]n(-c2ccccc2)c(=O)c1/C=N\NC(=O)C1COc2ccccc2O1,17500.0,4.756961951313706,inactive,0,0.0,17500.0,1.0,1.0,1.0,0.0,0.0,0.0,0.0,1.0,1.0
CHEMBL1415513,CHEMBL1415513,Cc1n[nH]c(O)c1C(c1ccc(-c2ccc(F)cc2)o1)c1c(C)n[nH]c1O,297.0,6.527243550682788,active,1,1.0,297.0,1.0,0.0,1.0,0.0,1.0,0.0,0.0,1.0,0.0
CHEMBL1460748,CHEMBL1460748,Cc1ccc(S(=O)(=O)N(C(=O)c2ccncc2)c2ccc(OC(=O)c3ccncc3)c3ccccc23)c(C)c1,10000.0,5.0,inactive,0,0.0,10000.0,0.0,0.0,0.0,0.0,1.0,0.0,0.0,1.0,1.0
CHEMBL1467422,CHEMBL1467422,Oc1ccc(NC(=S)N=Nc2c(O)[nH]c3ccc(Br)cc23)cc1,13700.0,4.863279432843593,inactive,0,1.0,13700.0,0.0,1.0,1.0,0.0,0.0,1.0,0.0,1.0,1.0
CHEMBL1399683,CHEMBL1399683,O=C1COc2ccc(C(=O)CCl)cc2N1,26300.0,4.580044251510242,inactive,0,1.0,26300.0,0.0,1.0,0.0,0.0,0.0,0.0,0.0,0.0,1.0
CHEMBL1480387,CHEMBL1480387,CCOC(=O)CNc1nnc(SCC(=O)OCC)nc1O,845.0,6.073143291050307,active,1,0.0,845.0,0.0,1.0,0.0,0.0,0.0,0.0,0.0,0.0,0.0
CHEMBL1405964,CHEMBL1405964,CCCCn1c(NS(=O)(=O)c2ccccc2)c(S(=O)(=O)c2ccc(C)cc2)c2nc3ccccc3nc21,80.1,7.096367483915762,active,1,1.0,80.1,1.0,1.0,0.0,0.0,1.0,1.0,0.0,0.0,0.0
CHEMBL1991885,CHEMBL1991885,Cc1ccc(O)c(/N=C/C2=C(O)c3ccccc3C2=O)c1,216.0,6.665546248849069,active,1,1.0,216.0,0.0,1.0,0.0,0.0,0.0,0.0,0.0,0.0,0.0
CHEMBL1311185,CHEMBL1311185,O=C(Nc1ccccc1)C1=C(c2ccccc2)S(=O)(=O)CCS1(=O)=O,682.0,6.166215625343521,active,1,0.0,682.0,0.0,0.0,0.0,0.0,1.0,0.0,0.0,0.0,1.0
CHEMBL1359933,CHEMBL1359933,CCOc1ccc(C(c2c(C)n[nH]c2O)c2c(C)n[nH]c2O)cc1OC,309.0,6.510041520575165,active,1,1.0,309.0,1.0,0.0,1.0,0.0,1.0,0.0,0.0,1.0,0.0
CHEMBL1506353,CHEMBL1506353,Cc1n[nH]c(O)c1C(c1ccc(Cl)cc1)c1c(C)n[nH]c1O,461.0,6.336299074610352,active,1,1.0,461.0,1.0,0.0,1.0,0.0,1.0,0.0,0.0,1.0,0.0
CHEMBL1731689,CHEMBL1731689,Cn1c(SCC(=O)NCC2CCCO2)ncc(C(=O)Nc2ccc(F)cc2)c1=O,315.0,6.501689446210399,active,1,0.0,315.0,0.0,1.0,0.0,0.0,0.0,0.0,0.0,1.0,1.0
CHEMBL1533248,CHEMBL1533248,CC(C)(C)c1c(Cl)c(O)c(-c2ccccc2)c(=O)n1-c1ccccc1,27200.0,4.565431095965801,inactive,0,1.0,27200.0,0.0,0.0,1.0,1.0,0.0,0.0,0.0,0.0,1.0
CHEMBL1568113,CHEMBL1568113,COc1cccc(-c2[nH]nc3c2C(c2ccsc2)C(C#N)=C(N)O3)c1,520.0,6.2839966563652006,active,1,1.0,520.0,1.0,0.0,1.0,1.0,0.0,0.0,1.0,1.0,0.0
CHEMBL1301720,CHEMBL1301720,CCOc1ccccc1Nc1nnc(Cc2ccccc2Cl)c(O)n1,21000.0,4.6777807052660805,inactive,0,1.0,21000.0,0.0,1.0,0.0,0.0,0.0,1.0,0.0,0.0,0.0
CHEMBL1421313,CHEMBL1421313,Fc1ccc(Nc2nc(Oc3ccccc3F)nc(N3CCCC3)n2)cc1,946.0,6.024108863598207,active,1,0.0,946.0,0.0,1.0,0.0,1.0,0.0,1.0,0.0,0.0,0.0
CHEMBL1571123,CHEMBL1571123,Cc1ccc(NC(=O)c2nc(S(=O)(=O)Cc3ccccc3)ncc2Cl)cc1,880.0,6.055517327849831,active,1,1.0,880.0,0.0,0.0,0.0,0.0,0.0,0.0,0.0,0.0,1.0
CHEMBL1465185,CHEMBL1465185,O=C(O)CNS(=O)(=O)c1ccc2c(c1)C(=O)c1ccccc1C2=O,10700.0,4.97061622231479,inactive,0,1.0,10700.0,0.0,1.0,0.0,0.0,1.0,0.0,0.0,0.0,0.0
CHEMBL3190976,CHEMBL3190976,CC1=C/C(=N/c2c(C)n(C)n(-c3ccccc3)c2=O)C=CC1=O,14000.0,4.853871964321762,inactive,0,1.0,14000.0,1.0,0.0,0.0,0.0,0.0,0.0,1.0,0.0,1.0
CHEMBL1497295,CHEMBL1497295,O=C(CCl)N(c1ccc(Cl)cc1)c1c[nH]c2ccccc12,195.0,6.709965388637482,active,1,1.0,195.0,0.0,0.0,1.0,1.0,1.0,0.0,0.0,1.0,1.0
CHEMBL1390139,CHEMBL1390139,O=[N+]([O-])c1cc(S(=O)(=O)C(F)(F)F)ccc1Sc1nc2ccccc2[nH]1,774.0,6.111259039317107,active,1,0.0,774.0,0.0,1.0,1.0,0.0,1.0,1.0,0.0,0.0,0.0
CHEMBL1321538,CHEMBL1321538,Cc1nn(-c2ccccc2)c(Cl)c1CN(C(=O)CCl)c1ccc(Cl)cc1,355.0,6.449771646944906,active,1,0.0,355.0,1.0,0.0,0.0,1.0,1.0,0.0,0.0,1.0,1.0
CHEMBL3192605,CHEMBL3192605,Oc1ccc(/C=N/c2ccc3ncccc3c2)c(O)c1,29000.0,4.537602002101044,inactive,0,1.0,29000.0,0.0,0.0,0.0,0.0,0.0,0.0,0.0,1.0,0.0
CHEMBL1501990,CHEMBL1501990,O=C(NC1(O)C(=O)c2ccccc2C1=O)c1ccccc1,16400.0,4.785156151952302,inactive,0,1.0,16400.0,0.0,0.0,0.0,0.0,0.0,0.0,0.0,1.0,1.0
CHEMBL1604350,CHEMBL1604350,Cc1ccc(CS(=O)(=O)c2ncc(Cl)c(C(=O)Nc3nnc(C(C)C)s3)n2)cc1,717.0,6.1444808443322,active,1,1.0,717.0,0.0,0.0,0.0,0.0,0.0,0.0,1.0,0.0,0.0
CHEMBL1532436,CHEMBL1532436,Cc1ccccc1OCC(=O)Nc1ccccc1N1CCCCC1,241800.0,3.616543703475247,inactive,0,0.0,241800.0,0.0,1.0,0.0,0.0,0.0,0.0,0.0,0.0,1.0
CHEMBL1343352,CHEMBL1343352,COc1ccc(-c2cc(CNC(=O)CCl)on2)cc1,17700.0,4.752026733638194,inactive,0,1.0,17700.0,0.0,0.0,0.0,1.0,0.0,0.0,0.0,1.0,1.0
CHEMBL1486359,CHEMBL1486359,COC1=C(c2ccccc2)C(=O)c2ccccc2C1=O,13300.0,4.876148359032914,inactive,0,1.0,13300.0,0.0,0.0,0.0,0.0,0.0,0.0,0.0,0.0,0.0
CHEMBL1489633,CHEMBL1489633,CCOC(=O)CC1=NN(c2ccccc2)C(=O)/C1=C\c1ccc(OC)cc1OC,104.0,6.982966660701219,active,1,1.0,104.0,1.0,0.0,0.0,0.0,0.0,0.0,0.0,0.0,1.0
CHEMBL1537099,CHEMBL1537099,CC1=NN(c2ccc(C)cc2C)C(=O)C1C(c1ccccc1)C1C(=O)N(c2ccc(C)cc2C)N=C1C,431.0,6.3655227298392685,active,1,1.0,431.0,1.0,0.0,0.0,0.0,0.0,0.0,0.0,1.0,1.0
CHEMBL1718805,CHEMBL1718805,COc1ccc(OC)c(NC(=O)Nc2ccc(O)c3ccccc23)c1,152.0,6.818156412055227,active,1,0.0,152.0,0.0,1.0,0.0,0.0,0.0,1.0,0.0,1.0,1.0
CHEMBL1432870,CHEMBL1432870,CC(C)(C)n1nnnc1C(c1cccs1)N(Cc1cccnc1)Cc1ccccc1Cl,59000.0,4.229147988357856,inactive,0,1.0,59000.0,0.0,0.0,0.0,0.0,0.0,0.0,0.0,0.0,0.0
CHEMBL1477756,CHEMBL1477756,COc1cc(-c2[nH]nc3c2C(c2ccco2)C(C#N)=C(N)O3)cc(OC)c1OC,531.0,6.274905478918531,active,1,1.0,531.0,1.0,0.0,1.0,1.0,0.0,0.0,1.0,1.0,0.0
CHEMBL1538212,CHEMBL1538212,Cc1cc(C)c(C#N)c(SCc2n[nH]c3c2C(c2ccc(F)cc2)C(C#N)=C(N)O3)n1,11200.0,4.950781977329818,inactive,0,1.0,11200.0,1.0,0.0,1.0,1.0,0.0,0.0,1.0,0.0,0.0
CHEMBL1456352,CHEMBL1456352,CSc1nc(=S)n(-c2ccc([N+](=O)[O-])cc2)c(C)c1C(C)=O,12100.0,4.91721462968355,inactive,0,0.0,12100.0,0.0,1.0,0.0,0.0,0.0,1.0,0.0,1.0,0.0
CHEMBL1347560,CHEMBL1347560,O=C(Oc1ccc(-n2cnnn2)cc1)c1ccco1,12700.0,4.896196279044043,inactive,0,0.0,12700.0,0.0,0.0,0.0,0.0,0.0,1.0,0.0,0.0,0.0
CHEMBL1502394,CHEMBL1502394,O=C1CCCC2=C1C1(O)C(=O)c3ccccc3C1(O)O2,11500.0,4.939302159646388,inactive,0,1.0,11500.0,0.0,0.0,0.0,0.0,0.0,0.0,1.0,1.0,0.0
CHEMBL1364004,CHEMBL1364004,COC(=O)CC1=NN(c2ccc(OC)cc2)C(=O)C1,13100.0,4.882728704344236,inactive,0,0.0,13100.0,1.0,0.0,0.0,0.0,0.0,0.0,0.0,0.0,1.0
CHEMBL1558809,CHEMBL1558809,Cc1ccc(N2C(=O)NC(=O)/C(=C/c3ccc(OC(=O)c4cccs4)cc3)C2=O)cc1,772.0,6.1123826996642645,active,1,1.0,772.0,0.0,1.0,0.0,0.0,0.0,1.0,1.0,0.0,1.0
CHEMBL1606382,CHEMBL1606382,COc1ccc(-c2nnc(Sc3nc4ccccc4o3)c3ccccc23)cc1,703.0,6.153044674980176,active,1,1.0,703.0,1.0,1.0,0.0,1.0,0.0,1.0,0.0,1.0,1.0
CHEMBL1556868,CHEMBL1556868,CCOC(=O)c1ccc(N2C(=O)c3[nH]nc(-c4ccco4)c3C2c2ccc([N+](=O)[O-])cc2)cc1,56200.0,4.250263684430939,inactive,0,1.0,56200.0,1.0,1.0,1.0,0.0,0.0,0.0,0.0,1.0,1.0
CHEMBL577764,CHEMBL577764,N#Cc1nc(N)nc(N(c2ccccc2)c2ccccc2)n1,66600.0,4.176525770829699,inactive,0,0.0,66600.0,0.0,1.0,0.0,0.0,0.0,1.0,0.0,0.0,0.0
CHEMBL1496555,CHEMBL1496555,Cc1ccccc1C(=O)NNC(=S)NC(=O)COc1ccccc1,17700.0,4.752026733638194,inactive,0,0.0,17700.0,0.0,1.0,0.0,0.0,0.0,0.0,0.0,1.0,0.0
CHEMBL1465938,CHEMBL1465938,COc1ccc(S(=O)(=O)Nc2cc(SCC(=O)O)c(O)c3ccccc23)cc1,234.0,6.630784142589857,active,1,0.0,234.0,0.0,0.0,0.0,0.0,1.0,0.0,0.0,1.0,0.0
CHEMBL1995112,CHEMBL1995112,CCOC(=O)c1c(C)oc2c1c(/C=N/CCO)c(O)c1ccccc12,618.0,6.209011524911184,active,1,1.0,618.0,0.0,1.0,0.0,0.0,0.0,0.0,1.0,1.0,1.0
CHEMBL1409091,CHEMBL1409091,Cc1cccc(C(=O)NC2C(=O)NNC2c2ccc(Cl)cc2)c1,18900.0,4.723538195826756,inactive,0,1.0,18900.0,1.0,0.0,0.0,0.0,0.0,0.0,0.0,1.0,1.0
CHEMBL1568691,CHEMBL1568691,Cc1n[nH]c(O)c1C(c1ccc(O)c(Br)c1)c1c(C)n[nH]c1O,232.0,6.634512015109101,active,1,1.0,232.0,1.0,0.0,1.0,0.0,1.0,0.0,0.0,1.0,0.0
CHEMBL1559156,CHEMBL1559156,O=C1C(Br)=Cc2cccc3cccc1c23,581.0,6.235823867609669,active,1,1.0,581.0,0.0,0.0,0.0,0.0,0.0,0.0,0.0,1.0,0.0
CHEMBL1982305,CHEMBL1982305,Cc1ccc(S(=O)(=O)/N=C2\C=C(Nc3cccc(C(=O)O)c3)C(=O)c3ccccc32)cc1,266.0,6.575118363368933,active,1,1.0,266.0,0.0,0.0,1.0,0.0,1.0,0.0,0.0,0.0,1.0
CHEMBL1423919,CHEMBL1423919,COc1ccc(N2C(=O)CSC23C(=O)N2c4c(cccc43)C(C)=CC2(C)C)cc1,35600.0,4.448550002027125,inactive,0,1.0,35600.0,0.0,0.0,0.0,0.0,0.0,0.0,1.0,1.0,1.0
CHEMBL1330951,CHEMBL1330951,COc1c(O)ccc2c1CN1CCc3cc4c(cc3C1C2)OCO4,14000.0,4.853871964321762,inactive,0,1.0,14000.0,0.0,0.0,1.0,0.0,0.0,0.0,1.0,1.0,1.0
CHEMBL1477488,CHEMBL1477488,CCCCC(=O)NC(c1cccc([N+](=O)[O-])c1)c1c(OC(C)=O)ccc2ccccc12,25400.0,4.5951662833800615,inactive,0,1.0,25400.0,0.0,0.0,0.0,0.0,0.0,0.0,0.0,1.0,1.0
CHEMBL1995641,CHEMBL1995641,O=C(N/N=C/c1coc2ccc(Cl)cc2c1=O)c1ccc(O)cc1,16100.0,4.79317412396815,inactive,0,0.0,16100.0,1.0,0.0,0.0,0.0,0.0,0.0,0.0,0.0,0.0
CHEMBL1337592,CHEMBL1337592,COc1ccc(C(C(=O)NC2CCCCC2)N(C(=O)CCl)c2cccc(Cl)c2)cc1,202.0,6.694648630553376,active,1,1.0,202.0,0.0,0.0,0.0,1.0,0.0,0.0,0.0,1.0,1.0
CHEMBL1992432,CHEMBL1992432,O=C(CCl)c1c[nH]c(/C=N/Nc2ccc(F)cc2)c1,191.0,6.718966632752272,active,1,1.0,191.0,1.0,0.0,1.0,0.0,0.0,0.0,0.0,0.0,0.0
CHEMBL1371896,CHEMBL1371896,COc1ccc(Nc2nc(N3CCCCC3)nc3ccccc23)c(OC)c1,114000.0,3.9430951486635273,inactive,0,1.0,114000.0,0.0,1.0,0.0,0.0,0.0,1.0,0.0,1.0,0.0
CHEMBL600734,CHEMBL600734,CC(=O)N(Cc1ccc(F)cc1)C1=C(NCc2ccccc2)C(=O)c2ccccc2C1=O,776.0,6.110138278741811,active,1,1.0,776.0,0.0,0.0,0.0,0.0,0.0,0.0,1.0,1.0,1.0
CHEMBL1331573,CHEMBL1331573,CCOC(=O)C(C(=O)OCC)c1cc(Br)c2noc3c2c1C(=O)c1ccccc1-3,393.0,6.405607449624574,active,1,1.0,393.0,1.0,0.0,0.0,0.0,0.0,0.0,0.0,1.0,0.0
CHEMBL1483112,CHEMBL1483112,CCCSc1nnc(Sc2nnnn2-c2ccccc2)s1,14500.0,4.838631997765025,inactive,0,0.0,14500.0,0.0,0.0,0.0,0.0,0.0,1.0,0.0,1.0,0.0
CHEMBL1428758,CHEMBL1428758,O=c1c(Cl)c(Cl)cnn1Cc1ccc(F)cc1,11300.0,4.94692155651658,inactive,0,0.0,11300.0,1.0,0.0,0.0,1.0,0.0,0.0,1.0,0.0,1.0
CHEMBL1643542,CHEMBL1643542,Cn1[nH]c(CSc2ccc(Cl)cc2)cc1=O,10000.0,5.0,inactive,0,0.0,10000.0,1.0,0.0,0.0,0.0,1.0,0.0,0.0,0.0,0.0
CHEMBL1492926,CHEMBL1492926,CC1=NN(c2ccc(Cl)c(C(=O)O)c2)C(=O)/C1=C\c1ccc(-c2ccc(C(=O)O)cc2)o1,400.0,6.3979400086720375,active,1,1.0,400.0,1.0,0.0,0.0,0.0,0.0,0.0,0.0,1.0,1.0
CHEMBL1307306,CHEMBL1307306,NC(=O)[C@H](Cc1cc2ccccc2s1)NC(=O)[C@@H]1CC2(CC(c3cccc(NC(=O)[C@@H]4CCC(=O)N4)c3)=NO2)CN1C(=O)/C=C/c1c(F)cccc1Cl,168000.0,3.7746907182741367,inactive,0,1.0,168000.0,0.0,0.0,0.0,0.0,0.0,0.0,0.0,1.0,1.0
CHEMBL1352082,CHEMBL1352082,CCCc1n[nH]c2c1C(c1ccncc1)C(C#N)=C(N)O2,17600.0,4.7544873321858505,inactive,0,1.0,17600.0,1.0,0.0,1.0,1.0,0.0,0.0,1.0,1.0,0.0
CHEMBL1372574,CHEMBL1372574,Cc1ccc(S(=O)(=O)Nc2c(O)ccc3ccccc23)cc1,939.0,6.027334407733889,active,1,0.0,939.0,0.0,1.0,0.0,0.0,1.0,0.0,0.0,1.0,0.0
CHEMBL478754,CHEMBL478754,COc1cc2c(cc1OC)-c1c3c(cc4c1[C@@H](C2)N(C)CC4)OCO3,952.0,6.021363051615525,active,1,1.0,952.0,0.0,0.0,0.0,0.0,0.0,0.0,0.0,1.0,1.0
CHEMBL1314125,CHEMBL1314125,O=C(CCl)N1c2ccccc2CCc2ccccc21,450.0,6.346787486224656,active,1,1.0,450.0,0.0,0.0,0.0,1.0,0.0,0.0,0.0,0.0,1.0
CHEMBL1600684,CHEMBL1600684,CCc1ccc(S(=O)(=O)Nc2ccc(O)c3ccccc23)cc1,48.2,7.31695296176115,active,1,1.0,48.2,0.0,0.0,0.0,0.0,1.0,0.0,0.0,1.0,0.0
CHEMBL584626,CHEMBL584626,CCCCNC1=CC(=O)C(=O)c2ccccc21,669.0,6.174573882232177,active,1,1.0,669.0,0.0,0.0,0.0,0.0,0.0,0.0,1.0,0.0,1.0
CHEMBL3145109,CHEMBL3145109,Cc1[nH]n(-c2ccccc2)c(=O)c1C(c1cccc([N+](=O)[O-])c1)c1c(C)[nH]n(-c2ccccc2)c1=O,805.0,6.094204119632131,active,1,1.0,805.0,1.0,0.0,1.0,0.0,0.0,0.0,0.0,0.0,1.0
CHEMBL1378851,CHEMBL1378851,Cn1nnnc1Sc1ncnc2scc(-c3ccc(F)cc3)c12,11200.0,4.950781977329818,inactive,0,1.0,11200.0,0.0,1.0,1.0,0.0,0.0,1.0,0.0,1.0,1.0
CHEMBL1522275,CHEMBL1522275,CC(C)C[C@H](N)c1nnc(S(=O)(=O)Cc2ccc(F)cc2)o1.Cl,25700.0,4.590066876668706,inactive,0,1.0,25700.0,0.0,1.0,0.0,1.0,0.0,1.0,0.0,0.0,0.0
CHEMBL3192535,CHEMBL3192535,COc1ccc(C(=O)N/N=C\c2coc3ccc(Cl)cc3c2=O)cc1,19800.0,4.703334809738469,inactive,0,0.0,19800.0,1.0,0.0,0.0,0.0,0.0,0.0,0.0,0.0,0.0
CHEMBL1332768,CHEMBL1332768,CC(=O)c1ccc(OC(=O)c2cccs2)cc1,12200.0,4.913640169325252,inactive,0,1.0,12200.0,0.0,0.0,0.0,0.0,0.0,0.0,0.0,0.0,0.0
CHEMBL1987894,CHEMBL1987894,CCc1ccc(S(=O)(=O)/N=C2\C=C(Nc3ccc(O)cc3)C(=O)c3ccccc32)cc1,306.0,6.514278573518419,active,1,1.0,306.0,0.0,0.0,1.0,0.0,1.0,0.0,0.0,0.0,1.0
CHEMBL1410350,CHEMBL1410350,COc1cc(NCCCCCCCN)c2ncccc2c1.O=C(O)CCC(=O)O,401.0,6.396855627379818,active,1,1.0,401.0,0.0,0.0,0.0,0.0,0.0,0.0,0.0,1.0,1.0
CHEMBL1392911,CHEMBL1392911,COc1ccc(NC(S)=Nc2ccc3nsnc3c2)cc1,17500.0,4.756961951313706,inactive,0,0.0,17500.0,0.0,1.0,0.0,0.0,0.0,1.0,0.0,0.0,0.0
CHEMBL1337235,CHEMBL1337235,CS(=O)(=O)c1ncc(Cl)c(C(=O)Nc2ccc(N3CCOCC3)cc2)n1,12800.0,4.892790030352131,inactive,0,0.0,12800.0,0.0,1.0,0.0,0.0,0.0,0.0,0.0,0.0,1.0
CHEMBL1364384,CHEMBL1364384,COc1ccc(OC)c(N2C(=O)C(Cl)=C(N3CCOCC3)C2=O)c1,26300.0,4.580044251510242,inactive,0,0.0,26300.0,0.0,1.0,0.0,1.0,0.0,0.0,0.0,0.0,1.0
CHEMBL2006840,CHEMBL2006840,COc1cccc(/C=N/Nc2cc(C)nc(-c3ccccc3O)n2)c1O,356700.0,3.4476968906616463,inactive,0,1.0,356700.0,1.0,0.0,0.0,0.0,0.0,1.0,0.0,1.0,0.0
CHEMBL1503656,CHEMBL1503656,CSc1ccc(C(c2c(C)n[nH]c2O)c2c(C)n[nH]c2O)cc1,241.0,6.617982957425132,active,1,1.0,241.0,1.0,0.0,1.0,0.0,1.0,0.0,0.0,1.0,0.0
CHEMBL1501843,CHEMBL1501843,O=C(CCl)Oc1ccc2occ(C(=O)c3cccs3)c2c1,19300.0,4.714442690992226,inactive,0,1.0,19300.0,0.0,0.0,0.0,0.0,0.0,0.0,0.0,1.0,0.0
CHEMBL1409740,CHEMBL1409740,CCc1ccc(N2C(=O)C(Cl)=C(N3CCOCC3)C2=O)cc1,340.0,6.468521082957745,active,1,1.0,340.0,0.0,1.0,0.0,1.0,0.0,0.0,0.0,0.0,1.0
CHEMBL601757,CHEMBL601757,Cc1nc2c(=O)n(C)c(=O)nc-2n(C)n1,20.9,7.679853713888946,active,1,0.0,20.9,1.0,0.0,1.0,0.0,0.0,0.0,0.0,0.0,0.0
CHEMBL1351542,CHEMBL1351542,CN1CCN(C(c2ccc(C(F)(F)F)cc2)c2cc(Cl)c3cccnc3c2O)CC1,932.0,6.030584087646019,active,1,1.0,932.0,0.0,1.0,0.0,0.0,0.0,0.0,0.0,1.0,0.0
CHEMBL1445372,CHEMBL1445372,O=c1c(Cl)nc2cc(Cl)ccc2n1CCNc1ncc(C(F)(F)F)cc1Cl,951.0,6.021819483062586,active,1,0.0,951.0,0.0,0.0,0.0,1.0,1.0,0.0,1.0,1.0,1.0
CHEMBL1432348,CHEMBL1432348,O=C(CSC1=NCCS1)Nc1ccc(S(=O)(=O)N2CCCCCC2)cc1,10100.0,4.995678626217358,inactive,0,0.0,10100.0,0.0,0.0,0.0,0.0,1.0,0.0,0.0,0.0,1.0
CHEMBL3196831,CHEMBL3196831,O=C(Cc1cc(O)n[nH]1)N/N=C/c1cccc2ccccc12,694.0,6.158640529545146,active,1,1.0,694.0,1.0,0.0,1.0,0.0,1.0,0.0,0.0,1.0,0.0
CHEMBL1429966,CHEMBL1429966,CN(C)C(=O)c1ccc2c(c1[N+](=O)[O-])C(=O)c1ccccc1C2=O,558.0,6.253365801062421,active,1,1.0,558.0,0.0,0.0,0.0,0.0,0.0,0.0,0.0,0.0,0.0
CHEMBL1478578,CHEMBL1478578,O=C(Nc1ccccc1)NN(C(=O)CCl)c1ccccc1,861.0,6.064996848546345,active,1,0.0,861.0,0.0,0.0,0.0,1.0,1.0,1.0,0.0,0.0,1.0
CHEMBL1444373,CHEMBL1444373,CC(C)CS(=O)(=O)C1=NN2C(=N)/C(=C\c3ccc(OC(=O)c4ccco4)cc3)C(=O)N=C2S1,14400.0,4.841637507904751,inactive,0,1.0,14400.0,0.0,1.0,0.0,0.0,1.0,1.0,0.0,1.0,0.0
CHEMBL1572967,CHEMBL1572967,O=C(OCn1ncc(Cl)c(Cl)c1=O)c1ccc(F)cc1,938.0,6.027797161620935,active,1,0.0,938.0,1.0,0.0,0.0,1.0,1.0,0.0,1.0,0.0,0.0
CHEMBL1469091,CHEMBL1469091,CC1OC(Nc2cccc3ccccc23)C(O)C(O)C1O,75100.0,4.124360062995832,inactive,0,0.0,75100.0,0.0,1.0,0.0,1.0,0.0,1.0,1.0,1.0,1.0
CHEMBL1464853,CHEMBL1464853,O=C1C(Cl)=C(N2CCCCC2)C(=O)C(Cl)=C1c1cnc(N2CCCCC2)s1,766.0,6.115771230367396,active,1,0.0,766.0,0.0,1.0,0.0,1.0,0.0,1.0,0.0,0.0,0.0
CHEMBL1325970,CHEMBL1325970,COc1nc(NC(C)C)nc(N(C#N)CN2C(=O)c3ccccc3S2(=O)=O)n1,26400.0,4.578396073130169,inactive,0,1.0,26400.0,0.0,1.0,0.0,0.0,1.0,1.0,0.0,0.0,0.0
CHEMBL1467136,CHEMBL1467136,O=C(/C=C/c1ccccc1)c1ccc2c3c(cccc13)CC2,11400.0,4.943095148663527,inactive,0,1.0,11400.0,0.0,0.0,0.0,0.0,0.0,0.0,0.0,1.0,0.0
CHEMBL1495539,CHEMBL1495539,O=C1c2ccccc2-c2onc3ccc(N4CCCC4)c1c23,606.0,6.217527375833714,active,1,1.0,606.0,1.0,0.0,0.0,0.0,0.0,0.0,0.0,1.0,1.0
CHEMBL1544793,CHEMBL1544793,O=C(CCl)N(c1ccccc1)c1c[nH]c2ccccc12,361.0,6.442492798094342,active,1,1.0,361.0,0.0,0.0,1.0,1.0,0.0,0.0,0.0,1.0,1.0
CHEMBL1539943,CHEMBL1539943,O=C(O)CSc1c2c(nc3cc(C(=O)Nc4cccc(C(F)(F)F)c4)ccc13)CCCC2,13000.0,4.886056647693163,inactive,0,1.0,13000.0,0.0,0.0,1.0,0.0,0.0,0.0,0.0,1.0,1.0
CHEMBL1345835,CHEMBL1345835,O=C(NC1CCCC1)C(c1ccc(F)cc1)N(Cc1ccccc1Cl)C(=O)CCl,215.0,6.667561540084394,active,1,1.0,215.0,0.0,0.0,0.0,1.0,0.0,0.0,0.0,1.0,1.0
CHEMBL1389371,CHEMBL1389371,CCCCNC(=O)c1c(N)n(Cc2ccc3c(c2)OCO3)c2nc3ccccc3nc12,56300.0,4.249491605148654,inactive,0,0.0,56300.0,0.0,1.0,0.0,0.0,0.0,1.0,0.0,0.0,1.0
CHEMBL1324416,CHEMBL1324416,CC(=O)Oc1ccc2c(=O)oc(-c3ccccc3C)nc2c1,37800.0,4.422508200162775,inactive,0,1.0,37800.0,0.0,0.0,0.0,1.0,0.0,1.0,0.0,0.0,1.0
CHEMBL1410631,CHEMBL1410631,Cc1ccc(C)c(N/C([S-])=C(/C(=O)c2ccc(OC(F)F)cc2)[n+]2ccccc2)c1,11500.0,4.939302159646388,inactive,0,1.0,11500.0,0.0,0.0,0.0,0.0,0.0,0.0,0.0,0.0,0.0
CHEMBL579318,CHEMBL579318,Cc1oc2c(c1C(=O)NCc1cccnc1)C(=O)c1ccccc1C2=O,63.9,7.1944991418416,active,1,1.0,63.9,0.0,0.0,1.0,0.0,0.0,0.0,0.0,1.0,0.0
CHEMBL3192555,CHEMBL3192555,Cc1ccc(NC2=C/C(=N\S(=O)(=O)c3cccs3)c3ccccc3C2=O)c(C)c1,185.0,6.732828271596986,active,1,1.0,185.0,0.0,0.0,1.0,1.0,1.0,0.0,0.0,0.0,0.0
CHEMBL1499220,CHEMBL1499220,C=CCn1c(N)c(C(=O)Nc2cccc(C)c2)c2nc3ccccc3nc21,13300.0,4.876148359032914,inactive,0,0.0,13300.0,0.0,1.0,0.0,0.0,0.0,1.0,0.0,0.0,1.0
CHEMBL1432707,CHEMBL1432707,COC(=O)c1cc(C)nc2c1C(=O)C(=O)C=C2N1CCOCC1,199.0,6.701146923590294,active,1,1.0,199.0,0.0,1.0,0.0,0.0,0.0,0.0,1.0,1.0,1.0
CHEMBL1403148,CHEMBL1403148,COc1ccc(N(C(=O)CCl)C(C(=O)NC2CCCCC2)c2cccnc2)cc1,619.0,6.2083093509798815,active,1,1.0,619.0,0.0,0.0,0.0,1.0,0.0,0.0,0.0,1.0,1.0
CHEMBL1516834,CHEMBL1516834,Cc1ccccc1Nc1cc2ccccc2c(O)n1,616.0,6.210419287835574,active,1,1.0,616.0,0.0,1.0,0.0,0.0,0.0,1.0,0.0,1.0,1.0
CHEMBL3187596,CHEMBL3187596,O=C(/C=C/c1ccc(O)cc1)c1ccc(/N=C2\C(=O)c3ccccc3C(O)=C2N2CCCCC2)cc1,707.0,6.1505805862031,active,1,1.0,707.0,0.0,0.0,0.0,0.0,0.0,0.0,0.0,1.0,0.0
CHEMBL1395600,CHEMBL1395600,CC(=O)c1ccc(-c2cccc(-c3nc4ccccn4c3NC3CCCCC3)c2)cc1.O=C(O)C(F)(F)F,178.0,6.7495799976911055,active,1,1.0,178.0,0.0,1.0,0.0,0.0,0.0,1.0,0.0,1.0,0.0
CHEMBL1542809,CHEMBL1542809,Cc1oc2c(c1C(=O)N1CCOCC1)C(=O)c1ccccc1C2=O,506.0,6.2958494831602,active,1,1.0,506.0,0.0,1.0,1.0,0.0,0.0,0.0,0.0,0.0,1.0
CHEMBL1410897,CHEMBL1410897,CC(C)c1nnc(NC(=O)CCS(=O)(=O)c2nc(-c3cccs3)cc(C(F)(F)F)n2)s1,30400.0,4.517126416391246,inactive,0,1.0,30400.0,1.0,1.0,0.0,0.0,1.0,1.0,1.0,1.0,0.0
CHEMBL1551808,CHEMBL1551808,O=C(O)CCCN1C(=O)/C(=C\C(Cl)=C\c2ccccc2)SC1=S,16300.0,4.787812395596042,inactive,0,0.0,16300.0,0.0,0.0,0.0,0.0,0.0,0.0,1.0,0.0,0.0
CHEMBL1350085,CHEMBL1350085,CC1=NN(c2ccc(C)cc2C)C(=O)C1C(c1cccc(O)c1)C1C(=O)N(c2ccc(C)cc2C)N=C1C,524.0,6.280668713016274,active,1,1.0,524.0,1.0,0.0,0.0,0.0,0.0,0.0,0.0,1.0,1.0
CHEMBL1375045,CHEMBL1375045,CCCCCCCCCCCCCCCC[N+](C)(C)CC.[Br-],13200.0,4.87942606879415,inactive,0,0.0,13200.0,0.0,0.0,0.0,0.0,0.0,0.0,0.0,0.0,0.0
CHEMBL1364176,CHEMBL1364176,COc1ccc(-c2cc(O)[nH]n2)cc1,444.0,6.35261702988538,active,1,1.0,444.0,1.0,0.0,1.0,0.0,1.0,0.0,0.0,1.0,0.0
CHEMBL1510647,CHEMBL1510647,COc1ccc(C(=O)/C=C/Sc2nc3ccccc3o2)cc1,54400.0,4.2644011003018205,inactive,0,1.0,54400.0,0.0,1.0,0.0,1.0,0.0,1.0,1.0,1.0,1.0
CHEMBL1476225,CHEMBL1476225,Fc1ccc(-[n+]2nc(Nc3ccccc3)sc2-c2c3ccccc3cc3ccccc23)cc1.[Cl-],10600.0,4.97469413473523,inactive,0,0.0,10600.0,0.0,0.0,0.0,0.0,0.0,1.0,0.0,1.0,0.0
CHEMBL1486332,CHEMBL1486332,O=C(NC1CCCCC1)C(c1cccnc1)N(C(=O)CCl)c1ccc(F)cc1,816.0,6.088309841246138,active,1,1.0,816.0,0.0,0.0,0.0,1.0,0.0,0.0,0.0,1.0,1.0
CHEMBL3195749,CHEMBL3195749,COC(=O)c1ccccc1NC1=C/C(=N\S(=O)(=O)c2cccs2)c2ccccc2C1=O,20.8,7.681936665037238,active,1,1.0,20.8,0.0,0.0,1.0,1.0,1.0,0.0,0.0,0.0,0.0
CHEMBL1348529,CHEMBL1348529,COCCOC(=O)C1=C(C)N=C2SCCC(=O)N2C1c1ccc(OC(=O)c2ccco2)cc1,14000.0,4.853871964321762,inactive,0,1.0,14000.0,0.0,1.0,0.0,0.0,0.0,1.0,0.0,1.0,1.0
CHEMBL1439983,CHEMBL1439983,CN1CCc2nc(SC(C(=O)O)c3ccccc3)c(C#N)c(-c3cccs3)c2C1,12300.0,4.910094888560602,inactive,0,1.0,12300.0,0.0,0.0,0.0,0.0,0.0,0.0,0.0,1.0,0.0
CHEMBL1537132,CHEMBL1537132,CCCC1C(C#N)=C(N)Oc2[nH]nc(C(C)(C)C)c21,504.0,6.297569463554474,active,1,1.0,504.0,1.0,0.0,1.0,1.0,0.0,0.0,0.0,0.0,0.0
CHEMBL1568897,CHEMBL1568897,Cc1cccc(CS(=O)(=O)c2ncc(Cl)c(C(=O)Nc3nnc(C(C)C)s3)n2)c1,312.0,6.505845405981557,active,1,1.0,312.0,0.0,0.0,0.0,0.0,0.0,0.0,1.0,0.0,0.0
CHEMBL1563903,CHEMBL1563903,Cc1n[nH]c(O)c1C(c1ccc2c(c1)OCO2)c1c(C)n[nH]c1O,189.0,6.723538195826755,active,1,1.0,189.0,1.0,0.0,1.0,0.0,1.0,0.0,0.0,1.0,0.0
CHEMBL1463564,CHEMBL1463564,Cc1cc(C(=O)c2ccc(Cl)cc2)c(NC(=O)CCl)s1,481.0,6.317854923626168,active,1,1.0,481.0,0.0,0.0,0.0,1.0,0.0,0.0,0.0,0.0,1.0
CHEMBL1362714,CHEMBL1362714,CC1(C)Nc2ccc(O)cc2-c2c1ssc2=S,998.0,6.000869458712629,active,1,1.0,998.0,0.0,0.0,0.0,0.0,0.0,0.0,0.0,0.0,1.0
CHEMBL1567159,CHEMBL1567159,CN(CCO)c1cc(Sc2nc3ccccc3s2)c2nonc2c1[N+](=O)[O-],490.0,6.309803919971486,active,1,1.0,490.0,0.0,1.0,0.0,0.0,0.0,0.0,0.0,0.0,0.0
CHEMBL1469208,CHEMBL1469208,CC1(C)CC2=Nc3nn(-c4ccccc4)c(O)c3C(c3ccc4c(c3)OCO4)C2=C(O)C1,24000.0,4.619788758288394,inactive,0,1.0,24000.0,1.0,0.0,1.0,0.0,1.0,1.0,0.0,1.0,1.0
CHEMBL1507162,CHEMBL1507162,COc1ccc(S(=O)(=O)Nc2ccc(O)c3ccccc23)cc1,47.8,7.320572103387882,active,1,0.0,47.8,0.0,0.0,0.0,0.0,1.0,0.0,0.0,1.0,0.0
CHEMBL1308404,CHEMBL1308404,O=[N+]([O-])c1c(Nc2ccc(O)cc2)cc(Cl)c2nonc12,926.0,6.033389013318065,active,1,0.0,926.0,0.0,0.0,0.0,0.0,0.0,0.0,0.0,0.0,1.0
CHEMBL1362565,CHEMBL1362565,O=C(NC1CCCC1)C(c1ccc(F)cc1)N(Cc1ccc(Cl)cc1)C(=O)CCl,965.0,6.015472686656207,active,1,1.0,965.0,0.0,0.0,0.0,1.0,0.0,0.0,0.0,1.0,1.0
CHEMBL1417901,CHEMBL1417901,C=C(C)C(=O)NC1=NN(c2ccccc2)C(=O)C1,37000.0,4.431798275933005,inactive,0,0.0,37000.0,1.0,0.0,0.0,0.0,0.0,0.0,1.0,0.0,1.0
CHEMBL3208288,CHEMBL3208288,COC(=O)N/N=C\c1ccc(OC(=O)c2ccco2)cc1,16700.0,4.777283528852417,inactive,0,1.0,16700.0,0.0,0.0,0.0,0.0,0.0,0.0,1.0,0.0,0.0
CHEMBL1256974,CHEMBL1256974,Cc1ccc(S(=O)(=O)N[C@@H](CCCCN)C(=O)CCl)cc1.Cl,12600.0,4.8996294548824375,inactive,0,0.0,12600.0,0.0,0.0,0.0,0.0,1.0,0.0,0.0,0.0,0.0
CHEMBL1556273,CHEMBL1556273,Cc1cc(C)cc(CC(Cc2nc3ccccc3[nH]2)c2nc3ccccc3[nH]2)c1,83000.0,4.080921907623926,inactive,0,1.0,83000.0,0.0,1.0,1.0,0.0,0.0,1.0,0.0,0.0,0.0
CHEMBL1576520,CHEMBL1576520,COc1ccc(NC(=O)c2cccc(N3C(=O)C4C5C=CC(C5)C4C3=O)c2)cc1Cl,18500.0,4.732828271596986,inactive,0,0.0,18500.0,0.0,0.0,0.0,0.0,0.0,0.0,1.0,0.0,1.0
CHEMBL1510156,CHEMBL1510156,CC(NC(=O)Cn1ncc(Cl)c(Cl)c1=O)C12CC3CC(CC(C3)C1)C2,47.0,7.327902142064282,active,1,0.0,47.0,1.0,0.0,0.0,1.0,0.0,0.0,1.0,1.0,1.0
CHEMBL1365552,CHEMBL1365552,Cn1c2ccccc2c2cc(C(=O)NNC(=O)CCl)sc21,15700.0,4.804100347590766,inactive,0,1.0,15700.0,1.0,0.0,0.0,0.0,1.0,0.0,0.0,1.0,0.0
CHEMBL1569820,CHEMBL1569820,CCOc1cc(/C=C2/C(=N)N3OC(C)=CC3=NC2=O)ccc1O,26900.0,4.570247719997592,inactive,0,0.0,26900.0,0.0,1.0,0.0,1.0,0.0,1.0,1.0,0.0,0.0
CHEMBL1329597,CHEMBL1329597,CCN(CC)CCN1C(=O)c2cccc3cc(N)cc(c23)C1=O,209.0,6.679853713888946,active,1,0.0,209.0,0.0,0.0,0.0,0.0,0.0,0.0,0.0,1.0,1.0
CHEMBL1440300,CHEMBL1440300,O=C(Nc1ccccc1Cl)/C(Cl)=C(\Cl)[S+]([O-])c1ccccc1,935.0,6.029188389127482,active,1,0.0,935.0,0.0,0.0,0.0,1.0,1.0,0.0,0.0,0.0,1.0
CHEMBL1548411,CHEMBL1548411,COc1ccccc1N1CCN(CC(=O)c2c(C)[nH]c3cc(C)ccc23)CC1,94200.0,4.025949097207123,inactive,0,1.0,94200.0,0.0,1.0,1.0,0.0,0.0,0.0,0.0,1.0,1.0
CHEMBL1430331,CHEMBL1430331,CC1=NNC(=O)C1C(c1cccc(O)c1)C(C#N)C#N,12700.0,4.896196279044043,inactive,0,1.0,12700.0,1.0,0.0,0.0,0.0,0.0,0.0,0.0,1.0,0.0
CHEMBL1498136,CHEMBL1498136,O=[N+]([O-])c1ccc(Oc2cccc(F)c2)c2ccncc12,956.0,6.0195421077239,active,1,1.0,956.0,0.0,0.0,0.0,0.0,0.0,0.0,0.0,1.0,1.0
CHEMBL1597039,CHEMBL1597039,Cc1ccc(C)c(Sc2ccc(NC(=O)CCl)cc2)c1,602.0,6.220403508742176,active,1,0.0,602.0,0.0,0.0,0.0,1.0,0.0,0.0,0.0,0.0,1.0
CHEMBL1300391,CHEMBL1300391,COc1ccc(Br)cc1[C@H]1[C@H]2C=CC[C@@H](C)[C@@H]2C(=O)N1Cc1ccccc1,162800.0,3.788345599446817,inactive,0,1.0,162800.0,0.0,0.0,0.0,0.0,0.0,0.0,1.0,1.0,1.0
CHEMBL1542804,CHEMBL1542804,O=[N+]([O-])c1cc(S(=O)(=O)C(F)(F)F)ccc1Sc1nc2ccccc2s1,249.0,6.603800652904264,active,1,1.0,249.0,0.0,0.0,0.0,0.0,1.0,0.0,0.0,0.0,0.0
CHEMBL1310969,CHEMBL1310969,COc1ccc(NC(=O)Cn2ncc(Cl)c(Cl)c2=O)cc1S(=O)(=O)N1CCOCC1,10100.0,4.995678626217358,inactive,0,1.0,10100.0,1.0,1.0,0.0,1.0,1.0,0.0,1.0,1.0,1.0
CHEMBL1507448,CHEMBL1507448,O=C(CCl)N1c2ccccc2OCC1c1ccccc1,606.0,6.217527375833714,active,1,1.0,606.0,0.0,1.0,1.0,1.0,0.0,0.0,0.0,1.0,1.0
CHEMBL1357976,CHEMBL1357976,O=C(CCCN1C(=O)S/C(=C\C=C\c2ccccc2)C1=O)Nc1ccc(C(=O)O)cc1,51200.0,4.29073003902417,inactive,0,0.0,51200.0,0.0,0.0,0.0,0.0,0.0,0.0,0.0,0.0,1.0
CHEMBL1338304,CHEMBL1338304,CCS(=O)(=O)c1ncc(Cl)c(C(=O)Nc2ccc(S(=O)(=O)N3CCC(C)CC3)cc2)n1,889.0,6.051098239029786,active,1,1.0,889.0,0.0,0.0,0.0,0.0,1.0,0.0,0.0,0.0,1.0
CHEMBL3193655,CHEMBL3193655,CC(/C=N/NC(=O)Cc1cc(O)[nH]n1)=C\c1ccccc1,935.0,6.029188389127482,active,1,1.0,935.0,1.0,0.0,1.0,0.0,1.0,0.0,0.0,1.0,0.0
CHEMBL1411089,CHEMBL1411089,Cc1cc(C)c(S(=O)(=O)ON2C(=O)c3ccccc3C2=O)cc1C,10200.0,4.991399828238082,inactive,0,0.0,10200.0,0.0,0.0,0.0,0.0,1.0,0.0,0.0,1.0,1.0
CHEMBL1455639,CHEMBL1455639,Cn1nc(C(C)(C)C)cc1C(=O)Sc1cccc(Br)c1,37100.0,4.430626090384954,inactive,0,1.0,37100.0,1.0,0.0,0.0,0.0,0.0,0.0,1.0,0.0,0.0
CHEMBL1584380,CHEMBL1584380,CC1=NNC(=O)C1C(c1ccccc1)C1C(=O)NN=C1C.O=C(O)C(=O)O,194.0,6.7121982700697735,active,1,1.0,194.0,1.0,0.0,0.0,0.0,0.0,0.0,0.0,1.0,0.0
CHEMBL3198175,CHEMBL3198175,CC1(CC(=O)N/N=C/c2ccc(OCc3ccc(Cl)cc3Cl)cc2)OCCCO1,11100.0,4.954677021213342,inactive,0,1.0,11100.0,1.0,0.0,0.0,0.0,0.0,0.0,1.0,1.0,0.0
CHEMBL1437741,CHEMBL1437741,Cn1cnc([N+](=O)[O-])c1Sc1nnc(-c2cccnc2)n1C,13300.0,4.876148359032914,inactive,0,0.0,13300.0,0.0,0.0,0.0,0.0,0.0,1.0,0.0,0.0,0.0
CHEMBL3145111,CHEMBL3145111,O=c1cc(-c2ccccc2)[nH]n1-c1ccc([N+](=O)[O-])cc1,11000.0,4.958607314841775,inactive,0,1.0,11000.0,1.0,0.0,1.0,0.0,0.0,0.0,0.0,0.0,1.0
CHEMBL1437516,CHEMBL1437516,CCCCCCCCCCOC[n+]1cn(Cc2ccccc2)c2ccccc21.[Cl-],13500.0,4.8696662315049934,inactive,0,0.0,13500.0,0.0,1.0,0.0,1.0,0.0,1.0,0.0,1.0,1.0
CHEMBL1332955,CHEMBL1332955,Cn1nc([N+](=O)[O-])nc1Sc1nnc(-c2ccccc2)o1,10900.0,4.962573502059376,inactive,0,1.0,10900.0,0.0,0.0,0.0,1.0,0.0,0.0,1.0,1.0,0.0
CHEMBL1452061,CHEMBL1452061,O=S(=O)([O-])Oc1c[nH]c2ccccc12.[K+],155.0,6.809668301829708,active,1,1.0,155.0,0.0,0.0,1.0,0.0,0.0,0.0,0.0,1.0,0.0
CHEMBL1580990,CHEMBL1580990,COc1ccc(-c2nnc(SC(=O)N3c4ccccc4Sc4ccccc43)o2)cc1,451.0,6.345823458122039,active,1,1.0,451.0,0.0,0.0,1.0,1.0,0.0,0.0,0.0,1.0,1.0
CHEMBL1607263,CHEMBL1607263,CCc1ccc(S(=O)(=O)Nc2cc(SCC(=O)O)c(O)c3ccccc23)cc1,217.0,6.66354026615147,active,1,1.0,217.0,0.0,0.0,0.0,0.0,1.0,0.0,0.0,1.0,0.0
CHEMBL1391921,CHEMBL1391921,Cc1ccc(CS(=O)(=O)c2ncc(Cl)c(C(=O)Nc3nnc(C)s3)n2)cc1,16000.0,4.795880017344075,inactive,0,1.0,16000.0,0.0,0.0,0.0,0.0,0.0,0.0,1.0,0.0,0.0
CHEMBL1494762,CHEMBL1494762,CCCOC(=O)c1ccc(OC(=O)c2ccco2)cc1,11800.0,4.928117992693875,inactive,0,0.0,11800.0,0.0,0.0,0.0,0.0,0.0,0.0,1.0,0.0,0.0
CHEMBL1455957,CHEMBL1455957,CCc1nc2c([nH]1)c1no[n+]([O-])c1c1no[n+]([O-])c21,337.0,6.4723700991286615,active,1,0.0,337.0,0.0,1.0,0.0,0.0,0.0,1.0,0.0,1.0,0.0
CHEMBL1313352,CHEMBL1313352,N#CC(C#N)=NNc1ccc(S(=O)(=O)N2CCCC2)cc1,23900.0,4.621602099051862,inactive,0,0.0,23900.0,1.0,0.0,0.0,0.0,1.0,0.0,0.0,0.0,0.0
CHEMBL1444702,CHEMBL1444702,CC1=NN(c2cccc(Cl)c2)C(=O)C1,54500.0,4.263603497723357,inactive,0,0.0,54500.0,1.0,0.0,0.0,0.0,0.0,0.0,0.0,0.0,1.0
CHEMBL1415002,CHEMBL1415002,C[C@@H]1CC=C[C@H]2[C@H]1C(=O)N(Cc1ccccc1)[C@H]2c1ccc(C(F)(F)F)cc1,87000.0,4.060480747381382,inactive,0,1.0,87000.0,0.0,0.0,0.0,0.0,0.0,0.0,1.0,1.0,1.0
CHEMBL1454269,CHEMBL1454269,CCOc1ccccc1CNc1ccc(O)cc1,14000.0,4.853871964321762,inactive,0,0.0,14000.0,0.0,0.0,0.0,0.0,0.0,0.0,0.0,0.0,0.0
CHEMBL1384702,CHEMBL1384702,COc1ccc(C(=O)c2c(C(F)(F)F)oc3c2C(=O)c2ccccc2C3=O)cc1,82.5,7.0835460514500745,active,1,1.0,82.5,0.0,0.0,1.0,0.0,0.0,0.0,0.0,0.0,0.0
CHEMBL1351159,CHEMBL1351159,O=C(CCl)Nc1c2c(nn1-c1ccccc1)CSC2,11400.0,4.943095148663527,inactive,0,0.0,11400.0,1.0,1.0,0.0,1.0,0.0,1.0,1.0,1.0,1.0
CHEMBL1469117,CHEMBL1469117,COc1cc(C(c2c(C)n[nH]c2O)c2c(C)n[nH]c2O)ccc1OS(=O)(=O)c1ccc(C)cc1,195.0,6.709965388637482,active,1,1.0,195.0,1.0,0.0,1.0,0.0,1.0,1.0,0.0,1.0,0.0
CHEMBL1472126,CHEMBL1472126,COc1ccc(N(C(=O)CCl)C(C(=O)NCCc2ccccc2)c2cccs2)cc1,327.0,6.485452247339714,active,1,1.0,327.0,0.0,0.0,0.0,1.0,0.0,0.0,0.0,1.0,1.0
CHEMBL1540795,CHEMBL1540795,CCc1nc(N2CCN(C(=O)CCl)CC2)c2c3c(sc2n1)CC(C)CC3,729.0,6.137272471682025,active,1,1.0,729.0,0.0,1.0,1.0,1.0,0.0,1.0,0.0,1.0,0.0
CHEMBL1454770,CHEMBL1454770,Cn1cnc([N+](=O)[O-])c1Oc1cccc2ccccc12,13200.0,4.87942606879415,inactive,0,0.0,13200.0,0.0,1.0,0.0,1.0,0.0,0.0,0.0,1.0,0.0
CHEMBL299853,CHEMBL299853,O=C1C=C(Nc2ccccc2)c2ccccc2C1=O,723.0,6.140861702705469,active,1,1.0,723.0,0.0,0.0,1.0,0.0,0.0,0.0,0.0,0.0,1.0
CHEMBL3145178,CHEMBL3145178,Cc1cc(=O)n(-c2ccc(O)cc2)[nH]1,774.0,6.111259039317107,active,1,0.0,774.0,1.0,0.0,0.0,0.0,1.0,0.0,0.0,0.0,1.0
CHEMBL1384670,CHEMBL1384670,COc1cc(C(c2c(C)n[nH]c2O)c2c(C)n[nH]c2O)cc([N+](=O)[O-])c1O,248.0,6.605548319173783,active,1,1.0,248.0,1.0,1.0,1.0,0.0,1.0,0.0,0.0,1.0,0.0
CHEMBL3190539,CHEMBL3190539,Cc1cc(C(=O)N/N=C/c2c(C)nn(-c3ccccc3)c2O)[nH]n1,27000.0,4.568636235841013,inactive,0,0.0,27000.0,1.0,0.0,1.0,0.0,1.0,0.0,0.0,1.0,1.0
CHEMBL1543839,CHEMBL1543839,O=C(OCn1ncc(Cl)c(Cl)c1=O)c1ccccc1Cl,669.0,6.174573882232177,active,1,0.0,669.0,1.0,0.0,0.0,1.0,1.0,0.0,1.0,0.0,0.0
CHEMBL1349637,CHEMBL1349637,COC(=O)COc1ccc(C(c2c(C)n[nH]c2O)c2c(C)n[nH]c2O)cc1,377.0,6.423658649794207,active,1,1.0,377.0,1.0,0.0,1.0,0.0,1.0,0.0,0.0,1.0,0.0
CHEMBL1430074,CHEMBL1430074,CCOC(=O)c1c(C)sc2c1N(C(=O)CCl)c1cc(Cl)ccc1S2,506.0,6.2958494831602,active,1,0.0,506.0,0.0,0.0,0.0,1.0,0.0,0.0,0.0,0.0,1.0
CHEMBL1341913,CHEMBL1341913,COc1ccc2ccc3c(c2c1)N=CC1(O3)N(C)c2ccccc2C1(C)C,36200.0,4.441291429466834,inactive,0,1.0,36200.0,0.0,1.0,1.0,1.0,0.0,1.0,0.0,1.0,1.0
CHEMBL1489430,CHEMBL1489430,CCCc1n[nH]c(O)c1C(c1cccc(Cl)c1)C(C#N)C#N,755.0,6.122053048370812,active,1,1.0,755.0,1.0,0.0,1.0,0.0,1.0,0.0,0.0,1.0,0.0
CHEMBL3214610,CHEMBL3214610,Cc1ccccc1/N=C1\C(Cl)=C(O)OC1OC(=O)c1ccco1,11400.0,4.943095148663527,inactive,0,0.0,11400.0,0.0,1.0,0.0,1.0,0.0,0.0,1.0,0.0,0.0
CHEMBL1451336,CHEMBL1451336,Cc1ccc(S(=O)(=O)Cc2cc(F)c([N+](=O)[O-])cc2[N+](=O)[O-])cc1,17200.0,4.764471553092451,inactive,0,0.0,17200.0,0.0,0.0,0.0,0.0,1.0,0.0,0.0,0.0,0.0
CHEMBL1471498,CHEMBL1471498,COc1cc(C(=O)c2nccc3cc(OC)c(OC)cc23)c([N+](=O)[O-])cc1OC,160.0,6.795880017344075,active,1,1.0,160.0,0.0,0.0,0.0,0.0,0.0,0.0,0.0,1.0,1.0
CHEMBL1413252,CHEMBL1413252,CN1C(=O)C2(C(C#N)=C(N)C(C#N)(C#N)C3=CCC(C(C)(C)C)CC32)c2ccccc21,29500.0,4.530177984021837,inactive,0,1.0,29500.0,0.0,0.0,0.0,0.0,0.0,0.0,1.0,1.0,1.0
CHEMBL3193349,CHEMBL3193349,O=[N+]([O-])c1cccc(/N=C/C2=C(O)c3ccccc3CC2)c1,10600.0,4.97469413473523,inactive,0,1.0,10600.0,0.0,0.0,1.0,0.0,0.0,0.0,0.0,0.0,0.0
CHEMBL1407401,CHEMBL1407401,CC(C)CC(=O)/C(=C\c1ccc(Cl)cc1Cl)n1cncn1,11200.0,4.950781977329818,inactive,0,1.0,11200.0,0.0,1.0,0.0,0.0,0.0,1.0,0.0,0.0,0.0
CHEMBL1365234,CHEMBL1365234,CCOc1cc(C(c2c(C)n[nH]c2O)c2c(C)n[nH]c2O)cc([N+](=O)[O-])c1O,219.0,6.6595558851598815,active,1,1.0,219.0,1.0,1.0,1.0,0.0,1.0,0.0,0.0,1.0,0.0
CHEMBL1529238,CHEMBL1529238,CCN(CC)C(=O)CSc1nnc2nnc3cc(Cl)ccc3n12,499.0,6.30189945437661,active,1,1.0,499.0,0.0,0.0,0.0,0.0,0.0,1.0,0.0,1.0,0.0
CHEMBL1345722,CHEMBL1345722,CCCc1nc(SCC(=O)N2CCc3ccccc3C2)c2ccccc2n1,14600.0,4.835647144215563,inactive,0,1.0,14600.0,0.0,1.0,0.0,0.0,0.0,1.0,0.0,1.0,1.0
CHEMBL1341835,CHEMBL1341835,O=C(O)/C=C\C(=O)Nc1ccc(Oc2ccc(Br)cc2)cc1,11000.0,4.958607314841775,inactive,0,0.0,11000.0,0.0,0.0,0.0,0.0,0.0,0.0,0.0,0.0,1.0
CHEMBL1595821,CHEMBL1595821,O=S(=O)(N[C@H]1C[C@@H](NS(=O)(=O)OCC(Cl)(Cl)Cl)C2CCCCC21)OCC(Cl)(Cl)Cl,50900.0,4.293282217663242,inactive,0,1.0,50900.0,0.0,0.0,1.0,0.0,0.0,0.0,0.0,1.0,0.0
CHEMBL1386277,CHEMBL1386277,CCOC(=O)CSc1n[nH]c(NC(=O)c2cccc(C(F)(F)F)c2)n1,12400.0,4.906578314837765,inactive,0,0.0,12400.0,0.0,1.0,0.0,0.0,0.0,1.0,1.0,0.0,0.0
CHEMBL1303953,CHEMBL1303953,O=C(CCl)Nc1ccc(-c2ccccc2)cc1,587.0,6.231361898752386,active,1,0.0,587.0,0.0,0.0,0.0,1.0,0.0,0.0,0.0,1.0,1.0
CHEMBL1381030,CHEMBL1381030,Oc1cc(-c2ccccc2)[nH]n1,517.0,6.286509456906058,active,1,1.0,517.0,1.0,0.0,1.0,0.0,1.0,0.0,0.0,1.0,0.0
CHEMBL1989179,CHEMBL1989179,N#C/C(=N\Nc1ccc(S(=O)(=O)N2CCc3ccccc32)cc1)C(N)=S,31700.0,4.498940737782249,inactive,0,1.0,31700.0,1.0,0.0,0.0,0.0,1.0,0.0,0.0,1.0,0.0
CHEMBL1486196,CHEMBL1486196,Cc1ccc(C(=O)n2cnc3ccccc32)cc1C,124100.0,3.90622821850127,inactive,0,0.0,124100.0,0.0,1.0,0.0,0.0,0.0,1.0,0.0,1.0,1.0
CHEMBL1562392,CHEMBL1562392,CC(C)CC1C(C#N)=C(N)Oc2[nH]nc(-c3cccs3)c21,58100.0,4.235823867609669,inactive,0,1.0,58100.0,1.0,0.0,1.0,1.0,0.0,0.0,0.0,1.0,0.0
CHEMBL1508839,CHEMBL1508839,COC(=O)c1cccc(-c2ccc(C(c3c(C)n[nH]c3O)c3c(C)n[nH]c3O)o2)c1,175.0,6.756961951313706,active,1,1.0,175.0,1.0,0.0,1.0,0.0,1.0,0.0,0.0,1.0,0.0
CHEMBL1417929,CHEMBL1417929,O=C(NC1=C(NC2CCS(=O)(=O)C2)C(=O)c2ccccc2C1=O)c1ccccc1,101.0,6.995678626217357,active,1,1.0,101.0,0.0,0.0,0.0,0.0,1.0,0.0,1.0,1.0,1.0
CHEMBL1375966,CHEMBL1375966,CC(=O)c1ccc(Sc2nnnn2-c2ccccc2)c([N+](=O)[O-])c1,14500.0,4.838631997765025,inactive,0,1.0,14500.0,0.0,0.0,0.0,0.0,0.0,1.0,0.0,0.0,0.0
CHEMBL1603293,CHEMBL1603293,O=C(O)COc1cccc(/C=C2/SC(=S)N(Cc3ccccc3)C2=O)c1,10100.0,4.995678626217358,inactive,0,0.0,10100.0,0.0,0.0,0.0,0.0,0.0,0.0,1.0,1.0,1.0
CHEMBL1418852,CHEMBL1418852,CCOc1cc(C(c2c(C)n[nH]c2O)c2c(C)n[nH]c2O)ccc1OC(=O)c1cccc([N+](=O)[O-])c1,205.0,6.688246138944246,active,1,1.0,205.0,1.0,0.0,1.0,0.0,1.0,0.0,0.0,1.0,0.0
CHEMBL1605235,CHEMBL1605235,O=[N+]([O-])c1cc([N+](=O)[O-])c2oc(-c3ccccc3)c(Br)c2c1O,110500.0,3.95663772197887,inactive,0,0.0,110500.0,0.0,1.0,0.0,0.0,0.0,0.0,0.0,1.0,0.0
CHEMBL3198685,CHEMBL3198685,CCOC(=O)N/N=C\c1ccc(OC(=O)c2ccco2)cc1,14500.0,4.838631997765025,inactive,0,1.0,14500.0,0.0,0.0,0.0,0.0,0.0,0.0,1.0,0.0,0.0
CHEMBL1600541,CHEMBL1600541,CS(=O)(=O)C1=NSC2=NC(=O)/C(=C\c3ccc(OC(=O)c4ccco4)cc3)C(=N)N21,16000.0,4.795880017344075,inactive,0,1.0,16000.0,0.0,1.0,0.0,0.0,1.0,1.0,0.0,0.0,0.0
CHEMBL1374511,CHEMBL1374511,CCOc1cc(CNc2ccc(O)cc2)ccc1OCc1ccc(Cl)cc1Cl,330600.0,3.480697150764572,inactive,0,1.0,330600.0,0.0,0.0,0.0,0.0,0.0,0.0,0.0,0.0,1.0
CHEMBL3194415,CHEMBL3194415,CC(=O)Nc1ccc(S(=O)(=O)NC2=C(N3CCN(c4ccc(F)cc4)CC3)C(=O)c3ccccc3C2=O)cc1,10400.0,4.982966660701219,inactive,0,1.0,10400.0,0.0,0.0,0.0,0.0,1.0,0.0,0.0,1.0,1.0
CHEMBL1974348,CHEMBL1974348,CCNC1=C(Cl)C(=O)c2ccccc2C1=O,20000.0,4.698970004336019,inactive,0,1.0,20000.0,0.0,0.0,0.0,1.0,0.0,0.0,1.0,0.0,0.0
CHEMBL1403980,CHEMBL1403980,COc1cc2c(cc1OC)C(c1cc(Br)ccc1F)N(C(=O)CCl)CC2,800.0,6.096910013008056,active,1,1.0,800.0,0.0,0.0,0.0,1.0,0.0,0.0,0.0,1.0,1.0
CHEMBL1389480,CHEMBL1389480,CCCCCCCN(C(=O)CCl)c1ccccc1C,893.0,6.049148541111453,active,1,0.0,893.0,0.0,0.0,0.0,1.0,0.0,0.0,0.0,0.0,1.0
CHEMBL1478145,CHEMBL1478145,CCN(Cc1ccccc1)S(=O)(=O)c1ccc(C(=O)N(CCCN(C)C)c2nc3cc(C)cc(C)c3s2)cc1.Cl,17700.0,4.752026733638194,inactive,0,0.0,17700.0,0.0,1.0,0.0,0.0,0.0,1.0,0.0,1.0,0.0
CHEMBL171632,CHEMBL171632,CC1(C)C=C2C(=NN(c3ccccc3)C(N)=C2C#N)CO1,297.0,6.527243550682788,active,1,0.0,297.0,1.0,1.0,0.0,0.0,0.0,1.0,0.0,1.0,0.0
CHEMBL1366838,CHEMBL1366838,COc1ccc(C2C(O)C(c3c[nH]c4ccccc34)=NN2C(=O)CCl)cc1,582.0,6.235077015350111,active,1,1.0,582.0,1.0,1.0,1.0,1.0,0.0,0.0,1.0,1.0,1.0
CHEMBL1597358,CHEMBL1597358,COc1ccc(-c2cc(O)[nH]n2)cc1OC,380.0,6.42021640338319,active,1,1.0,380.0,1.0,0.0,1.0,0.0,1.0,0.0,0.0,1.0,0.0
CHEMBL1334062,CHEMBL1334062,Cn1nc(-c2ccc(Cl)cc2)nc2c(=O)n(C)c(=O)nc1-2,30.5,7.515700160653214,active,1,1.0,30.5,1.0,0.0,1.0,0.0,0.0,0.0,0.0,1.0,0.0
CHEMBL1622566,CHEMBL1622566,Cc1n[nH]c(O)c1C(c1ccc(Br)cc1)c1c(C)n[nH]c1O,338.0,6.471083299722345,active,1,1.0,338.0,1.0,0.0,1.0,0.0,1.0,0.0,0.0,1.0,0.0
CHEMBL2003651,CHEMBL2003651,O=C(O)c1ccc(S(=O)(=O)/N=C2\C=C(Nc3ccccc3F)C(=O)c3ccccc32)cc1,66.3,7.178486471595226,active,1,1.0,66.3,0.0,0.0,1.0,0.0,1.0,0.0,0.0,0.0,0.0
CHEMBL1535665,CHEMBL1535665,CCOC(=O)C1CCN(S(=O)(=O)c2c(Cl)ccc3nonc23)CC1,14400.0,4.841637507904751,inactive,0,0.0,14400.0,0.0,0.0,0.0,0.0,1.0,0.0,0.0,0.0,1.0
CHEMBL1564294,CHEMBL1564294,CCOc1cccc(-c2cc(O)[nH]n2)c1,695.0,6.158015195409886,active,1,1.0,695.0,1.0,0.0,1.0,0.0,1.0,0.0,0.0,1.0,0.0
CHEMBL1449018,CHEMBL1449018,CC(C)Nc1ccc(Nc2ccccc2)cc1,76400.0,4.11690664142431,inactive,0,0.0,76400.0,0.0,0.0,0.0,0.0,0.0,0.0,0.0,0.0,0.0
CHEMBL1405221,CHEMBL1405221,CC(C)(C)NC(=O)C(c1cccs1)N(CC1CCCO1)C(=O)c1ccc(-c2ccccc2)[nH]1,168600.0,3.773142429711276,inactive,0,1.0,168600.0,0.0,1.0,1.0,0.0,0.0,0.0,1.0,1.0,0.0
CHEMBL1542693,CHEMBL1542693,CN(C1=C(NC(=O)c2ccccc2)C(=O)c2ccccc2C1=O)C1CCS(=O)(=O)C1,108.0,6.96657624451305,active,1,1.0,108.0,0.0,0.0,0.0,0.0,1.0,0.0,1.0,1.0,1.0
CHEMBL1576785,CHEMBL1576785,CC(C)(c1ccccc1)c1ccc(OCC2CO2)cc1,11900.0,4.924453038607469,inactive,0,1.0,11900.0,0.0,0.0,0.0,0.0,0.0,0.0,0.0,0.0,0.0
CHEMBL1442702,CHEMBL1442702,CSc1nc(-c2ccccc2)nn1C(=O)c1ccc(Cl)cc1,44300.0,4.3535962737769305,inactive,0,1.0,44300.0,1.0,1.0,0.0,0.0,0.0,1.0,0.0,1.0,0.0
CHEMBL1398450,CHEMBL1398450,COc1ccccc1NC(=O)c1cnc(SCC(=O)NCC2CCCO2)n(C)c1=O,10800.0,4.966576244513051,inactive,0,0.0,10800.0,0.0,1.0,0.0,0.0,0.0,0.0,0.0,1.0,1.0
CHEMBL1998946,CHEMBL1998946,Oc1cccc(/C=N/c2cccc3ccccc23)c1O,10100.0,4.995678626217358,inactive,0,0.0,10100.0,0.0,0.0,0.0,0.0,0.0,0.0,0.0,1.0,1.0
CHEMBL1546297,CHEMBL1546297,Cc1n[nH]c(O)c1C(c1ccc([N+](=O)[O-])cc1)c1c(C)n[nH]c1O,270.0,6.568636235841012,active,1,1.0,270.0,1.0,0.0,1.0,0.0,1.0,0.0,0.0,1.0,0.0
CHEMBL1503995,CHEMBL1503995,Cc1nc([N+](=O)[O-])c(Sc2nc3ccccc3[nH]2)n1Cc1ccccc1,12300.0,4.910094888560602,inactive,0,0.0,12300.0,1.0,1.0,1.0,0.0,0.0,1.0,0.0,0.0,0.0
CHEMBL1989853,CHEMBL1989853,O=C1/C(=N\c2cccc(O)c2)C(N2CCCCC2)=C(O)c2ccccc21,364.0,6.438898616350944,active,1,1.0,364.0,0.0,0.0,0.0,0.0,0.0,0.0,0.0,1.0,0.0
CHEMBL1165723,CHEMBL1165723,C=CCNC1=C(Cl)C(=O)c2ccccc2C1=O,10400.0,4.982966660701219,inactive,0,1.0,10400.0,0.0,0.0,0.0,1.0,0.0,0.0,1.0,0.0,0.0
CHEMBL2000517,CHEMBL2000517,O=C1C(Nc2ccc(O)cc2)=C/C(=N/S(=O)(=O)c2cccs2)c2ccccc21,123.0,6.910094888560602,active,1,1.0,123.0,0.0,0.0,1.0,1.0,1.0,0.0,0.0,0.0,1.0
CHEMBL1399938,CHEMBL1399938,Cc1cccc(N(Cc2ccccc2)C(=O)CCl)c1,536.0,6.270835210307229,active,1,0.0,536.0,0.0,0.0,0.0,1.0,0.0,0.0,0.0,1.0,1.0
CHEMBL1565816,CHEMBL1565816,O=C(Oc1ccc(N2C(=O)CCC2=O)cc1)c1ccco1,388.0,6.411168274405792,active,1,0.0,388.0,0.0,0.0,0.0,0.0,0.0,0.0,0.0,0.0,1.0
CHEMBL1535577,CHEMBL1535577,CC(Oc1ccc(F)cc1)C(=O)Oc1ccc(N(C)S(=O)(=O)c2ccccc2)cc1,58500.0,4.232844133917819,inactive,0,0.0,58500.0,0.0,0.0,0.0,0.0,1.0,0.0,0.0,0.0,0.0
CHEMBL1322618,CHEMBL1322618,O=C(NC1CCCC1)C(c1ccc(F)cc1)N(Cc1ccc(F)cc1)C(=O)CCl,557.0,6.254144804826272,active,1,1.0,557.0,0.0,0.0,0.0,1.0,0.0,0.0,0.0,1.0,1.0
CHEMBL1406350,CHEMBL1406350,CC(/C=C1\SC(=S)N(NC(=O)c2cccc(O)c2)C1=O)=C\c1ccccc1,25200.0,4.598599459218456,inactive,0,0.0,25200.0,1.0,0.0,0.0,0.0,0.0,0.0,0.0,0.0,0.0
CHEMBL1577384,CHEMBL1577384,Cc1ccc(S(=O)(=O)N2CCN(C(=O)c3ccccc3Cc3ccccc3)CC2)c(C)c1,208100.0,3.681727919788373,inactive,0,1.0,208100.0,0.0,0.0,0.0,0.0,1.0,0.0,0.0,0.0,0.0
CHEMBL3198784,CHEMBL3198784,CCOC(=O)c1c(C)oc2c1c(/C=N/CCC(=O)O)c(O)c1ccccc12,390.0,6.4089353929735005,active,1,1.0,390.0,0.0,0.0,0.0,0.0,0.0,0.0,1.0,1.0,1.0
CHEMBL1320429,CHEMBL1320429,O=C(CCCN1C(=O)/C(=C\c2ccccc2)SC1=S)Nc1ccc(O)cc1C(=O)O,15100.0,4.82102305270683,inactive,0,0.0,15100.0,0.0,0.0,0.0,0.0,0.0,0.0,0.0,0.0,1.0
CHEMBL1465170,CHEMBL1465170,NC1=NN(c2cccc(C(=O)O)c2)C(=O)C1,23700.0,4.6252516539898965,inactive,0,1.0,23700.0,1.0,0.0,0.0,0.0,0.0,0.0,0.0,0.0,1.0
CHEMBL1399371,CHEMBL1399371,N#CC1=C(N)Oc2[nH]nc(-c3ccccc3)c2C1c1ccsc1,731.0,6.13608262304214,active,1,1.0,731.0,1.0,0.0,1.0,1.0,0.0,0.0,1.0,1.0,0.0
CHEMBL1550425,CHEMBL1550425,COc1ccc(-n2c(=O)c3ccccc3c3ccccc3c2=O)cc1,23300.0,4.632644078973981,inactive,0,0.0,23300.0,0.0,0.0,0.0,0.0,0.0,0.0,0.0,1.0,1.0
CHEMBL1447341,CHEMBL1447341,O=C(OCn1ncc(Cl)c(Cl)c1=O)c1ccc(C(F)(F)F)cc1,308.0,6.511449283499555,active,1,0.0,308.0,1.0,0.0,0.0,1.0,1.0,0.0,1.0,0.0,0.0
CHEMBL1310115,CHEMBL1310115,N#CC1(C#N)CC(C=O)=C(N)C1(C#N)CC(=O)C12CC3CC(CC(C3)C1)C2,10000.0,5.0,inactive,0,0.0,10000.0,0.0,0.0,0.0,0.0,0.0,0.0,0.0,0.0,0.0
CHEMBL1794130,CHEMBL1794130,Cl.Nc1cccc2c(O)cccc12,15500.0,4.809668301829708,inactive,0,0.0,15500.0,0.0,0.0,0.0,0.0,0.0,0.0,0.0,1.0,0.0
CHEMBL3192701,CHEMBL3192701,COc1ccc(/C=N/NC(=O)c2nn(-c3ccccc3)c(=O)c3c(N)scc23)cc1,220.0,6.657577319177793,active,1,1.0,220.0,1.0,0.0,1.0,0.0,0.0,0.0,1.0,1.0,1.0
CHEMBL1794101,CHEMBL1794101,CC1Nc2ncnc(N3CCc4ccccc4C3)c2N(Cc2ccc(Cl)cc2)C1=O.O=C(O)C(F)(F)F,30900.0,4.510041520575165,inactive,0,1.0,30900.0,0.0,1.0,1.0,0.0,0.0,1.0,1.0,1.0,1.0
CHEMBL1529352,CHEMBL1529352,O=C(Nc1ccc(Cl)c(Cl)c1)Nc1ccccc1NS(=O)(=O)c1cccs1,29100.0,4.536107011014093,inactive,0,1.0,29100.0,0.0,1.0,0.0,0.0,1.0,1.0,0.0,1.0,1.0
CHEMBL1387293,CHEMBL1387293,Cc1nc(Nc2ccc(O)cc2)c2c3c(sc2n1)CCCC3,125100.0,3.90274269030658,inactive,0,1.0,125100.0,0.0,1.0,1.0,0.0,0.0,1.0,0.0,1.0,0.0
CHEMBL1383986,CHEMBL1383986,CCOc1cc(C(c2c(C)n[nH]c2O)c2c(C)n[nH]c2O)ccc1OS(=O)(=O)c1ccc(C)cc1,152.0,6.818156412055227,active,1,1.0,152.0,1.0,0.0,1.0,0.0,1.0,1.0,0.0,1.0,0.0
CHEMBL1519280,CHEMBL1519280,O=C(Oc1cccc(-n2cnnn2)c1)c1ccco1,15100.0,4.82102305270683,inactive,0,0.0,15100.0,0.0,0.0,0.0,0.0,0.0,1.0,0.0,0.0,0.0
CHEMBL1555488,CHEMBL1555488,COc1ccc(-n2c(C)cc(C(=O)CCl)c2C)cc1,19000.0,4.721246399047171,inactive,0,1.0,19000.0,0.0,0.0,0.0,0.0,0.0,0.0,0.0,0.0,1.0
CHEMBL1390923,CHEMBL1390923,O=C(CCN1C(=O)/C(=C/c2cccs2)SC1=S)Nc1ccc(C(=O)O)c(O)c1,13300.0,4.876148359032914,inactive,0,0.0,13300.0,0.0,0.0,0.0,0.0,0.0,0.0,1.0,0.0,1.0
CHEMBL1582076,CHEMBL1582076,COc1cc(C2C(C#N)=C(N)Oc3c2c(-c2ccccc2)nn3-c2ccccc2)cc(OC)c1OC,27900.0,4.554395796726403,inactive,0,1.0,27900.0,1.0,0.0,0.0,1.0,0.0,1.0,1.0,1.0,1.0
CHEMBL1416184,CHEMBL1416184,O=[N+]([O-])c1c(NCCO)cc(Sc2nc3ccccc3s2)c2nonc12,722.0,6.141462802430361,active,1,1.0,722.0,0.0,1.0,0.0,0.0,0.0,0.0,0.0,0.0,0.0
CHEMBL1430473,CHEMBL1430473,O=C(O)C1Nc2c(O)cc(Cl)c([N+](=O)[O-])c2C2C=CCC12,11500.0,4.939302159646388,inactive,0,1.0,11500.0,0.0,1.0,1.0,0.0,0.0,0.0,1.0,0.0,0.0
CHEMBL1498329,CHEMBL1498329,CCOc1cc(C2C(C#N)=C(N)Oc3[nH]nc(-c4ccccc4)c32)ccc1O,689.0,6.161780778092375,active,1,1.0,689.0,1.0,0.0,1.0,1.0,0.0,0.0,1.0,1.0,0.0
CHEMBL1320274,CHEMBL1320274,Cc1nn(-c2ccccc2)c(Cl)c1CN(C(=O)CCl)c1cccc2ccccc12,571.0,6.243363891754152,active,1,0.0,571.0,1.0,0.0,0.0,1.0,0.0,0.0,0.0,1.0,1.0
CHEMBL339561,CHEMBL339561,Cc1ccccc1-c1cc2c(nn1)-c1ccccc1C2=O,891.0,6.050122295963125,active,1,1.0,891.0,1.0,0.0,0.0,0.0,0.0,0.0,0.0,1.0,0.0
CHEMBL1389296,CHEMBL1389296,COc1ccc(C(c2c(C)n[nH]c2O)c2c(C)n[nH]c2O)cc1Br,289.0,6.539102157243452,active,1,1.0,289.0,1.0,0.0,1.0,0.0,1.0,0.0,0.0,1.0,0.0
CHEMBL1367735,CHEMBL1367735,COc1ccc(N2C(=O)/C(=C\c3ccco3)N=C2SCC(=O)NC(C)(C)C)cc1Cl,20700.0,4.684029654543083,inactive,0,0.0,20700.0,0.0,1.0,0.0,0.0,0.0,1.0,0.0,1.0,1.0
CHEMBL3190880,CHEMBL3190880,CCc1ccc(S(=O)(=O)/N=C2\C=C(Nc3cccc(C(=O)O)c3)C(=O)c3ccccc32)cc1,216.0,6.665546248849069,active,1,1.0,216.0,0.0,0.0,1.0,0.0,1.0,0.0,0.0,0.0,1.0
CHEMBL1342337,CHEMBL1342337,Cc1cc(C)c(S(=O)(=O)Nc2cc(SCC(=O)O)c(O)c3ccccc23)cc1C,277.0,6.557520230935552,active,1,0.0,277.0,0.0,0.0,0.0,0.0,1.0,0.0,0.0,1.0,0.0
CHEMBL1569091,CHEMBL1569091,COc1cc(N)c(Cc2nccc3cc(OC)c(OC)cc23)cc1OC,31700.0,4.498940737782249,inactive,0,1.0,31700.0,0.0,0.0,0.0,0.0,0.0,0.0,0.0,1.0,1.0
CHEMBL1520239,CHEMBL1520239,CCOC(=O)Cc1n[nH]c2c1C(c1ccsc1)C(C#N)=C(N)O2,31300.0,4.504455662453552,inactive,0,1.0,31300.0,1.0,0.0,1.0,1.0,0.0,0.0,1.0,0.0,0.0
CHEMBL1342248,CHEMBL1342248,O=C(NC1=C(Nc2ccc(F)cc2)C(=O)c2ccccc2C1=O)c1ccc(Cl)cc1,25900.0,4.586700235918748,inactive,0,1.0,25900.0,0.0,0.0,0.0,0.0,0.0,0.0,0.0,1.0,1.0
CHEMBL1451931,CHEMBL1451931,O=C1C=C(NCc2ccccc2)c2ccccc2C1=O,774.0,6.111259039317107,active,1,1.0,774.0,0.0,0.0,0.0,0.0,0.0,0.0,1.0,0.0,0.0
CHEMBL1545902,CHEMBL1545902,N=c1c2c(ncn1Cc1ccco1)Oc1ccc3ccccc3c1C2c1ccccc1,16700.0,4.777283528852417,inactive,0,1.0,16700.0,0.0,1.0,0.0,1.0,0.0,1.0,1.0,1.0,0.0
CHEMBL1496534,CHEMBL1496534,Cc1ccc(S(=O)(=O)N2CC(c3cccc([N+](=O)[O-])c3)C(C(=O)C3CO3)=N2)cc1,547.0,6.262012673666569,active,1,1.0,547.0,1.0,0.0,0.0,0.0,0.0,0.0,0.0,1.0,0.0
CHEMBL1348813,CHEMBL1348813,O=C(Sc1nnc(-c2ccccc2)o1)N1c2ccccc2Sc2ccccc21,804.0,6.094743951251549,active,1,1.0,804.0,0.0,0.0,1.0,1.0,0.0,0.0,0.0,1.0,1.0
CHEMBL1499893,CHEMBL1499893,O=C(OCn1ncc(Cl)c(Cl)c1=O)c1cccc(C(F)(F)F)c1,190.0,6.721246399047171,active,1,0.0,190.0,1.0,0.0,0.0,1.0,1.0,0.0,1.0,1.0,0.0
CHEMBL3210913,CHEMBL3210913,COC(=O)c1ccc(/N=C2\C(Cl)=C(O)OC2OC(=O)c2ccccc2)cc1,17800.0,4.749579997691106,inactive,0,0.0,17800.0,0.0,1.0,0.0,1.0,0.0,0.0,1.0,0.0,0.0
CHEMBL1445135,CHEMBL1445135,CCOC(=O)Cc1n[nH]c2c1C(c1cc(OC)ccc1OC)C(C#N)=C(N)O2,13300.0,4.876148359032914,inactive,0,1.0,13300.0,1.0,0.0,1.0,1.0,0.0,0.0,1.0,0.0,0.0
CHEMBL1582891,CHEMBL1582891,Nc1ccc2nc(N3CCOCC3)sc2c1,23700.0,4.6252516539898965,inactive,0,0.0,23700.0,0.0,1.0,0.0,0.0,0.0,1.0,0.0,0.0,0.0
CHEMBL1383058,CHEMBL1383058,COC(=O)c1ccccc1-c1ccc(C(c2c(C)n[nH]c2O)c2c(C)n[nH]c2O)o1,214.0,6.669586226650809,active,1,1.0,214.0,1.0,0.0,1.0,0.0,1.0,0.0,0.0,1.0,0.0
CHEMBL1429937,CHEMBL1429937,CCc1n[nH]c2c1C(c1cccnc1)C(C#N)=C(N)O2,11500.0,4.939302159646388,inactive,0,1.0,11500.0,1.0,0.0,1.0,1.0,0.0,0.0,1.0,0.0,0.0
CHEMBL1416089,CHEMBL1416089,CCS(=O)(=O)c1ncc(Cl)c(C(=O)Nc2ccc(S(=O)(=O)N(C)c3ccccc3)cc2)n1,1000.0,6.0,active,1,1.0,1000.0,0.0,0.0,0.0,0.0,1.0,0.0,0.0,0.0,1.0
CHEMBL1463659,CHEMBL1463659,Cn1nc(-c2ccccn2)nc2c(=O)n(C)c(=O)nc1-2,19.1,7.718966632752272,active,1,0.0,19.1,1.0,0.0,1.0,0.0,0.0,0.0,0.0,1.0,0.0
CHEMBL1557816,CHEMBL1557816,COc1cc(/C=C/c2sc3ccccc3[n+]2CCCS(=O)(=O)[O-])ccc1O,16200.0,4.790484985457369,inactive,0,1.0,16200.0,0.0,0.0,0.0,0.0,1.0,0.0,1.0,0.0,0.0
CHEMBL1333487,CHEMBL1333487,Cc1ccc(N2C(=O)C(Cl)=C(NCCO)C2=O)c(C)c1,10800.0,4.966576244513051,inactive,0,0.0,10800.0,0.0,1.0,0.0,1.0,0.0,0.0,1.0,0.0,1.0
CHEMBL1492010,CHEMBL1492010,Oc1cc(-c2ccc(Cl)cc2)[nH]n1,527.0,6.278189384787453,active,1,1.0,527.0,1.0,0.0,1.0,0.0,1.0,0.0,0.0,1.0,0.0
CHEMBL1376540,CHEMBL1376540,Cc1ccc(C(=O)NC2(O)C(=O)c3ccccc3C2=O)cc1C,15900.0,4.798602875679548,inactive,0,1.0,15900.0,0.0,0.0,0.0,0.0,0.0,0.0,0.0,1.0,1.0
CHEMBL1928483,CHEMBL1928483,Oc1ccc(/C=N/Nc2ccc(C(F)(F)F)cn2)c(O)c1,109500.0,3.960585880823863,inactive,0,0.0,109500.0,1.0,0.0,0.0,0.0,0.0,0.0,1.0,0.0,0.0
CHEMBL1359282,CHEMBL1359282,CC1=NNC(=O)C1Cc1ccccc1C,329.0,6.482804102050025,active,1,1.0,329.0,1.0,0.0,0.0,0.0,0.0,0.0,0.0,1.0,0.0
CHEMBL1385433,CHEMBL1385433,COC(=O)[C@@H]1C[C@]2(OC(=O)c3ccccc3)C=CC(=O)C[C@@H]2N1C(=O)OCc1ccccc1,10500.0,4.978810700930062,inactive,0,0.0,10500.0,0.0,1.0,0.0,1.0,0.0,1.0,1.0,0.0,1.0
CHEMBL1589625,CHEMBL1589625,Cc1n[nH]c2c1C(c1c(C)nn(-c3ccccc3)c1Cl)C(C#N)=C(N)O2,13500.0,4.8696662315049934,inactive,0,0.0,13500.0,1.0,0.0,1.0,1.0,0.0,0.0,1.0,0.0,0.0
CHEMBL1462872,CHEMBL1462872,CCCCCc1cc(=O)oc2c(C(CCN3CCCC(C)C3)c3ccc(OC)cc3)c(OC)cc(OC)c12,12000.0,4.920818753952375,inactive,0,1.0,12000.0,0.0,0.0,0.0,0.0,0.0,0.0,0.0,0.0,0.0
CHEMBL1978279,CHEMBL1978279,COc1ccc(/N=C/C2=C(O)c3ccccc3CC2)cc1,18600.0,4.730487055782084,inactive,0,1.0,18600.0,0.0,0.0,1.0,0.0,0.0,0.0,0.0,0.0,1.0
CHEMBL1479754,CHEMBL1479754,Cc1ccc2[nH]c3c(c2c1)CN(C(=O)CN1CCSCC1)CC3,132.0,6.8794260687941495,active,1,1.0,132.0,0.0,0.0,1.0,0.0,0.0,0.0,0.0,1.0,1.0
CHEMBL1512368,CHEMBL1512368,Cc1ccc(S(=O)(=O)N(C)c2ccc(OC(=O)CSCc3c(C)noc3C)cc2)cc1C,71700.0,4.1444808443322,inactive,0,0.0,71700.0,0.0,0.0,0.0,0.0,1.0,0.0,1.0,0.0,0.0
CHEMBL1329726,CHEMBL1329726,COc1cc(NC2CCCCC2O)c2nc(-c3ccc(Cl)cc3)ccc2c1,72.8,7.137868620686962,active,1,1.0,72.8,0.0,1.0,0.0,0.0,0.0,0.0,1.0,1.0,1.0
CHEMBL1587473,CHEMBL1587473,Cc1ccc(N(NC(=O)C(O)(c2ccccc2)c2ccccc2)C(=O)CCl)cc1,529.0,6.276544327964814,active,1,1.0,529.0,1.0,1.0,0.0,1.0,0.0,0.0,0.0,0.0,1.0
CHEMBL1559655,CHEMBL1559655,CCOc1cc(C(c2c(C)n[nH]c2O)c2c(C)n[nH]c2O)ccc1OCc1ccc([N+](=O)[O-])cc1,159.0,6.798602875679549,active,1,1.0,159.0,1.0,0.0,1.0,0.0,1.0,0.0,0.0,1.0,0.0
CHEMBL1387436,CHEMBL1387436,O=C(Nc1ncc([N+](=O)[O-])s1)c1ccc2c(c1)OCO2,16500.0,4.782516055786093,inactive,0,0.0,16500.0,0.0,1.0,0.0,0.0,0.0,1.0,0.0,0.0,0.0
CHEMBL1359240,CHEMBL1359240,O=c1c2ccccc2nc2n1CCS2(=O)=O,12900.0,4.889410289700751,inactive,0,1.0,12900.0,0.0,1.0,1.0,0.0,1.0,1.0,1.0,0.0,0.0
CHEMBL1520852,CHEMBL1520852,Cc1cc(C)cc(Cn2ncc(Cl)c(Cl)c2=O)c1,985.0,6.006563769502389,active,1,0.0,985.0,1.0,0.0,0.0,1.0,0.0,0.0,1.0,0.0,1.0
CHEMBL1458858,CHEMBL1458858,O=C(CCl)Nc1ccccc1C(=O)Nc1ccc2c(c1)OCO2,13000.0,4.886056647693163,inactive,0,0.0,13000.0,0.0,0.0,1.0,1.0,0.0,0.0,0.0,0.0,1.0
CHEMBL1322557,CHEMBL1322557,CC1=NN(c2ccccc2)C(=O)/C1=C/c1cc2ccccc2[nH]1,10900.0,4.962573502059376,inactive,0,1.0,10900.0,1.0,0.0,1.0,0.0,0.0,0.0,0.0,1.0,1.0
CHEMBL1447306,CHEMBL1447306,CC1=NNC(=O)/C1=C\c1cn(-c2ccccc2)nc1-c1ccccc1,978.0,6.009661145212398,active,1,1.0,978.0,1.0,0.0,0.0,0.0,0.0,0.0,0.0,1.0,0.0
CHEMBL1545034,CHEMBL1545034,COc1cccc(-c2cc(O)[nH]n2)c1,757.0,6.120904120499928,active,1,1.0,757.0,1.0,0.0,1.0,0.0,1.0,0.0,0.0,1.0,0.0
CHEMBL3191689,CHEMBL3191689,O=C(N/N=C1\C/C(=N\NC(=O)c2ccncc2)c2ccccc21)c1ccncc1,732.0,6.135488918941608,active,1,1.0,732.0,1.0,0.0,0.0,0.0,0.0,0.0,0.0,0.0,1.0
CHEMBL1606280,CHEMBL1606280,N#CC1=C(N)N(c2ccccc2)C(c2cccc([N+](=O)[O-])c2)C1(C#N)C#N,12800.0,4.892790030352131,inactive,0,1.0,12800.0,0.0,0.0,0.0,0.0,0.0,1.0,0.0,1.0,0.0
CHEMBL1519642,CHEMBL1519642,COc1cc(C(c2c(C)n[nH]c2O)c2c(C)n[nH]c2O)ccc1OC(C)C,223.0,6.651695136951839,active,1,1.0,223.0,1.0,0.0,1.0,0.0,1.0,0.0,0.0,1.0,0.0
CHEMBL1491717,CHEMBL1491717,CC(=O)n1cc(N(C(=O)CCl)c2ccc([N+](=O)[O-])cc2)c2ccccc21,358.0,6.446116973356125,active,1,1.0,358.0,0.0,0.0,1.0,1.0,0.0,0.0,0.0,1.0,1.0
CHEMBL1343343,CHEMBL1343343,Oc1cc(-c2ccc(F)cc2)[nH]n1,548.0,6.261219441515631,active,1,1.0,548.0,1.0,0.0,1.0,0.0,1.0,0.0,0.0,1.0,0.0
CHEMBL1495230,CHEMBL1495230,Cc1ccc(C2C(C#N)=C(N)Oc3[nH]nc(-c4ccccc4)c32)o1,19300.0,4.714442690992226,inactive,0,1.0,19300.0,1.0,0.0,1.0,1.0,0.0,0.0,1.0,1.0,0.0
CHEMBL1567635,CHEMBL1567635,O=C(CCl)N(Cc1ccccc1)c1ccccc1,813.0,6.089909454405932,active,1,0.0,813.0,0.0,0.0,0.0,1.0,0.0,0.0,0.0,1.0,1.0
CHEMBL179161,CHEMBL179161,O=C(CCN1C(=O)/C(=C/c2cccs2)SC1=S)Nc1cccc(O)c1,125200.0,3.902395671125589,inactive,0,0.0,125200.0,0.0,0.0,0.0,0.0,0.0,0.0,1.0,0.0,1.0
CHEMBL504911,CHEMBL504911,Nc1nc(-c2ccco2)nn1C(=O)c1ccc(Cl)cc1,55400.0,4.2564902352715706,inactive,0,0.0,55400.0,1.0,1.0,0.0,0.0,0.0,1.0,0.0,1.0,0.0
CHEMBL3189879,CHEMBL3189879,COc1nc(N/N=C/c2ccc(-c3ccccc3[N+](=O)[O-])o2)nc(N2CCOCC2)n1,14400.0,4.841637507904751,inactive,0,0.0,14400.0,0.0,1.0,1.0,0.0,0.0,0.0,0.0,1.0,0.0
CHEMBL3189264,CHEMBL3189264,Oc1ccc(/C(Cc2ccc3ccccc3n2)=N\Nc2ccccc2)c(O)c1,13600.0,4.866461091629782,inactive,0,1.0,13600.0,1.0,0.0,0.0,0.0,0.0,0.0,1.0,1.0,0.0
CHEMBL1578056,CHEMBL1578056,O=C1CCN(N=Nc2cccc(Cl)c2)N1,15400.0,4.812479279163537,inactive,0,0.0,15400.0,0.0,0.0,0.0,0.0,0.0,1.0,1.0,0.0,0.0
CHEMBL1360539,CHEMBL1360539,O=C1c2ccccc2C(=O)c2c1oc(C(F)(F)F)c2C(=O)c1ccccc1,15300.0,4.815308569182402,inactive,0,1.0,15300.0,0.0,0.0,1.0,0.0,0.0,0.0,0.0,0.0,0.0
CHEMBL1469676,CHEMBL1469676,C=CCOc1ccccc1CN(C(=O)CCl)c1ccc2c(c1)OCO2,481.0,6.317854923626168,active,1,0.0,481.0,0.0,0.0,0.0,1.0,0.0,0.0,0.0,1.0,1.0
CHEMBL1322313,CHEMBL1322313,CC(=O)Nc1cccc(OC(=O)COc2ccc(Br)cc2)c1,20600.0,4.686132779630847,inactive,0,0.0,20600.0,0.0,0.0,0.0,0.0,0.0,0.0,0.0,0.0,1.0
CHEMBL1520392,CHEMBL1520392,Cl.Nc1ccc2[nH]c(Cc3ccccc3)nc2c1,55900.0,4.252588192113577,inactive,0,1.0,55900.0,0.0,1.0,1.0,0.0,0.0,1.0,0.0,0.0,0.0
CHEMBL1420857,CHEMBL1420857,Nc1ccc2[nH]c(CCCCc3nc4ccccc4[nH]3)nc2c1,16900.0,4.772113295386326,inactive,0,0.0,16900.0,0.0,1.0,1.0,0.0,0.0,1.0,0.0,0.0,0.0
CHEMBL1442944,CHEMBL1442944,FC(F)(F)c1nnc(-c2ccccc2)nc1Oc1ccc(Cl)cc1Cl,481.0,6.317854923626168,active,1,1.0,481.0,1.0,1.0,0.0,1.0,0.0,1.0,0.0,1.0,1.0
CHEMBL1424773,CHEMBL1424773,CC(=O)NCCn1c(SCc2ccccc2C)nc2ccccc2c1=O,83200.0,4.079876673709276,inactive,0,1.0,83200.0,0.0,1.0,1.0,0.0,0.0,1.0,1.0,1.0,0.0
CHEMBL1430372,CHEMBL1430372,COc1ccc2nc3cc(Cl)ccc3c(Nc3cc(C(C)C)c(O)cc3C)c2c1,318.0,6.497572880015568,active,1,1.0,318.0,0.0,0.0,0.0,0.0,0.0,0.0,0.0,1.0,1.0
CHEMBL1370184,CHEMBL1370184,CC(=O)Oc1c(/C=C(\C#N)C(N)=O)[nH]c2ccccc12,31.4,7.503070351926786,active,1,1.0,31.4,0.0,1.0,1.0,0.0,0.0,0.0,0.0,1.0,1.0
CHEMBL1325219,CHEMBL1325219,CC1=NN(c2ccc(C)c(C)c2)C(=O)C1C(c1cccc(O)c1)C1C(=O)N(c2ccc(C)c(C)c2)N=C1C,468.0,6.329754146925875,active,1,1.0,468.0,1.0,0.0,0.0,0.0,0.0,0.0,0.0,1.0,1.0
CHEMBL1508459,CHEMBL1508459,COc1cc(Cc2nccc3cc(OC)c(OC)cc23)c(S(=O)(=O)O)cc1OC,85700.0,4.0670191780768015,inactive,0,1.0,85700.0,0.0,0.0,0.0,0.0,1.0,0.0,0.0,1.0,1.0
CHEMBL578502,CHEMBL578502,CC(=O)N(C)C1=C(N2CCOCC2)C(=O)c2ccccc2C1=O,38400.0,4.4156687756324695,inactive,0,1.0,38400.0,0.0,1.0,0.0,0.0,0.0,0.0,1.0,1.0,1.0
CHEMBL1600855,CHEMBL1600855,CCCCCCCCCCCCCCCC[N+](C)(C)C.O.[OH-],14700.0,4.832682665251824,inactive,0,0.0,14700.0,0.0,0.0,0.0,0.0,0.0,0.0,0.0,0.0,0.0
CHEMBL1571290,CHEMBL1571290,O=C(NCc1cccnc1)/C(=C\c1ccc(-c2cccc(Cl)c2)o1)S(=O)(=O)c1ccccc1,17800.0,4.749579997691106,inactive,0,0.0,17800.0,0.0,0.0,0.0,0.0,1.0,0.0,0.0,1.0,0.0
CHEMBL1405490,CHEMBL1405490,CCOc1ccc2c(c1)C(NC(C)=O)C(=O)N2CCN1CCOCC1.Cl,12600.0,4.8996294548824375,inactive,0,1.0,12600.0,0.0,1.0,0.0,0.0,0.0,0.0,1.0,1.0,1.0
CHEMBL1453212,CHEMBL1453212,CCOC(=O)C1=C(c2ccccc2)O/C(=C(/C#N)C(F)(F)F)S1,723.0,6.140861702705469,active,1,0.0,723.0,0.0,1.0,1.0,0.0,0.0,0.0,0.0,0.0,0.0
CHEMBL533226,CHEMBL533226,c1ccc(-c2nnc(-c3ccccn3)nc2NC2CCCCC2)cc1,16900.0,4.772113295386326,inactive,0,1.0,16900.0,1.0,1.0,0.0,0.0,0.0,1.0,0.0,1.0,0.0
CHEMBL1548210,CHEMBL1548210,Cc1cccc(N2CC(C(=O)OCC(=O)c3ccc(OC(=O)c4cccs4)cc3)CC2=O)c1C,25000.0,4.6020599913279625,inactive,0,1.0,25000.0,0.0,0.0,0.0,0.0,0.0,0.0,0.0,0.0,1.0
CHEMBL1328510,CHEMBL1328510,CCCCCCCCCCOC(=O)Cn1c(COc2ccc(OC)cc2)[n+](C)c2ccccc21.[Cl-],10600.0,4.97469413473523,inactive,0,0.0,10600.0,0.0,1.0,0.0,0.0,0.0,1.0,0.0,0.0,0.0
CHEMBL36654,CHEMBL36654,CN1CCc2cc3c(c4c2C1Cc1ccccc1-4)OCO3,79.7,7.098541678603888,active,1,1.0,79.7,0.0,0.0,0.0,0.0,0.0,0.0,0.0,1.0,1.0
CHEMBL1499544,CHEMBL1499544,COc1ccc(N(C(=O)CCl)C(C(=O)NCCc2ccccc2)c2cccs2)cc1Cl,240.0,6.619788758288394,active,1,1.0,240.0,0.0,0.0,0.0,1.0,0.0,0.0,0.0,1.0,1.0
CHEMBL1445675,CHEMBL1445675,CCOC(=O)/C(C#N)=C1/SC(C)C(=O)N1c1ccc(Br)cc1,11100.0,4.954677021213342,inactive,0,0.0,11100.0,0.0,0.0,0.0,0.0,0.0,0.0,0.0,0.0,1.0
CHEMBL1377533,CHEMBL1377533,CC(=O)Oc1ccc(N(C(C)=O)S(=O)(=O)c2ccc3ccccc3c2)cc1Br,17300.0,4.761953896871205,inactive,0,0.0,17300.0,0.0,0.0,0.0,0.0,0.0,0.0,0.0,0.0,1.0
CHEMBL1620590,CHEMBL1620590,CCOc1ccc(Cl)cc1C(c1c(C)n[nH]c1O)c1c(C)n[nH]c1O,221.0,6.655607726314889,active,1,1.0,221.0,1.0,0.0,1.0,0.0,1.0,0.0,0.0,1.0,0.0
CHEMBL3196451,CHEMBL3196451,Cc1ccc(NC2=C/C(=N/S(=O)(=O)c3cccs3)c3ccccc3C2=O)cc1,119.0,6.924453038607469,active,1,1.0,119.0,0.0,0.0,1.0,1.0,1.0,0.0,0.0,0.0,0.0
CHEMBL1363844,CHEMBL1363844,Cc1cc(C)n2nc(CNS(=O)(=O)c3c(F)c(F)c(F)c(F)c3F)nc2n1,10800.0,4.966576244513051,inactive,0,0.0,10800.0,1.0,0.0,0.0,0.0,0.0,0.0,1.0,0.0,0.0
CHEMBL1482637,CHEMBL1482637,CC(=O)C(=Nc1ccc(Cl)cc1Cl)NNc1cccc(Cl)c1,49000.0,4.309803919971486,inactive,0,1.0,49000.0,1.0,0.0,0.0,1.0,0.0,1.0,0.0,1.0,0.0
CHEMBL505618,CHEMBL505618,CC(Nc1c[nH]c(=O)[nH]c1=O)c1ccccc1,15500.0,4.809668301829708,inactive,0,1.0,15500.0,0.0,0.0,0.0,0.0,0.0,0.0,1.0,0.0,0.0
CHEMBL1525669,CHEMBL1525669,CC(C)(C)c1cc(NC(=O)CCl)n(-c2ccccc2)n1,13600.0,4.866461091629782,inactive,0,1.0,13600.0,1.0,1.0,0.0,1.0,0.0,1.0,1.0,1.0,0.0
CHEMBL1558461,CHEMBL1558461,CCN(CC)CCNC(=O)CSc1c2c(nc3cc(Cl)ccc13)CCCC2,11800.0,4.928117992693875,inactive,0,1.0,11800.0,0.0,0.0,0.0,0.0,0.0,0.0,0.0,1.0,0.0
CHEMBL1383249,CHEMBL1383249,COc1ccc(-c2[nH]nc3c2C(c2ccoc2)C(C#N)=C(N)O3)cc1,548.0,6.261219441515631,active,1,1.0,548.0,1.0,0.0,1.0,1.0,0.0,0.0,1.0,1.0,0.0
CHEMBL1575531,CHEMBL1575531,Cc1ccccc1-n1ncc2c([N+](=O)[O-])cc([N+](=O)[O-])cc21,911.0,6.040481623027002,active,1,1.0,911.0,1.0,0.0,0.0,0.0,0.0,0.0,1.0,1.0,0.0
CHEMBL1510339,CHEMBL1510339,COC(=O)c1ccc(NC(=O)c2nc(S(=O)(=O)Cc3cccc(C)c3)ncc2Cl)cc1,228.0,6.642065152999546,active,1,1.0,228.0,0.0,0.0,0.0,0.0,0.0,0.0,0.0,0.0,1.0
CHEMBL1388358,CHEMBL1388358,Cc1ccc(N(C(=O)CCl)C(C(=O)NC2CCCCC2)c2cccnc2)cc1C,339.0,6.4698003017969175,active,1,1.0,339.0,0.0,0.0,0.0,1.0,0.0,0.0,0.0,1.0,1.0
CHEMBL1310967,CHEMBL1310967,COC(=O)c1ccccc1S(=O)(=O)N1CCC(NC(=O)c2ccccc2)CC1,15100.0,4.82102305270683,inactive,0,0.0,15100.0,0.0,0.0,0.0,0.0,1.0,0.0,0.0,0.0,0.0
CHEMBL1528844,CHEMBL1528844,CCN1C(=O)c2c(C)nc3ccccc3c2C1=O,781.0,6.1073489661227,active,1,1.0,781.0,0.0,0.0,0.0,0.0,0.0,0.0,0.0,1.0,1.0
CHEMBL1500315,CHEMBL1500315,N#C/C(=C\c1cccc(NC(=O)c2ccccc2Cl)c1)C(=O)NCCc1ccccc1,11200.0,4.950781977329818,inactive,0,1.0,11200.0,0.0,0.0,0.0,0.0,0.0,0.0,0.0,1.0,1.0
CHEMBL1543601,CHEMBL1543601,N#CC1=C(N)Oc2[nH]nc(-c3cccs3)c2C1c1ccsc1,672.0,6.172630726946174,active,1,1.0,672.0,1.0,0.0,1.0,1.0,0.0,0.0,1.0,1.0,0.0
CHEMBL3193366,CHEMBL3193366,CO/C(O)=C1/C(C)=NC(=S)NC1c1ccc(OC(=O)c2ccco2)cc1,14400.0,4.841637507904751,inactive,0,1.0,14400.0,0.0,1.0,0.0,0.0,0.0,1.0,0.0,0.0,0.0
CHEMBL1585923,CHEMBL1585923,COc1cc(/C=C2\C(=O)N(c3ccc(S(N)(=O)=O)cc3)N=C2C)ccc1OC(=O)c1ccco1,23800.0,4.623423042943488,inactive,0,1.0,23800.0,1.0,0.0,0.0,0.0,1.0,0.0,1.0,0.0,1.0
CHEMBL1352586,CHEMBL1352586,CCCC(=O)OCCNc1cc(Sc2nc3ccccc3[nH]2)c2nonc2c1[N+](=O)[O-],657.0,6.18243463044022,active,1,0.0,657.0,0.0,1.0,1.0,0.0,0.0,1.0,0.0,0.0,0.0
CHEMBL1496473,CHEMBL1496473,CC1=CC2(O)OCCN(CCO)C2=CC1=O,10200.0,4.991399828238082,inactive,0,0.0,10200.0,0.0,1.0,0.0,0.0,0.0,0.0,0.0,0.0,0.0
CHEMBL1485010,CHEMBL1485010,O=C(OCn1ncc(Br)c(Br)c1=O)c1ccc(F)cc1,473.0,6.325138859262188,active,1,0.0,473.0,1.0,0.0,0.0,1.0,1.0,0.0,1.0,0.0,0.0
CHEMBL1733474,CHEMBL1733474,O=S(=O)(Nc1ccc(O)c2ccccc12)c1ccc(F)cc1,46.6,7.33161408331,active,1,0.0,46.6,0.0,0.0,0.0,0.0,1.0,0.0,0.0,1.0,0.0
CHEMBL1536137,CHEMBL1536137,CCOC(=O)c1c(NC(=O)COC(=O)c2ncc(Cl)c(Cl)c2Cl)sc(C(=O)N(C)C)c1C,45500.0,4.341988603342887,inactive,0,1.0,45500.0,0.0,1.0,0.0,1.0,0.0,1.0,0.0,1.0,0.0
CHEMBL3197091,CHEMBL3197091,Cc1cc(C)c(S(=O)(=O)/N=C2\C=C(Nc3ccc(C(=O)O)cc3)C(=O)c3ccccc32)c(C)c1,69.6,7.157390760389438,active,1,1.0,69.6,0.0,0.0,1.0,0.0,0.0,0.0,0.0,0.0,0.0
CHEMBL1598561,CHEMBL1598561,COc1ccc(CN(CCC(c2ccccc2)c2ccc(OC(C)C)cc2)C(=O)CCl)cc1OC,333.0,6.47755576649368,active,1,1.0,333.0,0.0,0.0,0.0,1.0,0.0,0.0,0.0,1.0,1.0
CHEMBL1568102,CHEMBL1568102,CN1C(=O)C(Cc2ccc3c(c2)OCO3)C(=O)N(C)C1=O,10000.0,5.0,inactive,0,1.0,10000.0,0.0,1.0,0.0,0.0,0.0,1.0,0.0,0.0,1.0
CHEMBL1699978,CHEMBL1699978,COc1ccc(NC(=O)Nc2ccc(O)c3ccccc23)cc1,722.0,6.141462802430361,active,1,0.0,722.0,0.0,1.0,0.0,0.0,0.0,1.0,0.0,1.0,1.0
CHEMBL1418676,CHEMBL1418676,O=S(=O)(Cc1ccccc1)c1cnc2ccccc2n1,18300.0,4.73754891026957,inactive,0,0.0,18300.0,0.0,0.0,0.0,0.0,1.0,0.0,0.0,0.0,0.0
CHEMBL1605939,CHEMBL1605939,Cc1nn(C(=O)CNS(=O)(=O)c2ccccc2)c(C)c1Sc1ccc(Cl)cc1,17200.0,4.764471553092451,inactive,0,0.0,17200.0,1.0,0.0,0.0,0.0,1.0,0.0,0.0,0.0,0.0
CHEMBL1305307,CHEMBL1305307,CCOC(=O)c1nnc(-c2ccccc2)nc1Sc1ccccc1Cl,686.0,6.163675884293248,active,1,1.0,686.0,1.0,1.0,1.0,0.0,0.0,0.0,0.0,1.0,0.0
CHEMBL1520989,CHEMBL1520989,Cc1ccc(S(=O)(=O)NC(C)C(=O)Oc2ccc3c(=O)c(-c4ccc([N+](=O)[O-])cc4)c(C)oc3c2)cc1,37100.0,4.430626090384954,inactive,0,1.0,37100.0,0.0,1.0,0.0,0.0,1.0,0.0,0.0,1.0,0.0
CHEMBL1409991,CHEMBL1409991,CCOC(=O)c1cc(C)sc1NC(=O)CSC1=NCCS1,21400.0,4.669586226650809,inactive,0,1.0,21400.0,0.0,0.0,0.0,0.0,0.0,0.0,0.0,1.0,0.0
CHEMBL1432432,CHEMBL1432432,Cn1c(-[n+]2c(-c3ccccc3)cc(-c3ccccc3)cc2-c2ccccc2)nc2c([N+](=O)[O-])cccc21.[I-],15300.0,4.815308569182402,inactive,0,1.0,15300.0,0.0,1.0,0.0,0.0,0.0,1.0,0.0,1.0,0.0
CHEMBL1603760,CHEMBL1603760,O=C(CCl)N(c1ccccc1)c1ccccc1,484.0,6.315154638355588,active,1,0.0,484.0,0.0,0.0,0.0,1.0,0.0,0.0,0.0,0.0,1.0
CHEMBL1320517,CHEMBL1320517,Cc1ccc(S(=O)(=O)Oc2ccc(C(c3c(C)n[nH]c3O)c3c(C)n[nH]c3O)cc2)cc1,46200.0,4.335358024443875,inactive,0,1.0,46200.0,1.0,0.0,1.0,0.0,1.0,0.0,0.0,1.0,0.0
CHEMBL1990545,CHEMBL1990545,Cc1ccc2nc(N/N=C\c3ccc([N+](=O)[O-])o3)nc(-c3ccccc3)c2c1,208100.0,3.681727919788373,inactive,0,1.0,208100.0,0.0,1.0,0.0,0.0,0.0,1.0,0.0,1.0,0.0
CHEMBL1543295,CHEMBL1543295,O=S(=O)(c1ccc(Cl)c(Cl)c1)c1snnc1-c1ccccc1,504.0,6.297569463554474,active,1,1.0,504.0,0.0,0.0,0.0,0.0,1.0,0.0,0.0,1.0,0.0
CHEMBL1399145,CHEMBL1399145,CC1(C)N=C(SCC(=O)Nc2ccc(Cl)cc2Cl)C(c2ccccc2)=N1,17700.0,4.752026733638194,inactive,0,1.0,17700.0,0.0,1.0,0.0,1.0,0.0,1.0,1.0,0.0,1.0
CHEMBL1420929,CHEMBL1420929,Cc1ccc(-c2n[nH]c3c2C(C)C(C#N)=C(N)O3)cc1,518.0,6.285670240254767,active,1,1.0,518.0,1.0,0.0,1.0,1.0,0.0,0.0,0.0,1.0,0.0
CHEMBL1573331,CHEMBL1573331,O=S(=O)(Nc1ccc(O)c2ccccc12)c1ccc(OC(F)(F)F)cc1,66.6,7.176525770829699,active,1,0.0,66.6,0.0,0.0,0.0,0.0,1.0,0.0,0.0,1.0,0.0
CHEMBL1499010,CHEMBL1499010,CC(C)CS(=O)(=O)C1=NSC2=NC(=O)/C(=C\c3ccc(OC(=O)c4ccco4)cc3)C(=N)N21,13800.0,4.860120913598763,inactive,0,1.0,13800.0,0.0,1.0,0.0,0.0,1.0,1.0,0.0,0.0,0.0
CHEMBL1528923,CHEMBL1528923,Cc1onc(-c2ccccc2)c1C(=O)n1nnc2ccccc21,13000.0,4.886056647693163,inactive,0,1.0,13000.0,0.0,0.0,0.0,0.0,0.0,1.0,0.0,1.0,1.0
CHEMBL3193835,CHEMBL3193835,C/N=C1\C(=O)c2ccccc2C(O)=C1N(C(C)=O)c1ccc(Br)cc1,795.0,6.0996328713435295,active,1,1.0,795.0,0.0,0.0,1.0,0.0,0.0,0.0,0.0,1.0,1.0
CHEMBL1583127,CHEMBL1583127,O=C(NC(=S)NNC(=O)c1ccccc1O)c1ccco1,113700.0,3.944239535312265,inactive,0,0.0,113700.0,0.0,1.0,0.0,0.0,0.0,1.0,0.0,1.0,0.0
CHEMBL1304902,CHEMBL1304902,COc1cccc(N(C(=O)CCl)C(C(=O)NCCc2ccccc2)c2cccs2)c1,329.0,6.482804102050025,active,1,1.0,329.0,0.0,0.0,0.0,1.0,0.0,0.0,0.0,1.0,1.0
CHEMBL1479483,CHEMBL1479483,Cc1ccc(S(=O)(=O)Nc2ccc(O)c3ccccc23)c(C)c1,70.2,7.153662887870195,active,1,0.0,70.2,0.0,0.0,0.0,0.0,1.0,0.0,0.0,1.0,0.0
CHEMBL36536,CHEMBL36536,COc1cc2c(cc1OC)-c1c(OC)c(OC)cc3c1C(C2)N(C)CC3,614.0,6.211831628858832,active,1,1.0,614.0,0.0,0.0,0.0,0.0,0.0,0.0,0.0,1.0,1.0
CHEMBL3144999,CHEMBL3144999,Cc1[nH]n(-c2ccccc2)c(=O)c1C(c1ccc([N+](=O)[O-])cc1)c1c(C)[nH]n(-c2ccccc2)c1=O,390.0,6.4089353929735005,active,1,1.0,390.0,1.0,0.0,1.0,0.0,0.0,0.0,0.0,0.0,1.0
CHEMBL1727428,CHEMBL1727428,Cc1ccc(C(c2c(C)n[nH]c2O)c2c(C)n[nH]c2O)cc1[N+](=O)[O-],195.0,6.709965388637482,active,1,1.0,195.0,1.0,0.0,1.0,0.0,1.0,0.0,0.0,1.0,0.0
CHEMBL1528243,CHEMBL1528243,CC1=NNC(=O)C1Oc1ccccc1,570.0,6.2441251443275085,active,1,0.0,570.0,1.0,1.0,1.0,0.0,0.0,0.0,0.0,0.0,0.0
CHEMBL3144884,CHEMBL3144884,Cc1nn(-c2ccc(Cl)cc2)c(O)c1C(c1cccc(O)c1)c1c(C)[nH]n(-c2ccc(Cl)cc2)c1=O,897.0,6.047207556955907,active,1,1.0,897.0,1.0,0.0,0.0,0.0,1.0,0.0,0.0,1.0,1.0
CHEMBL1735239,CHEMBL1735239,COc1cc(C(c2c(C)n[nH]c2O)c2c(C)n[nH]c2O)cc(Br)c1OC,274.0,6.562249437179612,active,1,1.0,274.0,1.0,0.0,1.0,0.0,1.0,0.0,0.0,1.0,0.0
CHEMBL1538652,CHEMBL1538652,O=C(O)COc1ccccc1C(Nc1cccnc1)c1cc(Cl)c2cccnc2c1O,11800.0,4.928117992693875,inactive,0,1.0,11800.0,0.0,1.0,1.0,0.0,0.0,0.0,1.0,1.0,0.0
CHEMBL3197333,CHEMBL3197333,COc1cc(/C=N/NC(=O)CC2(C)OCCCO2)ccc1OCc1ccccc1,810.0,6.091514981121351,active,1,1.0,810.0,1.0,0.0,0.0,0.0,0.0,0.0,1.0,1.0,0.0
CHEMBL1483627,CHEMBL1483627,Cc1ccc(Sc2ccc(NC(=O)CCl)cc2)cc1C,716.0,6.145086977692145,active,1,0.0,716.0,0.0,0.0,0.0,1.0,0.0,0.0,0.0,0.0,1.0
CHEMBL1567226,CHEMBL1567226,Oc1cc(-c2cccc3ccccc23)[nH]n1,834.0,6.078833949362261,active,1,1.0,834.0,1.0,0.0,1.0,0.0,1.0,0.0,0.0,1.0,0.0
CHEMBL1993627,CHEMBL1993627,OC1=C(/C=N/c2ccc3c(c2)OCO3)CCc2ccccc21,430.0,6.366531544420413,active,1,1.0,430.0,0.0,0.0,1.0,0.0,0.0,0.0,0.0,0.0,1.0
CHEMBL1501597,CHEMBL1501597,Oc1cc(-c2ccc(Br)cc2)[nH]n1,718.0,6.1438755557577,active,1,1.0,718.0,1.0,0.0,1.0,0.0,1.0,0.0,0.0,1.0,0.0
CHEMBL1734451,CHEMBL1734451,CC1=NNC(=O)C1Cc1c(Cl)cccc1Cl,642.0,6.192464971931146,active,1,1.0,642.0,1.0,0.0,0.0,0.0,0.0,0.0,0.0,1.0,0.0
CHEMBL1411044,CHEMBL1411044,COc1cc(C(c2c(C)n[nH]c2O)c2c(C)n[nH]c2O)ccc1OCc1ccc([N+](=O)[O-])cc1,178.0,6.7495799976911055,active,1,1.0,178.0,1.0,0.0,1.0,0.0,1.0,0.0,0.0,1.0,0.0
CHEMBL1387900,CHEMBL1387900,Cc1nc2ccccc2c2c1C(=O)N(c1cccc(C(=O)O)c1)C2=O,17000.0,4.769551078621726,inactive,0,1.0,17000.0,0.0,0.0,0.0,0.0,0.0,0.0,0.0,1.0,1.0
CHEMBL3191989,CHEMBL3191989,O=C(CCl)/N=c1\sccn1Cc1ccc(Cl)cc1Cl,15100.0,4.82102305270683,inactive,0,1.0,15100.0,0.0,1.0,1.0,0.0,0.0,1.0,0.0,0.0,0.0
CHEMBL1482281,CHEMBL1482281,O=C(Oc1ccc(Br)cc1C(=S)N1CCOCC1)c1cccc([N+](=O)[O-])c1,23100.0,4.636388020107856,inactive,0,0.0,23100.0,0.0,1.0,0.0,0.0,0.0,0.0,0.0,0.0,0.0
CHEMBL3191855,CHEMBL3191855,COc1ccc(S(=O)(=O)/N=C2\C=C(Nc3ccc(O)cc3)C(=O)c3ccccc32)cc1,141.0,6.85078088734462,active,1,1.0,141.0,0.0,0.0,1.0,0.0,1.0,0.0,0.0,0.0,1.0
CHEMBL1607648,CHEMBL1607648,Cc1nc2c(-c3ccc(F)cc3)c(C)nn2c(O)c1Cl,11000.0,4.958607314841775,inactive,0,1.0,11000.0,1.0,0.0,0.0,1.0,1.0,0.0,1.0,1.0,1.0
CHEMBL1385784,CHEMBL1385784,CC(=O)n1cc(N(C(=O)CCl)c2ccc(Cl)cc2)c2ccccc21,346.0,6.460923901207224,active,1,1.0,346.0,0.0,0.0,1.0,1.0,1.0,0.0,0.0,1.0,1.0
CHEMBL1443601,CHEMBL1443601,COC(=O)c1ccc2c(c1O)C(=O)c1ccccc1C2=O,925.0,6.033858267260968,active,1,1.0,925.0,0.0,0.0,0.0,0.0,0.0,0.0,0.0,1.0,0.0
CHEMBL1794266,CHEMBL1794266,CC1=NN(C)C(=O)C1Cc1c(F)cccc1Cl,740.0,6.130768280269024,active,1,1.0,740.0,1.0,0.0,0.0,0.0,0.0,0.0,0.0,1.0,0.0
CHEMBL1407208,CHEMBL1407208,CCOc1cc(/C=C2/C(=N)N3C(=NC2=O)SN=C3S(=O)(=O)C(C)C)ccc1OC(=O)c1ccco1,18600.0,4.730487055782084,inactive,0,1.0,18600.0,0.0,1.0,0.0,0.0,1.0,1.0,1.0,0.0,0.0
CHEMBL1494100,CHEMBL1494100,CCCCn1c(N)c(C(=O)NCc2cccs2)c2nc3ccccc3nc21,47400.0,4.324221658325915,inactive,0,0.0,47400.0,0.0,1.0,0.0,0.0,0.0,1.0,0.0,1.0,1.0
CHEMBL1305372,CHEMBL1305372,O=C1/C(=C/c2ccccc2F)SC(=S)N1CC(=O)N1CCCCC1c1cccnc1,18600.0,4.730487055782084,inactive,0,1.0,18600.0,0.0,0.0,0.0,0.0,0.0,0.0,0.0,1.0,1.0
CHEMBL1454614,CHEMBL1454614,O=C1C=C(N2CCOCC2)c2ccccc2C1=O,150.0,6.823908740944319,active,1,1.0,150.0,0.0,1.0,0.0,0.0,0.0,0.0,0.0,0.0,1.0
CHEMBL1391527,CHEMBL1391527,COc1ccc(NC2=C(NCCO)C(=O)c3ccccc3C2=O)cc1,21900.0,4.6595558851598815,inactive,0,1.0,21900.0,0.0,1.0,0.0,0.0,0.0,0.0,0.0,1.0,1.0
CHEMBL1308058,CHEMBL1308058,O=C1C(Cl)=C(N2CCCCCC2)C(=O)N1c1ccccc1,10300.0,4.987162775294828,inactive,0,0.0,10300.0,0.0,0.0,0.0,1.0,0.0,0.0,0.0,0.0,1.0
CHEMBL1609672,CHEMBL1609672,CCCc1n[nH]c2c1C(c1ccc(OC)c(Cn3nnc4ccccc43)c1)C(C#N)=C(N)O2,283.0,6.548213564475709,active,1,1.0,283.0,1.0,0.0,1.0,1.0,0.0,0.0,1.0,1.0,0.0
CHEMBL1531579,CHEMBL1531579,NNc1nnc(S)n1N,86400.0,4.063486257521107,inactive,0,0.0,86400.0,0.0,0.0,0.0,0.0,0.0,0.0,0.0,0.0,0.0
CHEMBL1585382,CHEMBL1585382,CC(C)(C)c1ccc(C(=O)Cn2cnnc2C#N)cc1,20000.0,4.698970004336019,inactive,0,1.0,20000.0,0.0,0.0,1.0,0.0,0.0,1.0,1.0,0.0,0.0
CHEMBL1348057,CHEMBL1348057,O=C(NCc1cccnc1)/C(=C/c1ccc(-c2ccc(Cl)cc2)o1)S(=O)(=O)c1ccccc1,27300.0,4.563837352959244,inactive,0,0.0,27300.0,0.0,0.0,0.0,0.0,1.0,0.0,0.0,1.0,0.0
CHEMBL1583199,CHEMBL1583199,N#Cc1c(N2CCCC2)nc(N)c2c(N)nc(N3CCCC3)cc12,109.0,6.962573502059376,active,1,1.0,109.0,0.0,1.0,0.0,0.0,0.0,0.0,0.0,1.0,0.0
CHEMBL3193639,CHEMBL3193639,Cc1c(/N=C2\C=CC(=O)c3ccccc32)c(=O)n(-c2ccccc2)n1C,768.0,6.114638779968487,active,1,1.0,768.0,1.0,0.0,0.0,0.0,0.0,0.0,1.0,0.0,1.0
CHEMBL1453368,CHEMBL1453368,Cc1cc(C)nc(N2N=C(C(C)(C)C)CC2=O)n1,10900.0,4.962573502059376,inactive,0,0.0,10900.0,1.0,1.0,0.0,0.0,0.0,1.0,0.0,0.0,0.0
CHEMBL1439030,CHEMBL1439030,CC(=O)c1c(Cl)nc2cccc3c2c1-c1ccccc1C3=O,297.0,6.527243550682788,active,1,1.0,297.0,0.0,0.0,0.0,0.0,0.0,0.0,0.0,1.0,0.0
CHEMBL1579455,CHEMBL1579455,O=C1CS/C(=C\[N+](=O)[O-])N1c1ccc(OC(F)(F)F)cc1,10900.0,4.962573502059376,inactive,0,0.0,10900.0,0.0,0.0,0.0,0.0,0.0,0.0,0.0,0.0,1.0
CHEMBL1601712,CHEMBL1601712,Cc1cccc(C(=O)c2cnc3ccccc3c2-c2ccccc2)c1,22800.0,4.642065152999546,inactive,0,1.0,22800.0,0.0,0.0,0.0,0.0,0.0,0.0,0.0,1.0,0.0
CHEMBL1341756,CHEMBL1341756,Cc1ccc(C2CC(c3cccs3)=NN2C(=O)CCl)cc1,943.0,6.025488307262672,active,1,1.0,943.0,1.0,0.0,1.0,1.0,0.0,0.0,1.0,1.0,1.0
CHEMBL1313973,CHEMBL1313973,Clc1ccc(-c2nnc(Sc3nc4ccccc4o3)c3ccccc23)cc1,405.0,6.392544976785331,active,1,1.0,405.0,1.0,1.0,0.0,1.0,0.0,1.0,0.0,1.0,1.0
CHEMBL3189511,CHEMBL3189511,CC(=O)Nc1ccccc1NC(=O)C/C(C)=N/NC(=O)C(=O)N1CCCCC1,891.0,6.050122295963125,active,1,0.0,891.0,1.0,0.0,0.0,0.0,0.0,0.0,0.0,1.0,1.0
CHEMBL1383632,CHEMBL1383632,CC(C)(C)c1cc[n+](C2=C([N-]S(=O)(=O)c3cccs3)C(=O)c3ccccc3C2=O)cc1,950.0,6.022276394711152,active,1,1.0,950.0,0.0,0.0,0.0,0.0,1.0,0.0,0.0,0.0,0.0
CHEMBL3145001,CHEMBL3145001,Cc1[nH]n(-c2ccccc2)c(=O)c1C(c1ccc(C(=O)O)cc1)c1c(C)[nH]n(-c2ccccc2)c1=O,656.0,6.18309616062434,active,1,1.0,656.0,1.0,0.0,1.0,0.0,0.0,0.0,0.0,0.0,1.0
CHEMBL1376516,CHEMBL1376516,CCOC(=O)C1=C(c2ccccc2)N=C(N)NC1c1ccc(OCc2ccc(Cl)cc2)c(OC)c1,14300.0,4.844663962534939,inactive,0,1.0,14300.0,0.0,1.0,0.0,0.0,0.0,1.0,0.0,0.0,0.0
CHEMBL1521024,CHEMBL1521024,Cc1n[nH]c(O)c1C(c1cc2c(cc1Br)OCO2)c1c(C)n[nH]c1O,352.0,6.453457336521868,active,1,1.0,352.0,1.0,0.0,1.0,0.0,1.0,0.0,0.0,1.0,0.0
CHEMBL1720482,CHEMBL1720482,CNCC(O)CN(c1ccccc1)c1ccccc1,10800.0,4.966576244513051,inactive,0,0.0,10800.0,0.0,1.0,0.0,0.0,0.0,0.0,0.0,0.0,0.0
CHEMBL1333634,CHEMBL1333634,Cc1ccc(N/C([S-])=C(/C(=O)c2ccc(F)cc2)[n+]2ccccc2)cc1,69700.0,4.15676722190199,inactive,0,1.0,69700.0,0.0,0.0,0.0,0.0,0.0,0.0,0.0,0.0,0.0
CHEMBL3198793,CHEMBL3198793,CC1=C(C)/C(=N\OC(=O)/C=C/c2ccccc2)C=CC1=O,532.0,6.274088367704952,active,1,0.0,532.0,1.0,0.0,0.0,0.0,0.0,0.0,0.0,1.0,0.0
CHEMBL1328462,CHEMBL1328462,COc1ccc(-c2cc(C(F)(F)F)nc(S(=O)(=O)CCCC(=O)Nc3cccc(O)c3)n2)cc1OC,11300.0,4.94692155651658,inactive,0,1.0,11300.0,0.0,1.0,0.0,0.0,1.0,1.0,0.0,1.0,1.0
CHEMBL3199015,CHEMBL3199015,CC1=NC2(O)c3ccccc3C(=O)C2(O)/C1=C(/O)OC(C)C,14700.0,4.832682665251824,inactive,0,1.0,14700.0,0.0,1.0,0.0,0.0,0.0,0.0,1.0,1.0,1.0
CHEMBL1428003,CHEMBL1428003,CCCCOc1ccc(C(=O)C(CN2CCOCC2)c2ccccc2)cc1,26700.0,4.573488738635425,inactive,0,1.0,26700.0,0.0,1.0,0.0,0.0,0.0,0.0,0.0,1.0,0.0
CHEMBL3195220,CHEMBL3195220,CC1=C(C)/C(=N/OC(=O)c2cccc([N+](=O)[O-])c2)C=CC1=O,418.0,6.3788237182249645,active,1,0.0,418.0,1.0,0.0,0.0,0.0,0.0,0.0,0.0,0.0,0.0
CHEMBL1382853,CHEMBL1382853,CCN(CC)CCNC(=O)c1ccc2c(c1NCCO)C(=O)c1ccccc1C2=O,524.0,6.280668713016274,active,1,1.0,524.0,0.0,1.0,0.0,0.0,0.0,0.0,0.0,1.0,1.0
CHEMBL1594394,CHEMBL1594394,COCc1n[nH]c2c1C(c1cccc(OC)c1)C(C#N)=C(N)O2,27000.0,4.568636235841013,inactive,0,1.0,27000.0,1.0,1.0,1.0,1.0,0.0,0.0,1.0,0.0,0.0
CHEMBL1388137,CHEMBL1388137,CC(=O)n1cc(N(C(=O)CCl)c2ccccc2)c2ccccc21,347.0,6.459670525209127,active,1,1.0,347.0,0.0,0.0,1.0,1.0,0.0,0.0,0.0,1.0,1.0
CHEMBL1405071,CHEMBL1405071,Br.COc1ccc(-c2csc(Nc3ccc(O)cc3)n2)cc1,122900.0,3.910448117113546,inactive,0,1.0,122900.0,0.0,1.0,0.0,0.0,0.0,1.0,0.0,1.0,0.0
CHEMBL1499567,CHEMBL1499567,CCOC(=O)CSCC(=O)N1N=C(c2cccs2)CC1c1ccc(F)cc1,15100.0,4.82102305270683,inactive,0,1.0,15100.0,1.0,0.0,1.0,0.0,0.0,0.0,1.0,1.0,1.0
CHEMBL1794123,CHEMBL1794123,CC1=NNC(=O)C1Cc1ccccc1,294.0,6.531652669587842,active,1,1.0,294.0,1.0,0.0,0.0,0.0,0.0,0.0,0.0,1.0,0.0
CHEMBL1351755,CHEMBL1351755,COc1ccc(C(C(=O)NC2CCCCC2)N(C(=O)CCl)c2ccc(Cl)cc2)cc1,236.0,6.627087997029893,active,1,1.0,236.0,0.0,0.0,0.0,1.0,1.0,0.0,0.0,1.0,1.0
CHEMBL1467294,CHEMBL1467294,Cc1cc(Nc2ccccc2)c2c([N+](=O)[O-])ccc(C)c2n1,551.0,6.258848401148216,active,1,1.0,551.0,0.0,0.0,0.0,0.0,0.0,0.0,0.0,1.0,0.0
CHEMBL1506351,CHEMBL1506351,O=C(COC(=O)c1ccc2c(c1[N+](=O)[O-])C(=O)c1ccccc1C2=O)NC1CC1,238.0,6.623423042943488,active,1,1.0,238.0,0.0,1.0,0.0,0.0,0.0,0.0,0.0,1.0,0.0
CHEMBL388590,CHEMBL388590,CCc1oc2ccccc2c1C(=O)c1cc(Br)c(O)c(Br)c1,11500.0,4.939302159646388,inactive,0,1.0,11500.0,0.0,0.0,0.0,0.0,0.0,0.0,0.0,1.0,0.0
CHEMBL1586439,CHEMBL1586439,O=C1c2cc([N+](=O)[O-])ccc2-c2ncccc21,11100.0,4.954677021213342,inactive,0,1.0,11100.0,0.0,0.0,0.0,0.0,0.0,0.0,0.0,1.0,1.0
CHEMBL1524399,CHEMBL1524399,CC(C)(C)OC(=O)N1CCC(c2cc(O)[nH]n2)CC1,674.0,6.17134010346468,active,1,1.0,674.0,1.0,0.0,1.0,0.0,1.0,1.0,0.0,1.0,1.0
CHEMBL3145176,CHEMBL3145176,Cc1nn(-c2ccc(F)cc2)c(O)c1C(c1cccc(O)c1)c1c(C)[nH]n(-c2ccc(F)cc2)c1=O,856.0,6.067526235322847,active,1,1.0,856.0,1.0,0.0,0.0,0.0,1.0,0.0,0.0,1.0,1.0
CHEMBL1464042,CHEMBL1464042,COC(=O)c1sc(-c2ccc(C(C)(C)C)cc2)cc1NC(=O)/C=C/C(=O)O,701.0,6.154281982033341,active,1,1.0,701.0,0.0,0.0,0.0,0.0,0.0,0.0,0.0,1.0,1.0
CHEMBL1721990,CHEMBL1721990,CC(=O)C12CC(C)=C(C)CC1CC1C3CCC4=CC(=O)CCC4(C)C3CCC12C,289400.0,3.5385014732169813,inactive,0,0.0,289400.0,0.0,0.0,0.0,0.0,0.0,0.0,0.0,0.0,0.0
CHEMBL1303810,CHEMBL1303810,O=C(OCn1ncc(Br)c(Br)c1=O)c1ccccc1Cl,472.0,6.326058001365912,active,1,0.0,472.0,1.0,0.0,0.0,1.0,1.0,0.0,1.0,0.0,0.0
CHEMBL527336,CHEMBL527336,Cc1ccc(NC2=C(N3CCCCC3)C(=O)c3ccccc3C2=O)cc1,619.0,6.2083093509798815,active,1,1.0,619.0,0.0,0.0,0.0,0.0,0.0,0.0,0.0,1.0,0.0
CHEMBL1480242,CHEMBL1480242,CCOCC(=O)NCc1ccc2c(c1)cc(C)n2C,23600.0,4.627087997029894,inactive,0,1.0,23600.0,0.0,1.0,0.0,0.0,0.0,0.0,0.0,1.0,1.0
CHEMBL1608044,CHEMBL1608044,Nc1ccc(Oc2ncccn2)cc1,13800.0,4.860120913598763,inactive,0,0.0,13800.0,0.0,0.0,0.0,1.0,0.0,1.0,0.0,0.0,0.0
CHEMBL1497427,CHEMBL1497427,CCC(c1nnnn1Cc1ccco1)N(Cc1cc2cc(OC)ccc2nc1O)C1CCCCC1,40200.0,4.39577394691553,inactive,0,1.0,40200.0,0.0,1.0,0.0,0.0,0.0,1.0,0.0,1.0,1.0
CHEMBL1307207,CHEMBL1307207,NC(=O)C1CCN(C2=C(Cl)C(=O)c3ccccc3C2=O)CC1,146.0,6.835647144215563,active,1,1.0,146.0,0.0,0.0,0.0,1.0,0.0,0.0,0.0,1.0,1.0
CHEMBL1481463,CHEMBL1481463,Cc1n[nH]c(O)c1C(c1ccc(F)cc1)c1c(C)n[nH]c1O,291.0,6.536107011014092,active,1,1.0,291.0,1.0,0.0,1.0,0.0,1.0,0.0,0.0,1.0,0.0
CHEMBL1442136,CHEMBL1442136,O=C(NCCc1ccccc1)C(c1cccs1)N(C(=O)CCl)c1ccc(Cl)cc1,233.0,6.632644078973981,active,1,1.0,233.0,0.0,0.0,0.0,1.0,1.0,0.0,0.0,1.0,1.0
CHEMBL1556498,CHEMBL1556498,COc1ccc(C(=O)C2C(c3ccc(-c4ccccc4[N+](=O)[O-])o3)NC(=O)NC2(O)C(F)(F)F)cc1,21500.0,4.667561540084395,inactive,0,1.0,21500.0,0.0,1.0,1.0,0.0,0.0,1.0,1.0,1.0,1.0
CHEMBL1437683,CHEMBL1437683,O=[N+]([O-])c1ccc(S(=O)(=O)c2cccc(C(F)(F)F)c2)nc1,14200.0,4.847711655616943,inactive,0,0.0,14200.0,0.0,0.0,0.0,0.0,1.0,0.0,0.0,0.0,0.0
CHEMBL1794195,CHEMBL1794195,Cl.Nc1ccc(O)c2ccccc12,10100.0,4.995678626217358,inactive,0,0.0,10100.0,0.0,0.0,0.0,0.0,0.0,0.0,0.0,1.0,0.0
CHEMBL1502781,CHEMBL1502781,CCOc1cc(C(c2c(C)n[nH]c2O)c2c(C)n[nH]c2O)cc(Br)c1OC,231.0,6.636388020107855,active,1,1.0,231.0,1.0,0.0,1.0,0.0,1.0,0.0,0.0,1.0,0.0
CHEMBL1442141,CHEMBL1442141,O=C(CSc1ncnc2c1nnn2Cc1ccc(F)cc1)NCC1CCCO1,10200.0,4.991399828238082,inactive,0,0.0,10200.0,0.0,1.0,0.0,0.0,0.0,1.0,0.0,0.0,0.0
CHEMBL1498127,CHEMBL1498127,CCN=C(S)N=Nc1c(O)[nH]c2ccc([N+](=O)[O-])cc12,56600.0,4.247183568811729,inactive,0,1.0,56600.0,0.0,1.0,1.0,0.0,0.0,1.0,0.0,1.0,1.0
CHEMBL2095095,CHEMBL2095095,O=C1C(Nc2ccccc2)=C/C(=N/S(=O)(=O)c2cccs2)c2ccccc21,143.0,6.844663962534938,active,1,1.0,143.0,0.0,0.0,1.0,1.0,1.0,0.0,0.0,0.0,0.0
CHEMBL1735634,CHEMBL1735634,COc1ccc(CC(=O)O/N=C(\N)Cc2cccc3ccccc23)cc1OC,18200.0,4.739928612014925,inactive,0,1.0,18200.0,0.0,0.0,0.0,0.0,0.0,0.0,0.0,1.0,0.0
CHEMBL1508375,CHEMBL1508375,O=C(CCCN1C(=O)/C(=C\c2ccccc2)SC1=S)Nc1ccc(O)cc1,27800.0,4.555955204081924,inactive,0,0.0,27800.0,0.0,0.0,0.0,0.0,0.0,0.0,0.0,0.0,1.0
CHEMBL3195410,CHEMBL3195410,CCc1ccc(S(=O)(=O)/N=C2\C=C(Nc3ccc(C(=O)O)cc3)C(=O)c3ccccc32)cc1,124.0,6.906578314837764,active,1,1.0,124.0,0.0,0.0,1.0,0.0,1.0,0.0,0.0,0.0,0.0
CHEMBL1374083,CHEMBL1374083,Cc1ccc(-c2cc(O)[nH]n2)c(C)c1,502.0,6.29929628285498,active,1,1.0,502.0,1.0,0.0,1.0,0.0,1.0,0.0,0.0,1.0,0.0
CHEMBL566068,CHEMBL566068,Oc1cc(-c2ccc(Cl)c(Cl)c2)[nH]n1,852.0,6.0695604052333,active,1,1.0,852.0,1.0,0.0,1.0,0.0,1.0,0.0,0.0,1.0,0.0
CHEMBL1965172,CHEMBL1965172,Cc1nnc(N/N=C\c2ccc(-c3ccccc3[N+](=O)[O-])o2)n1N,23500.0,4.628932137728263,inactive,0,0.0,23500.0,0.0,1.0,0.0,0.0,0.0,0.0,0.0,1.0,0.0
CHEMBL1698050,CHEMBL1698050,CCSc1c([N+](=O)[O-])c(=O)n(-c2ccccc2)c2ccccc12,154600.0,3.810790510417694,inactive,0,1.0,154600.0,0.0,0.0,0.0,0.0,0.0,0.0,0.0,0.0,1.0
CHEMBL1576416,CHEMBL1576416,Oc1ncc(NCCc2ccccc2)c(O)n1,10100.0,4.995678626217358,inactive,0,1.0,10100.0,0.0,1.0,0.0,0.0,0.0,0.0,1.0,1.0,0.0
CHEMBL1416713,CHEMBL1416713,CCc1cccc(CC)c1NC(=O)/C(C#N)=C/c1ccccc1C(F)(F)F,11700.0,4.931814138253839,inactive,0,1.0,11700.0,0.0,0.0,0.0,0.0,0.0,0.0,0.0,0.0,1.0
CHEMBL1483312,CHEMBL1483312,CC(C)N(c1ccccc1)c1ccc(NC(=O)CCl)cc1,505.0,6.296708621881338,active,1,0.0,505.0,0.0,0.0,0.0,1.0,0.0,0.0,0.0,0.0,1.0
CHEMBL1301672,CHEMBL1301672,CCOc1ccccc1N1CCN(C(=O)c2ccc(-c3ccc(OC(C)=O)cc3)cc2)CC1,58400.0,4.2335871528876,inactive,0,0.0,58400.0,0.0,1.0,0.0,0.0,0.0,0.0,0.0,1.0,0.0
CHEMBL1532174,CHEMBL1532174,CC1(N2CCOCC2)CC2(O)C(=[N+]1[O-])CCc1nonc12,11900.0,4.924453038607469,inactive,0,1.0,11900.0,0.0,1.0,0.0,0.0,0.0,1.0,1.0,0.0,0.0
CHEMBL3145170,CHEMBL3145170,Cc1[nH]n(C(N)=S)c(=O)c1C(c1ccccc1)C(C#N)C#N,12900.0,4.889410289700751,inactive,0,1.0,12900.0,1.0,0.0,0.0,0.0,0.0,1.0,0.0,0.0,0.0
CHEMBL57013,CHEMBL57013,COC(=O)c1nc(-c2ccc3c(n2)C(=O)C(=N)C(OC)=C3O)c(N)c(-c2ccc(OC)c(OC)c2O)c1C,342.0,6.465973893943865,active,1,1.0,342.0,0.0,1.0,0.0,0.0,0.0,0.0,0.0,1.0,1.0
CHEMBL1567246,CHEMBL1567246,CCOc1ccc(C(c2c(C)n[nH]c2O)c2c(C)n[nH]c2O)cc1OCC,183.0,6.73754891026957,active,1,1.0,183.0,1.0,0.0,1.0,0.0,1.0,0.0,0.0,1.0,0.0
CHEMBL3214331,CHEMBL3214331,O=C(N/N=C/c1ccc(OC(=O)c2ccco2)cc1)c1ccc[n+]([O-])c1,24600.0,4.609064892896621,inactive,0,1.0,24600.0,1.0,0.0,0.0,0.0,0.0,0.0,1.0,0.0,0.0
CHEMBL1407708,CHEMBL1407708,O=C(c1n[nH]cc1-c1ccc(Cl)cc1)C1CO1,20900.0,4.679853713888946,inactive,0,1.0,20900.0,1.0,0.0,0.0,0.0,0.0,0.0,0.0,1.0,0.0
CHEMBL179794,CHEMBL179794,Cc1nc2ccccc2c2c1C(=O)N(C)C2=O,794.0,6.100179497572904,active,1,1.0,794.0,0.0,0.0,0.0,0.0,0.0,0.0,0.0,1.0,1.0
CHEMBL1479725,CHEMBL1479725,Cc1ccc2c(c1)c1nnc(SCC(=O)Nc3ccc(N(C)C)cc3)nc1n2CC(=O)O,483.0,6.316052869248487,active,1,1.0,483.0,0.0,1.0,0.0,0.0,0.0,1.0,0.0,1.0,1.0
CHEMBL1984648,CHEMBL1984648,Cc1cccc(/N=C2\C(Cl)=C(O)OC2OC(=O)c2ccco2)c1,12900.0,4.889410289700751,inactive,0,0.0,12900.0,0.0,1.0,0.0,1.0,0.0,0.0,1.0,0.0,0.0
CHEMBL1077990,CHEMBL1077990,COC(=O)c1sc(-c2cccs2)cc1NC(=O)/C=C/C(=O)O,15200.0,4.818156412055227,inactive,0,0.0,15200.0,0.0,0.0,0.0,0.0,0.0,0.0,0.0,1.0,1.0
CHEMBL3195005,CHEMBL3195005,Cc1cccc(/C=N/NC(=O)C(C)Nc2cccc3ccccc23)n1,47100.0,4.326979092871104,inactive,0,0.0,47100.0,1.0,0.0,0.0,0.0,0.0,0.0,0.0,1.0,0.0
CHEMBL1581228,CHEMBL1581228,CCOc1ccccc1Oc1coc2cc(OC(=O)c3ccco3)ccc2c1=O,35700.0,4.447331783887806,inactive,0,0.0,35700.0,0.0,0.0,1.0,0.0,0.0,0.0,0.0,0.0,0.0
CHEMBL586029,CHEMBL586029,CCOC(=O)C1CCN(C(=O)c2c(C)oc3c2C(=O)c2ccccc2C3=O)CC1,645.0,6.1904402853647325,active,1,1.0,645.0,0.0,0.0,1.0,0.0,0.0,0.0,0.0,0.0,1.0
CHEMBL1299269,CHEMBL1299269,CC1=NN(c2cccc(Cl)c2)C(=O)C12CC(C)=C(C)CS2,13200.0,4.87942606879415,inactive,0,0.0,13200.0,1.0,0.0,0.0,0.0,0.0,0.0,0.0,1.0,1.0
CHEMBL1339956,CHEMBL1339956,CCOc1cc(/C=C(\C#N)C(=O)Nc2cccc(C(=O)O)c2)cc(Br)c1OC(=O)c1ccc(OC)cc1,13200.0,4.87942606879415,inactive,0,1.0,13200.0,0.0,0.0,0.0,0.0,0.0,0.0,1.0,0.0,1.0
CHEMBL3145155,CHEMBL3145155,COc1cccc(C(c2c(C)[nH]n(-c3ccccc3)c2=O)c2c(C)[nH]n(-c3ccccc3)c2=O)c1O,829.0,6.081445469449727,active,1,1.0,829.0,1.0,0.0,1.0,0.0,0.0,0.0,0.0,0.0,1.0
CHEMBL3145102,CHEMBL3145102,COC(=O)Cc1cc(=O)n(-c2ccccc2)[nH]1,14000.0,4.853871964321762,inactive,0,0.0,14000.0,1.0,0.0,0.0,0.0,1.0,0.0,0.0,0.0,1.0
CHEMBL1609951,CHEMBL1609951,COc1ccc(N(C(=O)c2ccco2)S(=O)(=O)c2cccs2)cc1,32600.0,4.486782399932061,inactive,0,1.0,32600.0,0.0,1.0,0.0,1.0,1.0,0.0,1.0,0.0,1.0
CHEMBL1598272,CHEMBL1598272,COc1cc(C(c2c(C)n[nH]c2O)c2c(C)n[nH]c2O)cc(OC)c1OC,262.0,6.581698708680255,active,1,1.0,262.0,1.0,0.0,1.0,0.0,1.0,0.0,0.0,1.0,0.0
CHEMBL1600712,CHEMBL1600712,CCOC(=O)c1c(N=C(S)N2CCOCC2)sc2c1CCN(C(=O)OCC)C2,20100.0,4.696803942579511,inactive,0,1.0,20100.0,0.0,1.0,0.0,0.0,0.0,1.0,0.0,1.0,0.0
CHEMBL1441508,CHEMBL1441508,Clc1ccc(C2=C3CCCCn4c(-c5ccccc5)c[n+](c43)C2)cc1.[Br-],50000.0,4.301029995663981,inactive,0,1.0,50000.0,0.0,1.0,0.0,0.0,0.0,1.0,1.0,1.0,0.0
CHEMBL1734820,CHEMBL1734820,COC(=O)COc1c(Cl)cc(C(c2c(C)n[nH]c2O)c2c(C)n[nH]c2O)cc1OC,158.0,6.801342913045577,active,1,1.0,158.0,1.0,0.0,1.0,0.0,1.0,0.0,0.0,1.0,0.0
CHEMBL1347107,CHEMBL1347107,COC(=O)c1ccc(-c2ccc(C(c3c(C)n[nH]c3O)c3c(C)n[nH]c3O)o2)cc1,348.0,6.458420756053419,active,1,1.0,348.0,1.0,0.0,1.0,0.0,1.0,0.0,0.0,1.0,0.0
CHEMBL1370838,CHEMBL1370838,Cc1[nH]c2ccccc2c1C(C#N)(C#N)C1C(=O)c2ccccc2C1=O,297.0,6.527243550682788,active,1,1.0,297.0,0.0,0.0,1.0,0.0,0.0,0.0,0.0,1.0,0.0
CHEMBL1366795,CHEMBL1366795,O=c1c2ccccc2nc(/C=C/c2cccnc2)n1CCc1ccccc1,12000.0,4.920818753952375,inactive,0,1.0,12000.0,0.0,1.0,1.0,0.0,0.0,1.0,1.0,1.0,1.0
CHEMBL1540463,CHEMBL1540463,CN1C(=O)C(=C2CC(c3ccccc3)N(C(=O)CCl)N2)C(=O)N(C)C1=O,351.0,6.454692883534176,active,1,1.0,351.0,1.0,1.0,0.0,1.0,0.0,1.0,0.0,1.0,1.0
CHEMBL1388300,CHEMBL1388300,Cc1n[nH]c(O)c1C(c1ccc(-c2ccccc2C(=O)O)o1)c1c(C)n[nH]c1O,256.0,6.59176003468815,active,1,1.0,256.0,1.0,0.0,1.0,0.0,1.0,0.0,0.0,1.0,0.0
CHEMBL1505358,CHEMBL1505358,Cc1n[nH]c(O)c1C(c1cc([N+](=O)[O-])ccc1O)c1c(C)n[nH]c1O,262.0,6.581698708680255,active,1,1.0,262.0,1.0,0.0,1.0,0.0,1.0,0.0,0.0,1.0,0.0
CHEMBL1794157,CHEMBL1794157,CCCc1n[nH]c2c1C(c1ccc(OCCN3CCOCC3)c(OCC)c1)C(C#N)=C(N)O2,10000.0,5.0,inactive,0,1.0,10000.0,1.0,1.0,1.0,1.0,0.0,0.0,0.0,0.0,0.0
CHEMBL1405287,CHEMBL1405287,CCOC(=O)c1nn(-c2ccc(C)cc2)c(=O)c2c(N)scc12,11400.0,4.943095148663527,inactive,0,1.0,11400.0,1.0,1.0,1.0,0.0,0.0,0.0,0.0,0.0,1.0
CHEMBL1525860,CHEMBL1525860,CC(=O)NC1N=C(C)N(c2ccccc2)C1=O,10700.0,4.97061622231479,inactive,0,0.0,10700.0,0.0,1.0,0.0,0.0,0.0,1.0,1.0,1.0,1.0
CHEMBL1569877,CHEMBL1569877,CCOC(=O)C(CC)Sc1ncnc2c1nnn2-c1ccc(F)cc1,26700.0,4.573488738635425,inactive,0,0.0,26700.0,0.0,1.0,0.0,0.0,0.0,1.0,0.0,0.0,0.0
CHEMBL1521758,CHEMBL1521758,Cc1ccc(C)c(S(=O)(=O)Nc2ccc(O)c3ccccc23)c1,74.5,7.127843727251707,active,1,0.0,74.5,0.0,0.0,0.0,0.0,1.0,0.0,0.0,1.0,0.0
CHEMBL1568510,CHEMBL1568510,Cc1ccc(C(c2c(C)n[nH]c2O)c2c(C)n[nH]c2O)cc1,248.0,6.605548319173783,active,1,1.0,248.0,1.0,0.0,1.0,0.0,1.0,0.0,0.0,1.0,0.0
CHEMBL1601281,CHEMBL1601281,COc1ccc(C(=O)Nc2ccc(O)c3ccccc23)cc1,74.4,7.128427064454121,active,1,0.0,74.4,0.0,0.0,0.0,0.0,0.0,0.0,0.0,1.0,1.0
CHEMBL1557622,CHEMBL1557622,Cc1nnc(Sc2cc(NCCO)c([N+](=O)[O-])c3nonc23)s1,12400.0,4.906578314837765,inactive,0,0.0,12400.0,0.0,1.0,0.0,0.0,0.0,0.0,0.0,1.0,0.0
CHEMBL1381495,CHEMBL1381495,CCOP(=O)(OCC)C1(NS(=O)(=O)c2ccccc2)C=C(Cl)C(=O)c2ccccc21,558.0,6.253365801062421,active,1,1.0,558.0,0.0,0.0,0.0,0.0,1.0,0.0,0.0,0.0,0.0
CHEMBL1607176,CHEMBL1607176,Nc1cc(N)c2nonc2c1[N+](=O)[O-],39100.0,4.407823242604133,inactive,0,0.0,39100.0,0.0,0.0,0.0,0.0,0.0,0.0,0.0,0.0,0.0
CHEMBL1410091,CHEMBL1410091,Cc1oc2cc([N+](=O)[O-])c(O)c([N+](=O)[O-])c2c1C(=O)c1ccc(Cl)cc1,10400.0,4.982966660701219,inactive,0,1.0,10400.0,0.0,1.0,0.0,0.0,0.0,0.0,0.0,1.0,0.0
CHEMBL1572001,CHEMBL1572001,CC(C)(C)c1ccc(-n2nc(C#N)c(Cl)cc2=O)cc1,989.0,6.004803708402821,active,1,1.0,989.0,1.0,0.0,0.0,0.0,0.0,0.0,0.0,0.0,1.0
CHEMBL1449922,CHEMBL1449922,CCS(=O)(=O)C1=NN2C(=N)/C(=C\c3ccc(OC(=O)c4ccco4)cc3)C(=O)N=C2S1,19400.0,4.7121982700697735,inactive,0,1.0,19400.0,0.0,1.0,0.0,0.0,1.0,1.0,0.0,1.0,0.0
CHEMBL1307882,CHEMBL1307882,FC(F)(F)c1cccc(Oc2nc(-c3ccccc3)nnc2C(F)(F)F)c1,760.0,6.119186407719209,active,1,1.0,760.0,1.0,1.0,0.0,1.0,0.0,1.0,0.0,1.0,1.0
CHEMBL333767,CHEMBL333767,O=C(NNC(=O)c1ccc([N+](=O)[O-])o1)c1ccccc1,13500.0,4.8696662315049934,inactive,0,0.0,13500.0,1.0,1.0,0.0,0.0,0.0,0.0,1.0,1.0,0.0
CHEMBL1576509,CHEMBL1576509,COc1ccccc1/C=C1/C(=O)N(c2ccccc2)N=C1C,35.6,7.448550002027124,active,1,1.0,35.6,1.0,0.0,0.0,0.0,0.0,0.0,0.0,0.0,1.0
CHEMBL1349727,CHEMBL1349727,O=C(C1=C(c2ccccc2)C(=O)c2ccccc2C1=O)c1ccccc1,862.0,6.064492734175287,active,1,1.0,862.0,0.0,0.0,0.0,0.0,0.0,0.0,0.0,0.0,0.0
CHEMBL1412588,CHEMBL1412588,Cc1n[nH]c(O)c1C(c1cc(Br)ccc1O)c1c(C)n[nH]c1O,275.0,6.560667306169737,active,1,1.0,275.0,1.0,0.0,1.0,0.0,1.0,0.0,0.0,1.0,0.0
CHEMBL1507407,CHEMBL1507407,CCOC(=O)c1sc(N(Cc2ccccc2)C(=O)CCl)nc1C,790.0,6.102372908709558,active,1,1.0,790.0,0.0,1.0,0.0,1.0,0.0,1.0,0.0,1.0,1.0
CHEMBL1362545,CHEMBL1362545,O=[N+]([O-])c1cccc2c([As](=O)(O)O)cccc12,10100.0,4.995678626217358,inactive,0,0.0,10100.0,0.0,0.0,0.0,0.0,0.0,0.0,0.0,1.0,0.0
CHEMBL1451836,CHEMBL1451836,CCOc1cc(C(c2c(C)n[nH]c2O)c2c(C)n[nH]c2O)ccc1O,240.0,6.619788758288394,active,1,1.0,240.0,1.0,0.0,1.0,0.0,1.0,0.0,0.0,1.0,0.0
