compound_name,pubchem_title,cid,canonical_smiles,molecular_formula,molecular_weight,xlogp,tpsa,hbd,hba,rotatable_bonds,Name,predicted_label,canonical_smiles_docking,pdb_id,binding_affinity_kcal_mol,docking_rank,binding_site_notes,GraphFP540,GraphFP140,GraphFP858,GraphFP116,PubchemFP590,SubFP169,GraphFP517,PubchemFP712,GraphFP271,GraphFP988,FP526,PubchemFP667,GraphFP1004,GraphFP783,PubchemFP644,PubchemFP375,ExtFP492,FP146,GraphFP348,FP636,AD2D91,MACCSFP77,PubchemFP477,GraphFP699,ExtFP404,GraphFP171,GraphFP892,GraphFP983,GraphFP786,ExtFP743,ExtFP243,FP351,FP725,ExtFP257,PubchemFP617,ExtFP159,GraphFP698,ExtFP311,FP599,GraphFP489,GraphFP716,GraphFP498,GraphFP277,PubchemFP613,GraphFP552,GraphFP940,PubchemFP467,ExtFP968,PubchemFP450,GraphFP641,GraphFP679,GraphFP695,GraphFP904,ExtFP194,PubchemFP390,FP403,FP322,PubchemFP614,PubchemFP431,GraphFP741,GraphFP891,FP666,ExtFP824,ExtFP424,GraphFP937,FP837,ExtFP442,FP338,FP619,FP775,FP249,FP235,ExtFP829,PubchemFP346,ExtFP491,GraphFP60,FP973,ExtFP953,ExtFP807,GraphFP302,AD2D92,MACCSFP117,GraphFP196,FP271,FP895,GraphFP285,GraphFP553,FP14,FP339,ExtFP947,GraphFP969,PubchemFP406,FP186,GraphFP73,FP1005,GraphFP397,ExtFP579,GraphFP154,EStateFP34,KRFP1148,xgb_probability_active,xgb_predicted_class,lipinski_violations,lipinski_pass,veber_pass,egan_like_pass,admet_support_score,admet_support,admet_flags,docking_support_norm,ml_support_norm,integrated_support_score,selection_note
pretomanid,Pretomanid,456199,C1C(COC2=NC(=CN21)[N+](=O)[O-])OCC3=CC=C(C=C3)OC(F)(F)F,C14H12F3N3O5,359.26,2.8,91.3,0,9,4,CID456199,inactive_like,,,,,,1,1,0,0,0,0,0,0,1,0,1,0,1,0,0,1,0,0,1,1,1,1,0,1,0,0,0,1,0,1,0,1,0,1,0,1,1,0,0,1,1,0,0,1,1,1,0,0,1,1,0,1,0,0,1,0,0,1,0,0,0,0,0,0,0,0,1,0,1,0,1,1,1,1,0,0,1,0,1,0,1,1,0,1,0,0,1,1,0,0,0,0,1,1,0,0,0,0,0,0,0.64030915,active_like,0,True,True,True,1.0,Supportive,no major heuristic alert,0.5,0.65708256,0.6721247792243957,ML/ADMET-supported comparator
clofazimine,Clofazimine,2794,CC(C)N=C1C=C2C(=NC3=CC=CC=C3N2C4=CC=C(C=C4)Cl)C=C1NC5=CC=C(C=C5)Cl,C27H22Cl2N4,473.4,7.1,40.0,1,4,4,CID2794,inactive_like,CC(C)N=C1C=C2C(=NC3=CC=CC=C3N2C4=CC=C(C=C4)Cl)C=C1NC5=CC=C(C=C5)Cl,1MO3,,,,0,0,0,0,0,0,0,0,0,0,1,0,0,0,0,0,1,1,0,1,0,0,0,0,1,0,1,0,0,0,0,1,0,1,0,1,0,1,1,0,0,0,1,1,0,0,0,1,0,0,0,0,0,0,1,0,0,0,1,0,0,0,1,0,0,1,0,0,1,0,1,0,0,0,0,0,0,1,0,0,0,0,0,0,1,0,0,0,0,0,0,0,0,0,0,0,0,0,0,0,0.7220598,active_like,1,True,True,False,0.6666666666666666,Supportive,high logP,0.5,0.74159425,0.6141449520985285,ML/ADMET-supported comparator
doxycycline,"4-(Dimethylamino)-1,5,10,11,12a-pentahydroxy-6-methyl-3,12-dioxo-3,4,4a,5,5a,6,12,12a-octahydrotetracene-2-carboximidic acid",54671203,CC1C2C(C3C(C(=O)C(=C(C3(C(=O)C2=C(C4=C1C=CC=C4O)O)O)O)C(=O)N)N(C)C)O,C22H24N2O8,444.4,-0.7,182.0,6,9,2,CID54671203,active_like,CC1C2C(C3C(C(=O)C(=C(C3(C(=O)C2=C(C4=C1C=CC=C4O)O)O)O)C(=O)N)N(C)C)O,1MO3,,,,0,0,0,0,1,1,0,1,0,0,0,1,0,0,0,0,1,1,0,0,0,0,0,0,0,0,1,0,1,0,0,0,0,1,1,0,0,0,0,0,1,0,0,1,0,0,0,0,0,0,0,0,0,0,1,0,0,0,0,0,0,0,1,1,0,1,1,0,1,1,0,0,0,1,0,1,0,0,1,0,1,1,0,0,0,0,0,0,0,0,0,1,1,0,0,0,0,0,1,1,0.9720232,active_like,1,True,False,False,0.3333333333333333,Borderline,"high HBD, high TPSA",0.5,1.0,0.6083333452542623,Lower confidence
atorvastatin,Atorvastatin,60823,CC(C)C1=C(C(=C(N1CCC(CC(CC(=O)O)O)O)C2=CC=C(C=C2)F)C3=CC=CC=C3)C(=O)NC4=CC=CC=C4,C33H35FN2O5,558.6,5.0,112.0,4,6,12,CID60823,inactive_like,,,,,,0,0,0,0,0,0,0,1,0,0,0,0,0,0,0,0,1,0,0,0,0,0,0,0,0,0,1,0,1,0,0,0,0,0,1,0,0,1,0,0,1,0,0,1,0,0,0,1,0,0,0,0,0,0,1,0,0,0,1,0,0,1,0,1,0,0,1,1,1,0,0,0,0,1,0,1,1,1,0,0,1,1,0,0,1,0,0,1,0,0,0,1,0,0,0,0,0,0,1,1,0.6676034,active_like,1,True,False,True,0.6666666666666666,Supportive,"high MW, high flexibility",0.5,0.6852986,0.5972562591234842,ML/ADMET-supported comparator
moxifloxacin,Moxifloxacin,152946,COC1=C2C(=CC(=C1N3CC4CCCNC4C3)F)C(=O)C(=CN2C5CC5)C(=O)O,C21H24FN3O4,401.4,0.6,82.1,2,8,4,CID152946,inactive_like,,,,,,1,1,0,1,0,0,0,0,0,0,1,1,0,0,0,0,0,1,0,0,0,0,0,0,0,0,1,0,0,0,1,0,0,1,1,0,0,1,0,0,1,0,1,1,0,0,0,1,0,0,0,0,0,1,1,0,0,0,0,0,0,0,0,1,0,0,0,0,1,1,0,0,1,0,0,1,0,1,0,0,0,0,0,0,0,0,0,0,1,0,0,1,1,0,1,0,0,0,1,1,0.28654817,inactive_like,0,True,True,True,1.0,Supportive,no major heuristic alert,0.5,0.2913736,0.5624120891094208,ML/ADMET-supported comparator
delamanid,Delamanid,6480466,CC1(CN2C=C(N=C2O1)[N+](=O)[O-])COC3=CC=C(C=C3)N4CCC(CC4)OC5=CC=C(C=C5)OC(F)(F)F,C25H25F3N4O6,534.5,5.6,104.0,0,11,7,CID6480466,inactive_like,,,,,,1,0,0,0,0,0,0,0,0,0,1,0,1,0,0,1,0,1,1,0,1,1,0,1,0,0,0,1,0,0,0,1,0,1,0,0,0,0,0,1,1,0,0,1,1,1,0,0,1,1,0,1,0,1,1,0,0,1,0,0,0,0,0,1,1,0,1,0,1,0,1,1,1,1,0,0,1,1,1,0,1,1,0,1,0,0,1,1,0,0,0,0,1,1,1,0,0,0,0,0,0.5274928,active_like,3,False,True,True,0.6666666666666666,Supportive,"high MW, high logP, high HBA",0.5,0.54045594,0.5538034598032633,ML/ADMET-supported comparator
ciprofloxacin,Ciprofloxacin,2764,C1CC1N2C=C(C(=O)C3=CC(=C(C=C32)N4CCNCC4)F)C(=O)O,C17H18FN3O3,331.34,-1.1,72.9,2,7,3,CID2764,inactive_like,,,,,,0,0,0,1,0,0,0,0,0,0,1,1,0,0,0,0,0,1,0,0,0,0,0,0,0,0,1,0,0,0,0,0,0,1,1,0,0,1,0,0,1,0,1,1,0,0,0,1,0,0,0,0,0,1,1,0,0,0,0,0,0,0,0,1,0,0,0,0,1,1,0,0,1,0,0,1,0,1,0,0,0,0,0,0,0,0,0,0,0,0,0,1,1,0,1,0,1,0,1,1,0.25521532,inactive_like,0,True,True,True,1.0,Supportive,no major heuristic alert,0.5,0.25898254,0.5526947662234306,ML/ADMET-supported comparator
levofloxacin,Levofloxacin,149096,CC1COC2=C3N1C=C(C(=O)C3=CC(=C2N4CCN(CC4)C)F)C(=O)O,C18H20FN3O4,361.4,-0.4,73.3,1,8,2,CID149096,inactive_like,,,,,,1,1,0,1,0,0,0,0,0,0,1,1,0,0,0,0,0,1,1,0,0,0,0,0,0,0,1,0,0,0,0,0,0,1,1,1,1,1,0,1,1,0,1,1,0,1,0,1,0,1,0,0,0,0,1,0,0,1,0,0,0,0,0,1,0,0,0,0,1,1,0,1,1,1,0,1,0,1,1,0,0,0,0,0,0,0,0,0,0,0,0,1,1,1,1,0,0,0,1,1,0.23357186,inactive_like,0,True,True,True,1.0,Supportive,no major heuristic alert,0.5,0.23660807,0.545982426404953,Lower confidence
prothionamide,Prothionamide,666418,CCCC1=NC=CC(=C1)C(=S)N,C9H12N2S,180.27,1.5,71.0,1,2,3,CID666418,active_like,CCCC1=NC=CC(=C1)C(=S)N,1MO3,,,,0,0,0,0,0,0,0,0,0,0,0,0,0,0,0,0,0,0,0,0,0,0,0,0,0,0,1,0,0,0,1,0,0,0,0,1,0,1,0,0,0,0,0,1,0,0,0,0,0,0,0,0,0,0,1,0,0,0,1,0,0,0,0,1,0,0,0,0,1,0,0,0,1,0,1,0,0,0,0,0,0,0,0,1,0,0,0,0,0,0,0,0,0,0,0,0,0,0,0,0,0.23212995,inactive_like,0,True,True,True,1.0,Supportive,no major heuristic alert,0.5,0.23511747,0.5455352425575256,Lower confidence
pyrazinamide,Pyrazinamide,1046,C1=CN=C(C=N1)C(=O)N,C5H5N3O,123.11,-0.6,68.9,1,3,1,CID1046,active_like,C1=CN=C(C=N1)C(=O)N,1MO3,,,,0,0,0,0,0,0,0,0,0,0,0,0,0,0,0,0,1,0,0,0,0,0,0,0,0,0,0,0,0,0,0,0,0,1,0,0,0,1,0,0,0,0,0,1,0,0,0,0,0,0,0,0,0,0,1,0,0,0,1,0,0,0,1,0,0,0,0,0,0,0,0,0,0,0,1,0,0,0,0,0,1,1,0,1,0,0,0,0,0,0,0,0,0,0,0,0,0,0,0,0,0.21193205,inactive_like,0,True,True,True,1.0,Supportive,no major heuristic alert,0.5,0.21423739,0.5392712190747261,Lower confidence
linezolid,Linezolid,441401,CC(=O)NCC1CN(C(=O)O1)C2=CC(=C(C=C2)N3CCOCC3)F,C16H20FN3O4,337.35,0.7,71.1,1,6,4,CID441401,inactive_like,,,,,,1,1,0,0,0,0,1,0,0,0,0,0,0,0,0,0,0,1,0,0,0,0,0,0,0,0,0,1,0,0,1,0,0,0,0,0,1,1,0,1,0,0,0,1,0,0,0,1,0,0,0,1,0,0,1,0,0,1,0,0,0,0,1,0,0,1,0,0,1,1,1,1,0,1,0,0,0,1,0,0,1,1,0,0,0,0,0,0,0,0,0,0,1,0,1,0,1,0,0,0,0.18565288,inactive_like,0,True,True,True,1.0,Supportive,no major heuristic alert,0.5,0.18707067,0.5311212040483951,Lower confidence
ethambutol,Ethambutol,14052,CCC(CO)NCCNC(CC)CO,C10H24N2O2,204.31,-0.1,64.5,4,4,9,CID14052,inactive_like,,,,,,1,0,0,0,0,0,0,0,0,0,0,0,0,0,0,0,0,0,0,0,0,0,0,0,0,0,1,0,1,0,0,0,0,0,1,0,0,0,0,0,0,0,0,1,0,0,0,0,0,0,0,0,0,0,1,0,0,0,0,0,0,0,0,0,0,0,0,0,1,0,0,0,0,1,0,1,0,0,0,0,0,0,0,0,0,0,0,0,0,0,0,1,1,0,1,0,1,0,1,1,0.11176073,inactive_like,0,True,True,True,1.0,Supportive,no major heuristic alert,0.5,0.11068287,0.5082048609852791,Lower confidence
ketoconazole,Ketoconazole,47576,CC(=O)N1CCN(CC1)C2=CC=C(C=C2)OCC3COC(O3)(CN4C=CN=C4)C5=C(C=C(C=C5)Cl)Cl,C26H28Cl2N4O4,531.4,4.3,69.1,0,6,7,CID47576,inactive_like,,,,,,1,1,0,0,0,0,1,0,0,0,0,0,1,0,0,1,0,0,1,0,1,1,0,1,0,0,1,1,0,0,0,0,0,1,0,0,0,0,1,0,0,0,0,1,0,0,0,0,1,1,0,0,1,0,1,0,0,1,0,0,0,0,0,1,1,1,1,0,1,1,0,1,1,1,0,0,0,1,1,0,1,1,0,1,0,0,1,1,0,0,0,0,0,0,1,1,0,0,0,0,0.09616096,inactive_like,1,True,True,True,1.0,Supportive,high MW,0.5,0.094556235,0.5033668711781502,Lower confidence
isoniazid,Isoniazid,3767,C1=CN=CC=C1C(=O)NN,C6H7N3O,137.14,-0.7,68.0,2,3,1,CID3767,inactive_like,,,,,,0,0,0,0,0,0,0,0,0,1,0,0,0,0,0,0,0,0,0,0,0,0,0,0,0,0,0,0,0,0,0,0,0,1,0,0,0,0,1,0,0,0,0,1,0,0,0,0,0,0,0,0,0,0,1,0,0,0,0,0,0,0,0,0,0,0,0,1,0,0,0,0,1,0,1,0,0,0,0,0,1,1,0,1,0,1,0,0,0,0,0,0,0,0,1,0,0,1,0,0,0.08982802,inactive_like,0,True,True,True,1.0,Supportive,no major heuristic alert,0.5,0.0880094,0.5014028217643499,Lower confidence
ibuprofen,"Ibuprofen, (+-)-",3672,CC(C)CC1=CC=C(C=C1)C(C)C(=O)O,C13H18O2,206.28,3.5,37.3,1,2,4,CID3672,inactive_like,,,,,,0,0,0,0,0,0,0,1,0,0,0,0,0,0,0,0,0,0,0,0,0,0,0,0,0,0,0,0,0,0,0,0,0,0,1,0,0,0,0,0,0,0,0,0,0,0,0,0,0,0,0,0,0,0,0,0,0,0,0,0,0,0,0,1,0,0,0,0,0,0,0,0,0,0,0,0,0,1,0,0,0,0,0,0,0,0,0,0,0,0,0,1,0,0,0,0,0,0,1,1,0.05216768,inactive_like,0,True,True,True,1.0,Supportive,no major heuristic alert,0.5,0.04907711,0.48972313329577444,Lower confidence
ethionamide,Ethionamide,2761171,CCC1=NC=CC(=C1)C(=S)N,C8H10N2S,166.25,1.1,71.0,1,2,2,CID2761171,inactive_like,,,,,,0,0,0,0,0,0,0,0,0,0,0,0,0,0,0,0,0,0,0,0,0,0,0,0,0,0,0,0,0,0,1,0,0,0,0,1,0,1,0,0,0,0,0,1,0,0,0,0,0,0,0,0,0,0,1,0,0,0,1,0,0,0,0,1,0,0,0,0,0,0,0,0,1,0,1,0,0,0,0,0,0,0,0,1,0,0,0,0,0,0,0,0,0,0,0,0,0,0,0,0,0.047013227,inactive_like,0,True,True,True,1.0,Supportive,no major heuristic alert,0.5,0.04374857,0.4881245711818337,Lower confidence
warfarin,Warfarin,54678486,CC(=O)CC(C1=CC=CC=C1)C2=C(C3=CC=CC=C3OC2=O)O,C19H16O4,308.3,2.7,63.6,1,4,4,CID54678486,inactive_like,,,,,,0,1,0,0,0,0,0,1,0,0,0,0,0,0,0,0,0,1,1,0,0,0,0,0,0,0,0,0,0,0,0,0,0,0,0,0,0,0,0,1,0,1,0,0,0,1,0,0,0,1,0,0,0,1,0,0,0,1,0,0,0,0,1,1,0,0,1,0,1,1,0,1,0,0,0,0,0,1,0,0,0,0,0,0,0,0,0,0,0,0,0,0,0,1,0,1,1,0,0,0,0.04056947,inactive_like,0,True,True,True,1.0,Supportive,no major heuristic alert,0.5,0.037087183,0.4861261550337076,Lower confidence
omeprazole,Prilosec,4594,CC1=CN=C(C(=C1OC)C)CS(=O)C2=NC3=C(N2)C=C(C=C3)OC,C17H19N3O3S,345.4,2.2,96.3,1,6,5,CID4594,inactive_like,,,,,,1,1,1,0,0,0,1,0,1,0,1,0,1,0,0,1,0,0,1,0,1,1,0,1,0,0,0,1,0,0,0,0,0,1,0,0,1,1,0,0,0,0,0,1,1,0,0,0,1,0,0,0,1,0,1,1,0,0,1,0,0,0,0,0,0,1,0,1,0,0,0,0,0,0,0,0,1,0,0,0,0,0,0,0,0,0,1,1,0,0,0,0,0,0,1,1,1,0,0,0,0.038625058,inactive_like,0,True,True,True,1.0,Supportive,no major heuristic alert,0.5,0.035077095,0.4855231292545795,Lower confidence
fluconazole,Fluconazole,3365,C1=CC(=C(C=C1F)F)C(CN2C=NC=N2)(CN3C=NC=N3)O,C13H12F2N6O,306.27,0.4,81.7,1,7,5,CID3365,inactive_like,,,,,,1,0,0,0,0,0,1,1,0,1,0,1,1,0,0,1,0,1,0,0,1,1,0,1,1,0,1,1,0,0,0,1,0,0,1,1,0,1,0,0,1,0,0,1,0,0,1,0,1,0,0,0,1,0,1,1,0,0,0,0,0,1,0,1,0,1,1,0,0,0,1,0,0,0,0,1,0,1,0,1,0,0,0,0,0,0,1,1,0,1,0,1,1,0,0,0,0,0,1,1,0.023576457,inactive_like,0,True,True,True,1.0,Supportive,no major heuristic alert,0.5,0.019520242,0.4808560725301504,Lower confidence
clopidogrel,Clopidogrel,60606,COC(=O)C(C1=CC=CC=C1Cl)N2CCC3=C(C2)C=CS3,C16H16ClNO2S,321.8,3.8,57.8,0,4,4,CID60606,inactive_like,,,,,,1,1,0,0,0,0,0,0,1,0,0,0,0,0,0,0,0,1,0,0,0,0,0,0,0,0,1,1,0,0,0,0,0,0,0,0,0,0,0,0,0,0,0,1,1,0,0,0,0,0,0,0,0,1,1,0,0,0,0,0,0,0,0,1,0,1,0,0,0,0,0,0,1,0,0,0,0,1,0,0,0,0,0,0,0,0,0,0,0,1,0,0,1,0,1,0,1,0,0,0,0.02273083,inactive_like,0,True,True,True,1.0,Supportive,no major heuristic alert,0.5,0.018646054,0.48059381628409026,Lower confidence
metformin,Metformin,4091,CN(C)C(=N)N=C(N)N,C4H11N5,129.16,-1.3,91.5,3,1,2,CID4091,inactive_like,,,,,,0,0,0,0,0,0,0,0,0,0,0,0,1,0,0,1,0,0,0,0,1,1,0,1,0,0,0,1,0,0,0,0,0,0,0,0,1,0,0,0,0,0,0,0,0,0,0,0,1,0,0,0,0,0,1,0,0,0,0,0,0,0,0,0,0,0,0,0,0,0,0,0,0,0,0,0,0,0,0,0,0,0,0,0,0,0,0,0,0,0,0,0,0,0,0,0,0,0,0,0,0.014602559,inactive_like,0,True,True,True,1.0,Supportive,no major heuristic alert,0.5,0.010243257,0.47807297706604,Lower confidence
aspirin,Aspirin,2244,CC(=O)OC1=CC=CC=C1C(=O)O,C9H8O4,180.16,1.2,63.6,1,4,3,CID2244,inactive_like,,,,,,0,1,0,0,0,0,0,0,0,0,0,1,0,0,0,0,0,0,1,0,0,0,0,0,0,0,1,0,0,0,0,1,0,0,1,0,0,0,0,1,1,0,0,0,0,1,0,0,0,1,0,0,0,0,0,0,0,1,0,0,0,0,1,0,0,0,1,0,0,0,0,1,0,0,0,1,0,1,0,0,0,0,0,0,0,0,0,0,0,0,0,1,0,1,0,1,1,0,1,1,0.004693957,inactive_like,0,True,True,True,1.0,Supportive,no major heuristic alert,0.5,0.0,0.475,Lower confidence
isoniazid sodium methanesulfonate,Isoniazid sodium methanesulfonate,23691029,C1=CN=CC=C1C(=O)NNCS(=O)(=O)[O-].[Na+],C7H8N3NaO4S,253.21,,120.0,2,6,4,CID23691029,inactive_like,C1=CN=CC=C1C(=O)NNCS(=O)(=O)[O-].[Na+],1MO3,,,,0,0,0,0,0,0,0,0,0,1,0,0,1,0,0,0,0,0,0,0,0,0,0,0,0,1,0,0,1,0,0,0,0,1,0,0,0,0,1,0,0,0,0,1,0,0,0,1,0,0,0,0,0,0,1,0,0,0,0,0,0,0,0,0,0,0,0,1,0,1,0,0,1,0,1,0,0,0,0,1,1,1,1,1,0,1,0,0,0,0,0,0,0,0,1,0,0,1,0,0,0.09427201,inactive_like,0,True,True,False,0.6666666666666666,Supportive,no major heuristic alert,0.5,0.09260348,0.4194477117309967,Lower confidence
rifampicin,Rifampicin,135398735,CC1C=CC=C(C(=O)NC2=C(C(=C3C(=C2O)C(=C(C4=C3C(=O)C(O4)(OC=CC(C(C(C(C(C(C1O)C)O)C)OC(=O)C)C)OC)C)C)O)O)C=NN5CCN(CC5)C)C,C43H58N4O12,822.9,4.9,220.0,6,15,5,CID135398735,active_like,CC1C=CC=C(C(=O)NC2=C(C(=C3C(=C2O)C(=C(C4=C3C(=O)C(O4)(OC=CC(C(C(C(C(C(C1O)C)O)C)OC(=O)C)C)OC)C)C)O)O)C=NN5CCN(CC5)C)C,1MO3,,,,0,1,0,1,1,1,0,1,1,1,0,1,0,1,1,0,1,0,1,0,0,0,0,0,0,0,1,0,0,0,0,0,1,0,1,0,0,0,0,0,0,1,0,1,0,0,1,1,0,1,0,0,0,0,1,0,0,1,0,1,0,0,0,1,0,1,0,0,1,0,1,0,0,1,0,0,0,1,0,1,1,1,0,0,0,0,0,0,1,0,0,1,1,0,1,1,1,0,1,1,0.59751236,active_like,3,False,False,False,0.0,High risk,"high MW, high HBD, high HBA, high TPSA",0.5,0.61284035,0.4088521063327789,Lower confidence
meropenem,Meropenem,441130,CC1C2C(C(=O)N2C(=C1SC3CC(NC3)C(=O)N(C)C)C(=O)O)C(C)O,C17H25N3O5S,383.5,-2.4,135.0,3,7,5,CID441130,inactive_like,,,,,,1,0,0,0,0,0,0,0,0,0,0,1,0,0,0,0,0,0,0,0,0,0,0,0,0,0,1,1,1,0,0,0,0,1,1,0,0,0,0,0,1,0,1,1,1,0,0,1,0,0,0,0,0,1,1,0,1,0,0,1,0,0,1,0,0,0,0,0,1,1,0,1,1,1,0,1,0,1,0,1,1,1,0,0,0,1,0,1,0,1,1,1,1,0,1,1,1,1,1,1,0.034032304,inactive_like,0,True,True,False,0.6666666666666666,Supportive,no major heuristic alert,0.5,0.030329227,0.4007654349009196,Lower confidence
bedaquiline,Bedaquiline,5388906,CN(C)CCC(C1=CC=CC2=CC=CC=C21)(C(C3=CC=CC=C3)C4=C(N=C5C=CC(=CC5=C4)Br)OC)O,C32H31BrN2O2,555.5,7.2,45.6,1,4,8,CID5388906,inactive_like,,,,,,0,0,0,0,0,0,1,1,0,0,0,1,0,0,0,0,1,0,0,0,0,0,0,0,0,1,1,0,0,0,0,1,0,0,1,0,1,0,1,0,1,0,0,1,0,0,0,0,0,0,0,1,1,0,1,0,1,0,1,0,0,1,0,1,0,0,0,0,1,0,1,0,0,0,0,1,0,0,0,0,1,1,0,1,0,0,0,1,0,0,0,1,0,0,0,0,1,0,1,1,0.2939617,inactive_like,2,False,True,False,0.3333333333333333,Borderline,"high MW, high logP",0.5,0.29903755,0.3980445971091588,Lower confidence
rifapentine,Rifapentine,135403821,CC1C=CC=C(C(=O)NC2=C(C(=C3C(=C2O)C(=C(C4=C3C(=O)C(O4)(OC=CC(C(C(C(C(C(C1O)C)O)C)OC(=O)C)C)OC)C)C)O)O)C=NN5CCN(CC5)C6CCCC6)C,C47H64N4O12,877.0,6.7,220.0,6,15,6,CID135403821,active_like,CC1C=CC=C(C(=O)NC2=C(C(=C3C(=C2O)C(=C(C4=C3C(=O)C(O4)(OC=CC(C(C(C(C(C(C1O)C)O)C)OC(=O)C)C)OC)C)C)O)O)C=NN5CCN(CC5)C6CCCC6)C,1MO3,,,,1,1,0,1,1,1,0,1,1,1,0,1,0,1,1,0,1,1,1,0,0,0,0,0,0,0,1,0,1,0,1,0,1,0,1,0,0,0,0,1,1,1,0,1,0,1,1,1,0,1,0,0,0,1,1,0,0,1,0,1,1,0,1,1,0,1,1,0,1,0,1,0,1,1,0,1,0,1,1,1,1,1,0,0,1,0,0,0,1,1,0,1,1,1,1,1,1,0,1,1,0.36646968,inactive_like,4,False,False,False,0.0,High risk,"high MW, high logP, high HBD, high HBA, high TPSA",0.5,0.3739944,0.3371983304619789,Lower confidence
nitazoxanide,Nitazoxanide,41684,CC(=O)OC1=CC=CC=C1C(=O)NC2=NC=C(S2)[N+](=O)[O-],C12H9N3O5S,307.28,2.0,142.0,1,7,4,CID41684,inactive_like,,,,,,1,1,0,0,0,0,1,0,0,0,0,0,1,0,0,1,0,0,1,0,1,1,0,1,0,0,1,1,0,0,0,0,0,0,0,0,1,0,0,1,1,0,0,1,0,1,0,0,1,1,0,0,1,0,1,0,0,1,0,0,0,1,1,0,0,0,1,0,1,0,0,1,0,0,0,0,0,1,0,0,1,1,0,0,0,0,1,1,0,0,0,0,0,1,0,1,1,0,0,0,0.042704973,inactive_like,0,True,False,False,0.3333333333333333,Borderline,high TPSA,0.5,0.039294805,0.3201217751329144,Lower confidence
amoxicillin,Amoxicillin,33613,CC1(C(N2C(S1)C(C2=O)NC(=O)C(C3=CC=C(C=C3)O)N)C(=O)O)C,C16H19N3O5S,365.4,-2.0,158.0,4,7,4,CID33613,inactive_like,,,,,,1,0,0,0,1,1,0,0,0,0,0,1,0,1,0,0,1,1,0,1,0,0,0,0,0,0,1,1,0,0,0,0,0,0,1,0,0,0,1,0,0,1,0,1,1,0,0,0,0,0,0,0,0,0,1,0,1,0,0,0,0,0,0,1,0,0,0,0,1,0,0,1,0,0,1,1,0,1,1,1,1,1,0,0,0,1,1,1,0,1,0,1,1,0,1,0,1,1,1,1,0.01846414,inactive_like,0,True,False,False,0.3333333333333333,Borderline,high TPSA,0.5,0.014235261,0.31260391160224876,Lower confidence
azithromycin,Azithromycin,447043,CCC1C(C(C(N(CC(CC(C(C(C(C(C(=O)O1)C)OC2CC(C(C(O2)C)O)(C)OC)C)OC3C(C(CC(O3)C)N(C)C)O)(C)O)C)C)C)O)(C)O,C38H72N2O12,749.0,4.0,180.0,5,14,7,CID447043,inactive_like,,,,,,1,1,0,0,0,0,0,0,0,0,0,0,0,0,0,0,0,1,1,1,0,0,0,0,0,0,1,0,1,0,0,1,0,0,1,0,0,0,0,1,0,1,0,1,0,1,0,1,0,1,0,0,1,0,1,0,0,1,0,0,0,0,0,0,1,1,1,0,1,0,0,0,0,1,1,1,0,1,0,0,0,0,0,1,1,0,0,0,0,0,0,1,0,1,1,1,1,0,1,1,0.19022359,inactive_like,2,False,False,False,0.0,High risk,"high MW, high HBA, high TPSA",0.5,0.19179575,0.28253872916102407,Lower confidence
rifabutin,Rifabutin,135415564,CC1C=CC=C(C(=O)NC2=C(C3=C(C4=C(C(=C3O)C)OC(C4=O)(OC=CC(C(C(C(C(C(C1O)C)O)C)OC(=O)C)C)OC)C)C5=NC6(CCN(CC6)CC(C)C)N=C25)O)C,C46H62N4O11,847.0,5.6,209.0,5,14,5,CID135415564,inactive_like,,,,,,1,1,0,0,1,1,1,1,0,0,0,1,1,0,0,1,0,0,1,1,1,1,0,1,0,0,1,1,0,0,0,0,0,0,1,0,0,0,0,0,0,1,1,1,0,0,0,1,0,1,0,0,1,0,1,0,0,1,1,0,0,1,0,1,1,1,1,0,1,0,0,0,0,1,0,0,0,1,0,0,1,1,0,0,0,0,1,0,1,0,0,1,0,0,1,1,1,0,1,1,0.066117905,inactive_like,3,False,False,False,0.0,High risk,"high MW, high logP, high HBA, high TPSA",0.5,0.0634985,0.24404954947531224,Lower confidence
