cross_references,organism,pref_name,score,species_group_flag,target_chembl_id,target_components,target_type,tax_id
[],Mycobacterium tuberculosis,Mycobacterium tuberculosis,28.0,False,CHEMBL360,[],ORGANISM,1773
[],Mycobacterium tuberculosis H37Rv,Mycobacterium tuberculosis H37Rv,25.0,False,CHEMBL2111188,[],ORGANISM,83332
[],Mycobacterium tuberculosis variant bovis,Mycobacterium tuberculosis variant bovis,22.0,False,CHEMBL613086,[],ORGANISM,1765
[],Mycobacterium tuberculosis variant microti,Mycobacterium tuberculosis variant microti,22.0,False,CHEMBL612960,[],ORGANISM,1806
[],Mycobacterium tuberculosis,Protein RecA,22.0,False,CHEMBL1741171,"[{'accession': 'P9WHJ3', 'component_description': 'Protein RecA', 'component_id': 5216, 'component_type': 'PROTEIN', 'relationship': 'SINGLE PROTEIN', 'target_component_synonyms': [{'component_synonym': '3.1.-.-', 'syn_type': 'EC_NUMBER'}, {'component_synonym': 'Endonuclease PI-MtuI', 'syn_type': 'UNIPROT'}, {'component_synonym': 'Mtu RecA intein', 'syn_type': 'UNIPROT'}, {'component_synonym': 'Protein RecA', 'syn_type': 'UNIPROT'}, {'component_synonym': 'recA', 'syn_type': 'GENE_SYMBOL'}, {'component_synonym': 'Recombinase A', 'syn_type': 'UNIPROT'}], 'target_component_xrefs': [{'xref_id': '4PPN', 'xref_name': 'A', 'xref_src_db': 'PDBe'}, {'xref_id': '4PPQ', 'xref_name': 'A', 'xref_src_db': 'PDBe'}, {'xref_id': '4PO1', 'xref_name': 'A', 'xref_src_db': 'PDBe'}, {'xref_id': '1G19', 'xref_name': 'A', 'xref_src_db': 'PDBe'}, {'xref_id': '1G18', 'xref_name': 'A', 'xref_src_db': 'PDBe'}, {'xref_id': '4PPF', 'xref_name': 'A', 'xref_src_db': 'PDBe'}, {'xref_id': '3IGD', 'xref_name': 'A', 'xref_src_db': 'PDBe'}, {'xref_id': '4PPG', 'xref_name': 'A', 'xref_src_db': 'PDBe'}, {'xref_id': '4PTL', 'xref_name': 'A', 'xref_src_db': 'PDBe'}, {'xref_id': '2IMZ', 'xref_name': 'A', 'xref_src_db': 'PDBe'}, {'xref_id': '1MO6', 'xref_name': 'A', 'xref_src_db': 'PDBe'}, {'xref_id': '1MO5', 'xref_name': 'A', 'xref_src_db': 'PDBe'}, {'xref_id': '2IN9', 'xref_name': 'A', 'xref_src_db': 'PDBe'}, {'xref_id': '1MO4', 'xref_name': 'A', 'xref_src_db': 'PDBe'}, {'xref_id': '2IN8', 'xref_name': 'A', 'xref_src_db': 'PDBe'}, {'xref_id': '1MO3', 'xref_name': 'A', 'xref_src_db': 'PDBe'}, {'xref_id': '4PQY', 'xref_name': 'A', 'xref_src_db': 'PDBe'}, {'xref_id': '5I0A', 'xref_name': 'A', 'xref_src_db': 'PDBe'}, {'xref_id': '3IFJ', 'xref_name': 'A', 'xref_src_db': 'PDBe'}, {'xref_id': '4PR0', 'xref_name': 'A', 'xref_src_db': 'PDBe'}, {'xref_id': '4PQR', 'xref_name': 'A', 'xref_src_db': 'PDBe'}, {'xref_id': '4PSV', 'xref_name': 'A', 'xref_src_db': 'PDBe'}, {'xref_id': '5K08', 'xref_name': 'A', 'xref_src_db': 'PDBe'}, {'xref_id': '4OQF', 'xref_name': 'A', 'xref_src_db': 'PDBe'}, {'xref_id': '4PQF', 'xref_name': 'A', 'xref_src_db': 'PDBe'}, {'xref_id': '4PSK', 'xref_name': 'A', 'xref_src_db': 'PDBe'}, {'xref_id': '2IN0', 'xref_name': 'A', 'xref_src_db': 'PDBe'}, {'xref_id': '4PSA', 'xref_name': 'A', 'xref_src_db': 'PDBe'}, {'xref_id': '4POA', 'xref_name': 'A', 'xref_src_db': 'PDBe'}, {'xref_id': '4PO8', 'xref_name': 'A', 'xref_src_db': 'PDBe'}, {'xref_id': '4PO9', 'xref_name': 'A', 'xref_src_db': 'PDBe'}, {'xref_id': 'GO:0000287', 'xref_name': 'magnesium ion binding', 'xref_src_db': 'GoFunction'}, {'xref_id': 'GO:0003677', 'xref_name': 'DNA binding', 'xref_src_db': 'GoFunction'}, {'xref_id': 'GO:0003684', 'xref_name': 'damaged DNA binding', 'xref_src_db': 'GoFunction'}, {'xref_id': 'GO:0003697', 'xref_name': 'single-stranded DNA binding', 'xref_src_db': 'GoFunction'}, {'xref_id': 'GO:0004519', 'xref_name': 'endonuclease activity', 'xref_src_db': 'GoFunction'}, {'xref_id': 'GO:0004520', 'xref_name': 'DNA endonuclease activity', 'xref_src_db': 'GoFunction'}, {'xref_id': 'GO:0005515', 'xref_name': 'protein binding', 'xref_src_db': 'GoFunction'}, {'xref_id': 'GO:0005524', 'xref_name': 'ATP binding', 'xref_src_db': 'GoFunction'}, {'xref_id': 'GO:0016887', 'xref_name': 'ATP hydrolysis activity', 'xref_src_db': 'GoFunction'}, {'xref_id': 'GO:0030145', 'xref_name': 'manganese ion binding', 'xref_src_db': 'GoFunction'}, {'xref_id': 'GO:0000725', 'xref_name': 'recombinational repair', 'xref_src_db': 'GoProcess'}, {'xref_id': 'GO:0006281', 'xref_name': 'DNA repair', 'xref_src_db': 'GoProcess'}, {'xref_id': 'GO:0006310', 'xref_name': 'DNA recombination', 'xref_src_db': 'GoProcess'}, {'xref_id': 'GO:0006314', 'xref_name': 'intron homing', 'xref_src_db': 'GoProcess'}, {'xref_id': 'GO:0006974', 'xref_name': 'DNA damage response', 'xref_src_db': 'GoProcess'}, {'xref_id': 'GO:0009432', 'xref_name': 'SOS response', 'xref_src_db': 'GoProcess'}, {'xref_id': 'GO:0016539', 'xref_name': 'intein-mediated protein splicing', 'xref_src_db': 'GoProcess'}, {'xref_id': 'GO:0042148', 'xref_name': 'DNA strand invasion', 'xref_src_db': 'GoProcess'}, {'xref_id': 'GO:0046677', 'xref_name': 'response to antibiotic', 'xref_src_db': 'GoProcess'}, {'xref_id': 'GO:0005737', 'xref_name': 'cytoplasm', 'xref_src_db': 'GoComponent'}, {'xref_id': 'GO:0005829', 'xref_name': 'cytosol', 'xref_src_db': 'GoComponent'}, {'xref_id': '4PQF', 'xref_name': None, 'xref_src_db': 'PDB'}, {'xref_id': '4PQR', 'xref_name': None, 'xref_src_db': 'PDB'}, {'xref_id': 'L0TAH5', 'xref_name': 'Protein RecA', 'xref_src_db': 'UniProt'}, {'xref_id': 'O34519', 'xref_name': 'Protein RecA', 'xref_src_db': 'UniProt'}, {'xref_id': 'P0A5U4', 'xref_name': 'Protein RecA', 'xref_src_db': 'UniProt'}, {'xref_id': 'P26345', 'xref_name': 'Protein RecA', 'xref_src_db': 'UniProt'}, {'xref_id': 'P9WHJ3', 'xref_name': 'Protein RecA', 'xref_src_db': 'UniProt'}, {'xref_id': '1G18', 'xref_name': None, 'xref_src_db': 'PDB'}, {'xref_id': '1G19', 'xref_name': None, 'xref_src_db': 'PDB'}, {'xref_id': '1MO3', 'xref_name': None, 'xref_src_db': 'PDB'}, {'xref_id': '1MO4', 'xref_name': None, 'xref_src_db': 'PDB'}, {'xref_id': '1MO5', 'xref_name': None, 'xref_src_db': 'PDB'}, {'xref_id': '1MO6', 'xref_name': None, 'xref_src_db': 'PDB'}, {'xref_id': '2IMZ', 'xref_name': None, 'xref_src_db': 'PDB'}, {'xref_id': '2IN0', 'xref_name': None, 'xref_src_db': 'PDB'}, {'xref_id': '2IN8', 'xref_name': None, 'xref_src_db': 'PDB'}, {'xref_id': '2IN9', 'xref_name': None, 'xref_src_db': 'PDB'}, {'xref_id': '2L8L', 'xref_name': None, 'xref_src_db': 'PDB'}, {'xref_id': '3IFJ', 'xref_name': None, 'xref_src_db': 'PDB'}, {'xref_id': '3IGD', 'xref_name': None, 'xref_src_db': 'PDB'}, {'xref_id': '4OQF', 'xref_name': None, 'xref_src_db': 'PDB'}, {'xref_id': '4PO1', 'xref_name': None, 'xref_src_db': 'PDB'}, {'xref_id': '4PO8', 'xref_name': None, 'xref_src_db': 'PDB'}, {'xref_id': '4PO9', 'xref_name': None, 'xref_src_db': 'PDB'}, {'xref_id': '4POA', 'xref_name': None, 'xref_src_db': 'PDB'}, {'xref_id': '4PPF', 'xref_name': None, 'xref_src_db': 'PDB'}, {'xref_id': '4PPG', 'xref_name': None, 'xref_src_db': 'PDB'}, {'xref_id': '4PPN', 'xref_name': None, 'xref_src_db': 'PDB'}, {'xref_id': '4PPQ', 'xref_name': None, 'xref_src_db': 'PDB'}, {'xref_id': '4PQY', 'xref_name': None, 'xref_src_db': 'PDB'}, {'xref_id': '4PR0', 'xref_name': None, 'xref_src_db': 'PDB'}, {'xref_id': '4PSA', 'xref_name': None, 'xref_src_db': 'PDB'}, {'xref_id': '4PSK', 'xref_name': None, 'xref_src_db': 'PDB'}, {'xref_id': '4PSV', 'xref_name': None, 'xref_src_db': 'PDB'}, {'xref_id': '4PTL', 'xref_name': None, 'xref_src_db': 'PDB'}, {'xref_id': '5I0A', 'xref_name': None, 'xref_src_db': 'PDB'}, {'xref_id': '5K08', 'xref_name': None, 'xref_src_db': 'PDB'}, {'xref_id': 'P9WHJ3', 'xref_name': None, 'xref_src_db': 'AlphaFoldDB'}, {'xref_id': 'IPR003593', 'xref_name': 'AAA+_ATPase', 'xref_src_db': 'InterPro'}, {'xref_id': 'IPR013765', 'xref_name': 'DNA_recomb/repair_RecA', 'xref_src_db': 'InterPro'}, {'xref_id': 'IPR020584', 'xref_name': 'DNA_recomb/repair_RecA_CS', 'xref_src_db': 'InterPro'}, {'xref_id': 'IPR003586', 'xref_name': 'Hint_dom_C', 'xref_src_db': 'InterPro'}, {'xref_id': 'IPR003587', 'xref_name': 'Hint_dom_N', 'xref_src_db': 'InterPro'}, {'xref_id': 'IPR036844', 'xref_name': 'Hint_dom_sf', 'xref_src_db': 'InterPro'}, {'xref_id': 'IPR027434', 'xref_name': 'Homing_endonucl', 'xref_src_db': 'InterPro'}, {'xref_id': 'IPR006142', 'xref_name': 'INTEIN', 'xref_src_db': 'InterPro'}, {'xref_id': 'IPR030934', 'xref_name': 'Intein_C', 'xref_src_db': 'InterPro'}, {'xref_id': 'IPR004042', 'xref_name': 'Intein_endonuc_central', 'xref_src_db': 'InterPro'}, {'xref_id': 'IPR006141', 'xref_name': 'Intein_N', 'xref_src_db': 'InterPro'}, {'xref_id': 'IPR004860', 'xref_name': 'LAGLIDADG_dom', 'xref_src_db': 'InterPro'}, {'xref_id': 'IPR027417', 'xref_name': 'P-loop_NTPase', 'xref_src_db': 'InterPro'}, {'xref_id': 'IPR049261', 'xref_name': 'RecA-like_C', 'xref_src_db': 'InterPro'}, {'xref_id': 'IPR049428', 'xref_name': 'RecA-like_N', 'xref_src_db': 'InterPro'}, {'xref_id': 'IPR020588', 'xref_name': 'RecA_ATP-bd', 'xref_src_db': 'InterPro'}, {'xref_id': 'IPR023400', 'xref_name': 'RecA_C_sf', 'xref_src_db': 'InterPro'}, {'xref_id': 'IPR020587', 'xref_name': 'RecA_monomer-monomer_interface', 'xref_src_db': 'InterPro'}, {'xref_id': 'PTHR45900:SF1', 'xref_name': 'MITOCHONDRIAL DNA REPAIR PROTEIN RECA HOMOLOG-RELATED', 'xref_src_db': 'PANTHER'}, {'xref_id': 'PTHR45900', 'xref_name': 'RECA', 'xref_src_db': 'PANTHER'}, {'xref_id': 'PF14890', 'xref_name': 'Intein_splicing', 'xref_src_db': 'Pfam'}, {'xref_id': 'PF14528', 'xref_name': 'LAGLIDADG_3', 'xref_src_db': 'Pfam'}, {'xref_id': 'PF21096', 'xref_name': 'RecA_C', 'xref_src_db': 'Pfam'}, {'xref_id': 'PF00154', 'xref_name': 'RecA_N', 'xref_src_db': 'Pfam'}]}]",SINGLE PROTEIN,1773
[],Escherichia coli K-12,Protein RecA,20.0,False,CHEMBL3434,"[{'accession': 'P0A7G6', 'component_description': 'Protein RecA', 'component_id': 1756, 'component_type': 'PROTEIN', 'relationship': 'SINGLE PROTEIN', 'target_component_synonyms': [{'component_synonym': 'Protein RecA', 'syn_type': 'UNIPROT'}, {'component_synonym': 'recA', 'syn_type': 'GENE_SYMBOL'}, {'component_synonym': 'recH', 'syn_type': 'GENE_SYMBOL_OTHER'}, {'component_synonym': 'Recombinase A', 'syn_type': 'UNIPROT'}, {'component_synonym': 'rnmB', 'syn_type': 'GENE_SYMBOL_OTHER'}, {'component_synonym': 'Synonyms=lexB', 'syn_type': 'GENE_SYMBOL_OTHER'}, {'component_synonym': 'tif', 'syn_type': 'GENE_SYMBOL_OTHER'}, {'component_synonym': 'umuB', 'syn_type': 'GENE_SYMBOL_OTHER'}, {'component_synonym': 'zab', 'syn_type': 'GENE_SYMBOL_OTHER'}], 'target_component_xrefs': [{'xref_id': '3CMU', 'xref_name': 'A', 'xref_src_db': 'PDBe'}, {'xref_id': '3CMV', 'xref_name': 'A', 'xref_src_db': 'PDBe'}, {'xref_id': '3CMW', 'xref_name': 'A', 'xref_src_db': 'PDBe'}, {'xref_id': '3CMX', 'xref_name': 'A', 'xref_src_db': 'PDBe'}, {'xref_id': '1XMV', 'xref_name': 'A', 'xref_src_db': 'PDBe'}, {'xref_id': '1U94', 'xref_name': 'A', 'xref_src_db': 'PDBe'}, {'xref_id': '1REA', 'xref_name': 'A', 'xref_src_db': 'PDBe'}, {'xref_id': '2REB', 'xref_name': 'A', 'xref_src_db': 'PDBe'}, {'xref_id': '3CMT', 'xref_name': 'A', 'xref_src_db': 'PDBe'}, {'xref_id': '1U99', 'xref_name': 'A', 'xref_src_db': 'PDBe'}, {'xref_id': '1U98', 'xref_name': 'A', 'xref_src_db': 'PDBe'}, {'xref_id': '1XMS', 'xref_name': 'A', 'xref_src_db': 'PDBe'}, {'xref_id': '4TWZ', 'xref_name': 'A', 'xref_src_db': 'PDBe'}, {'xref_id': 'GO:0006974', 'xref_name': 'DNA damage response', 'xref_src_db': 'GoProcess'}, {'xref_id': 'GO:0009432', 'xref_name': 'SOS response', 'xref_src_db': 'GoProcess'}, {'xref_id': 'GO:0048870', 'xref_name': 'cell motility', 'xref_src_db': 'GoProcess'}, {'xref_id': 'GO:0003677', 'xref_name': 'DNA binding', 'xref_src_db': 'GoFunction'}, {'xref_id': 'GO:0003684', 'xref_name': 'damaged DNA binding', 'xref_src_db': 'GoFunction'}, {'xref_id': 'GO:0003697', 'xref_name': 'single-stranded DNA binding', 'xref_src_db': 'GoFunction'}, {'xref_id': 'GO:0005515', 'xref_name': 'protein binding', 'xref_src_db': 'GoFunction'}, {'xref_id': 'GO:0005524', 'xref_name': 'ATP binding', 'xref_src_db': 'GoFunction'}, {'xref_id': 'GO:0016887', 'xref_name': 'ATP hydrolysis activity', 'xref_src_db': 'GoFunction'}, {'xref_id': 'GO:0140297', 'xref_name': 'DNA-binding transcription factor binding', 'xref_src_db': 'GoFunction'}, {'xref_id': 'GO:0000725', 'xref_name': 'recombinational repair', 'xref_src_db': 'GoProcess'}, {'xref_id': 'GO:0006281', 'xref_name': 'DNA repair', 'xref_src_db': 'GoProcess'}, {'xref_id': 'GO:0006310', 'xref_name': 'DNA recombination', 'xref_src_db': 'GoProcess'}, {'xref_id': 'GO:0019985', 'xref_name': 'translesion synthesis', 'xref_src_db': 'GoProcess'}, {'xref_id': 'GO:0035825', 'xref_name': 'homologous recombination', 'xref_src_db': 'GoProcess'}, {'xref_id': 'GO:0005737', 'xref_name': 'cytoplasm', 'xref_src_db': 'GoComponent'}, {'xref_id': 'GO:0009355', 'xref_name': 'DNA polymerase V complex', 'xref_src_db': 'GoComponent'}, {'xref_id': 'P03017', 'xref_name': 'Protein RecA', 'xref_src_db': 'UniProt'}, {'xref_id': 'P26347', 'xref_name': 'Protein RecA', 'xref_src_db': 'UniProt'}, {'xref_id': 'P78213', 'xref_name': 'Protein RecA', 'xref_src_db': 'UniProt'}, {'xref_id': 'P0A7G6', 'xref_name': 'Protein RecA', 'xref_src_db': 'UniProt'}, {'xref_id': '1AA3', 'xref_name': None, 'xref_src_db': 'PDB'}, {'xref_id': '1N03', 'xref_name': None, 'xref_src_db': 'PDB'}, {'xref_id': '1REA', 'xref_name': None, 'xref_src_db': 'PDB'}, {'xref_id': '1U94', 'xref_name': None, 'xref_src_db': 'PDB'}, {'xref_id': '1U98', 'xref_name': None, 'xref_src_db': 'PDB'}, {'xref_id': '1U99', 'xref_name': None, 'xref_src_db': 'PDB'}, {'xref_id': '1XMS', 'xref_name': None, 'xref_src_db': 'PDB'}, {'xref_id': '1XMV', 'xref_name': None, 'xref_src_db': 'PDB'}, {'xref_id': '2REB', 'xref_name': None, 'xref_src_db': 'PDB'}, {'xref_id': '2REC', 'xref_name': None, 'xref_src_db': 'PDB'}, {'xref_id': '3CMT', 'xref_name': None, 'xref_src_db': 'PDB'}, {'xref_id': '3CMU', 'xref_name': None, 'xref_src_db': 'PDB'}, {'xref_id': '3CMV', 'xref_name': None, 'xref_src_db': 'PDB'}, {'xref_id': '3CMW', 'xref_name': None, 'xref_src_db': 'PDB'}, {'xref_id': '3CMX', 'xref_name': None, 'xref_src_db': 'PDB'}, {'xref_id': '4TWZ', 'xref_name': None, 'xref_src_db': 'PDB'}, {'xref_id': '7JY6', 'xref_name': None, 'xref_src_db': 'PDB'}, {'xref_id': '7JY7', 'xref_name': None, 'xref_src_db': 'PDB'}, {'xref_id': '7JY8', 'xref_name': None, 'xref_src_db': 'PDB'}, {'xref_id': '7JY9', 'xref_name': None, 'xref_src_db': 'PDB'}, {'xref_id': '7YWA', 'xref_name': None, 'xref_src_db': 'PDB'}, {'xref_id': '8GMT', 'xref_name': None, 'xref_src_db': 'PDB'}, {'xref_id': '8GMU', 'xref_name': None, 'xref_src_db': 'PDB'}, {'xref_id': '8TRG', 'xref_name': None, 'xref_src_db': 'PDB'}, {'xref_id': 'P0A7G6', 'xref_name': None, 'xref_src_db': 'AlphaFoldDB'}, {'xref_id': 'P0A7G6', 'xref_name': None, 'xref_src_db': 'IntAct'}, {'xref_id': 'IPR003593', 'xref_name': 'AAA+_ATPase', 'xref_src_db': 'InterPro'}, {'xref_id': 'IPR013765', 'xref_name': 'DNA_recomb/repair_RecA', 'xref_src_db': 'InterPro'}, {'xref_id': 'IPR020584', 'xref_name': 'DNA_recomb/repair_RecA_CS', 'xref_src_db': 'InterPro'}, {'xref_id': 'IPR027417', 'xref_name': 'P-loop_NTPase', 'xref_src_db': 'InterPro'}, {'xref_id': 'IPR049261', 'xref_name': 'RecA-like_C', 'xref_src_db': 'InterPro'}, {'xref_id': 'IPR049428', 'xref_name': 'RecA-like_N', 'xref_src_db': 'InterPro'}, {'xref_id': 'IPR020588', 'xref_name': 'RecA_ATP-bd', 'xref_src_db': 'InterPro'}, {'xref_id': 'IPR023400', 'xref_name': 'RecA_C_sf', 'xref_src_db': 'InterPro'}, {'xref_id': 'IPR020587', 'xref_name': 'RecA_monomer-monomer_interface', 'xref_src_db': 'InterPro'}, {'xref_id': 'PTHR45900:SF1', 'xref_name': 'MITOCHONDRIAL DNA REPAIR PROTEIN RECA HOMOLOG-RELATED', 'xref_src_db': 'PANTHER'}, {'xref_id': 'PTHR45900', 'xref_name': 'RECA', 'xref_src_db': 'PANTHER'}, {'xref_id': 'PF21096', 'xref_name': 'RecA_C', 'xref_src_db': 'Pfam'}, {'xref_id': 'PF00154', 'xref_name': 'RecA_N', 'xref_src_db': 'Pfam'}]}]",SINGLE PROTEIN,83333
[],Mycobacterium tuberculosis variant bovis BCG,Mycobacterium tuberculosis variant bovis BCG,20.0,False,CHEMBL615052,[],ORGANISM,33892
[],Mus musculus,DNA repair protein RAD51 homolog 1,16.0,False,CHEMBL2034808,"[{'accession': 'Q08297', 'component_description': 'DNA repair protein RAD51 homolog 1', 'component_id': 5957, 'component_type': 'PROTEIN', 'relationship': 'SINGLE PROTEIN', 'target_component_synonyms': [{'component_synonym': '3.6.4.-', 'syn_type': 'EC_NUMBER'}, {'component_synonym': 'DNA repair protein RAD51 homolog 1', 'syn_type': 'UNIPROT'}, {'component_synonym': 'Rad51', 'syn_type': 'GENE_SYMBOL'}, {'component_synonym': 'Rad51a', 'syn_type': 'GENE_SYMBOL_OTHER'}, {'component_synonym': 'RAD51 homolog A', 'syn_type': 'UNIPROT'}, {'component_synonym': 'Reca', 'syn_type': 'GENE_SYMBOL_OTHER'}], 'target_component_xrefs': [{'xref_id': 'GO:0000724', 'xref_name': 'double-strand break repair via homologous recombination', 'xref_src_db': 'GoProcess'}, {'xref_id': 'GO:0031297', 'xref_name': 'replication fork processing', 'xref_src_db': 'GoProcess'}, {'xref_id': 'GO:0032200', 'xref_name': 'telomere organization', 'xref_src_db': 'GoProcess'}, {'xref_id': 'GO:0051321', 'xref_name': 'meiotic cell cycle', 'xref_src_db': 'GoProcess'}, {'xref_id': 'GO:0070192', 'xref_name': 'chromosome organization involved in meiotic cell cycle', 'xref_src_db': 'GoProcess'}, {'xref_id': 'GO:0071312', 'xref_name': 'cellular response to alkaloid', 'xref_src_db': 'GoProcess'}, {'xref_id': 'GO:0072711', 'xref_name': 'cellular response to hydroxyurea', 'xref_src_db': 'GoProcess'}, {'xref_id': 'GO:1990414', 'xref_name': 'replication-born double-strand break repair via sister chromatid exchange', 'xref_src_db': 'GoProcess'}, {'xref_id': 'GO:0003677', 'xref_name': 'DNA binding', 'xref_src_db': 'GoFunction'}, {'xref_id': 'GO:0003682', 'xref_name': 'chromatin binding', 'xref_src_db': 'GoFunction'}, {'xref_id': 'GO:0003690', 'xref_name': 'double-stranded DNA binding', 'xref_src_db': 'GoFunction'}, {'xref_id': 'GO:0003697', 'xref_name': 'single-stranded DNA binding', 'xref_src_db': 'GoFunction'}, {'xref_id': 'GO:0005515', 'xref_name': 'protein binding', 'xref_src_db': 'GoFunction'}, {'xref_id': 'GO:0005524', 'xref_name': 'ATP binding', 'xref_src_db': 'GoFunction'}, {'xref_id': 'GO:0016887', 'xref_name': 'ATP hydrolysis activity', 'xref_src_db': 'GoFunction'}, {'xref_id': 'GO:0017116', 'xref_name': 'single-stranded DNA helicase activity', 'xref_src_db': 'GoFunction'}, {'xref_id': 'GO:0019899', 'xref_name': 'enzyme binding', 'xref_src_db': 'GoFunction'}, {'xref_id': 'GO:0042802', 'xref_name': 'identical protein binding', 'xref_src_db': 'GoFunction'}, {'xref_id': 'GO:0070182', 'xref_name': 'DNA polymerase binding', 'xref_src_db': 'GoFunction'}, {'xref_id': 'GO:0000722', 'xref_name': 'telomere maintenance via recombination', 'xref_src_db': 'GoProcess'}, {'xref_id': 'GO:0000730', 'xref_name': 'DNA recombinase assembly', 'xref_src_db': 'GoProcess'}, {'xref_id': 'GO:0006268', 'xref_name': 'DNA unwinding involved in DNA replication', 'xref_src_db': 'GoProcess'}, {'xref_id': 'GO:0006281', 'xref_name': 'DNA repair', 'xref_src_db': 'GoProcess'}, {'xref_id': 'GO:0006310', 'xref_name': 'DNA recombination', 'xref_src_db': 'GoProcess'}, {'xref_id': 'GO:0006974', 'xref_name': 'DNA damage response', 'xref_src_db': 'GoProcess'}, {'xref_id': 'GO:0007127', 'xref_name': 'meiosis I', 'xref_src_db': 'GoProcess'}, {'xref_id': 'GO:0007131', 'xref_name': 'reciprocal meiotic recombination', 'xref_src_db': 'GoProcess'}, {'xref_id': 'GO:0009636', 'xref_name': 'response to toxic substance', 'xref_src_db': 'GoProcess'}, {'xref_id': 'GO:0010569', 'xref_name': 'regulation of double-strand break repair via homologous recombination', 'xref_src_db': 'GoProcess'}, {'xref_id': 'GO:0010833', 'xref_name': 'telomere maintenance via telomere lengthening', 'xref_src_db': 'GoProcess'}, {'xref_id': 'GO:0036297', 'xref_name': 'interstrand cross-link repair', 'xref_src_db': 'GoProcess'}, {'xref_id': 'GO:0051106', 'xref_name': 'positive regulation of DNA ligation', 'xref_src_db': 'GoProcess'}, {'xref_id': 'GO:0071479', 'xref_name': 'cellular response to ionizing radiation', 'xref_src_db': 'GoProcess'}, {'xref_id': 'GO:0071480', 'xref_name': 'cellular response to gamma radiation', 'xref_src_db': 'GoProcess'}, {'xref_id': 'GO:0072719', 'xref_name': 'cellular response to cisplatin', 'xref_src_db': 'GoProcess'}, {'xref_id': 'GO:0072757', 'xref_name': 'cellular response to camptothecin', 'xref_src_db': 'GoProcess'}, {'xref_id': 'GO:1990426', 'xref_name': 'mitotic recombination-dependent replication fork processing', 'xref_src_db': 'GoProcess'}, {'xref_id': 'GO:1990918', 'xref_name': 'double-strand break repair involved in meiotic recombination', 'xref_src_db': 'GoProcess'}, {'xref_id': 'GO:2000001', 'xref_name': 'regulation of DNA damage checkpoint', 'xref_src_db': 'GoProcess'}, {'xref_id': 'GO:0035861', 'xref_name': 'site of double-strand break', 'xref_src_db': 'GoComponent'}, {'xref_id': 'GO:0000228', 'xref_name': 'nuclear chromosome', 'xref_src_db': 'GoComponent'}, {'xref_id': 'GO:0000781', 'xref_name': 'chromosome, telomeric region', 'xref_src_db': 'GoComponent'}, {'xref_id': 'GO:0000785', 'xref_name': 'chromatin', 'xref_src_db': 'GoComponent'}, {'xref_id': 'GO:0000793', 'xref_name': 'condensed chromosome', 'xref_src_db': 'GoComponent'}, {'xref_id': 'GO:0000794', 'xref_name': 'condensed nuclear chromosome', 'xref_src_db': 'GoComponent'}, {'xref_id': 'GO:0000795', 'xref_name': 'synaptonemal complex', 'xref_src_db': 'GoComponent'}, {'xref_id': 'GO:0000800', 'xref_name': 'lateral element', 'xref_src_db': 'GoComponent'}, {'xref_id': 'GO:0001673', 'xref_name': 'male germ cell nucleus', 'xref_src_db': 'GoComponent'}, {'xref_id': 'GO:0005634', 'xref_name': 'nucleus', 'xref_src_db': 'GoComponent'}, {'xref_id': 'GO:0005654', 'xref_name': 'nucleoplasm', 'xref_src_db': 'GoComponent'}, {'xref_id': 'GO:0005694', 'xref_name': 'chromosome', 'xref_src_db': 'GoComponent'}, {'xref_id': 'GO:0005730', 'xref_name': 'nucleolus', 'xref_src_db': 'GoComponent'}, {'xref_id': 'GO:0005737', 'xref_name': 'cytoplasm', 'xref_src_db': 'GoComponent'}, {'xref_id': 'GO:0005739', 'xref_name': 'mitochondrion', 'xref_src_db': 'GoComponent'}, {'xref_id': 'GO:0005813', 'xref_name': 'centrosome', 'xref_src_db': 'GoComponent'}, {'xref_id': 'GO:0005829', 'xref_name': 'cytosol', 'xref_src_db': 'GoComponent'}, {'xref_id': 'GO:0005856', 'xref_name': 'cytoskeleton', 'xref_src_db': 'GoComponent'}, {'xref_id': 'GO:0016605', 'xref_name': 'PML body', 'xref_src_db': 'GoComponent'}, {'xref_id': 'GO:0048471', 'xref_name': 'perinuclear region of cytoplasm', 'xref_src_db': 'GoComponent'}, {'xref_id': 'GO:0099182', 'xref_name': 'presynaptic intermediate filament cytoskeleton', 'xref_src_db': 'GoComponent'}, {'xref_id': 'GO:0000152', 'xref_name': 'nuclear ubiquitin ligase complex', 'xref_src_db': 'GoComponent'}, {'xref_id': 'GO:0032991', 'xref_name': 'protein-containing complex', 'xref_src_db': 'GoComponent'}, {'xref_id': 'Q3UAY5', 'xref_name': 'DNA repair protein RAD51 homolog 1', 'xref_src_db': 'UniProt'}, {'xref_id': 'Q08297', 'xref_name': 'DNA repair protein RAD51 homolog 1', 'xref_src_db': 'UniProt'}, {'xref_id': '9UI4', 'xref_name': None, 'xref_src_db': 'PDB'}, {'xref_id': '9UI7', 'xref_name': None, 'xref_src_db': 'PDB'}, {'xref_id': '9UI8', 'xref_name': None, 'xref_src_db': 'PDB'}, {'xref_id': '9UI9', 'xref_name': None, 'xref_src_db': 'PDB'}, {'xref_id': 'Q08297', 'xref_name': None, 'xref_src_db': 'AlphaFoldDB'}, {'xref_id': 'Q08297', 'xref_name': None, 'xref_src_db': 'IntAct'}, {'xref_id': 'R-MMU-5685938', 'xref_name': 'HDR through Single Strand Annealing (SSA)', 'xref_src_db': 'Reactome'}, {'xref_id': 'R-MMU-5685942', 'xref_name': 'HDR through Homologous Recombination (HRR)', 'xref_src_db': 'Reactome'}, {'xref_id': 'R-MMU-5693568', 'xref_name': 'Resolution of D-loop Structures through Holliday Junction Intermediates', 'xref_src_db': 'Reactome'}, {'xref_id': 'R-MMU-5693579', 'xref_name': 'Homologous DNA Pairing and Strand Exchange', 'xref_src_db': 'Reactome'}, {'xref_id': 'R-MMU-5693616', 'xref_name': 'Presynaptic phase of homologous DNA pairing and strand exchange', 'xref_src_db': 'Reactome'}, {'xref_id': 'R-MMU-912446', 'xref_name': 'Meiotic recombination', 'xref_src_db': 'Reactome'}, {'xref_id': 'Q08297', 'xref_name': None, 'xref_src_db': 'ExpressionAtlas'}, {'xref_id': 'IPR003593', 'xref_name': 'AAA+_ATPase', 'xref_src_db': 'InterPro'}, {'xref_id': 'IPR011941', 'xref_name': 'DNA_recomb/repair_Rad51', 'xref_src_db': 'InterPro'}, {'xref_id': 'IPR016467', 'xref_name': 'DNA_recomb/repair_RecA-like', 'xref_src_db': 'InterPro'}, {'xref_id': 'IPR010995', 'xref_name': 'DNA_repair_Rad51/TF_NusA_a-hlx', 'xref_src_db': 'InterPro'}, {'xref_id': 'IPR027417', 'xref_name': 'P-loop_NTPase', 'xref_src_db': 'InterPro'}, {'xref_id': 'IPR013632', 'xref_name': 'Rad51_C', 'xref_src_db': 'InterPro'}, {'xref_id': 'IPR020588', 'xref_name': 'RecA_ATP-bd', 'xref_src_db': 'InterPro'}, {'xref_id': 'IPR020587', 'xref_name': 'RecA_monomer-monomer_interface', 'xref_src_db': 'InterPro'}, {'xref_id': 'PTHR22942:SF39', 'xref_name': 'DNA REPAIR PROTEIN RAD51 HOMOLOG 1', 'xref_src_db': 'PANTHER'}, {'xref_id': 'PTHR22942', 'xref_name': 'RECA/RAD51/RADA DNA STRAND-PAIRING FAMILY MEMBER', 'xref_src_db': 'PANTHER'}, {'xref_id': 'PF14520', 'xref_name': 'HHH_5', 'xref_src_db': 'Pfam'}, {'xref_id': 'PF08423', 'xref_name': 'Rad51', 'xref_src_db': 'Pfam'}]}]",SINGLE PROTEIN,10090
[],Homo sapiens,DNA repair protein RAD51 homolog 1,15.0,False,CHEMBL2034807,"[{'accession': 'Q06609', 'component_description': 'DNA repair protein RAD51 homolog 1', 'component_id': 5956, 'component_type': 'PROTEIN', 'relationship': 'SINGLE PROTEIN', 'target_component_synonyms': [{'component_synonym': '3.6.4.-', 'syn_type': 'EC_NUMBER'}, {'component_synonym': 'DNA repair protein RAD51 homolog 1', 'syn_type': 'UNIPROT'}, {'component_synonym': 'hRAD51', 'syn_type': 'UNIPROT'}, {'component_synonym': 'HsRAD51', 'syn_type': 'UNIPROT'}, {'component_synonym': 'RAD51', 'syn_type': 'GENE_SYMBOL'}, {'component_synonym': 'RAD51A', 'syn_type': 'GENE_SYMBOL_OTHER'}, {'component_synonym': 'RAD51 homolog A', 'syn_type': 'UNIPROT'}, {'component_synonym': 'RECA', 'syn_type': 'GENE_SYMBOL_OTHER'}], 'target_component_xrefs': [{'xref_id': '1N0W', 'xref_name': 'A', 'xref_src_db': 'PDBe'}, {'xref_id': '5NWL', 'xref_name': 'A', 'xref_src_db': 'PDBe'}, {'xref_id': 'GO:0000724', 'xref_name': 'double-strand break repair via homologous recombination', 'xref_src_db': 'GoProcess'}, {'xref_id': 'GO:0003677', 'xref_name': 'DNA binding', 'xref_src_db': 'GoFunction'}, {'xref_id': 'GO:0003682', 'xref_name': 'chromatin binding', 'xref_src_db': 'GoFunction'}, {'xref_id': 'GO:0003690', 'xref_name': 'double-stranded DNA binding', 'xref_src_db': 'GoFunction'}, {'xref_id': 'GO:0003697', 'xref_name': 'single-stranded DNA binding', 'xref_src_db': 'GoFunction'}, {'xref_id': 'GO:0005515', 'xref_name': 'protein binding', 'xref_src_db': 'GoFunction'}, {'xref_id': 'GO:0005524', 'xref_name': 'ATP binding', 'xref_src_db': 'GoFunction'}, {'xref_id': 'GO:0016887', 'xref_name': 'ATP hydrolysis activity', 'xref_src_db': 'GoFunction'}, {'xref_id': 'GO:0017116', 'xref_name': 'single-stranded DNA helicase activity', 'xref_src_db': 'GoFunction'}, {'xref_id': 'GO:0019899', 'xref_name': 'enzyme binding', 'xref_src_db': 'GoFunction'}, {'xref_id': 'GO:0042802', 'xref_name': 'identical protein binding', 'xref_src_db': 'GoFunction'}, {'xref_id': 'GO:0070182', 'xref_name': 'DNA polymerase binding', 'xref_src_db': 'GoFunction'}, {'xref_id': 'GO:0000722', 'xref_name': 'telomere maintenance via recombination', 'xref_src_db': 'GoProcess'}, {'xref_id': 'GO:0000730', 'xref_name': 'DNA recombinase assembly', 'xref_src_db': 'GoProcess'}, {'xref_id': 'GO:0006268', 'xref_name': 'DNA unwinding involved in DNA replication', 'xref_src_db': 'GoProcess'}, {'xref_id': 'GO:0006281', 'xref_name': 'DNA repair', 'xref_src_db': 'GoProcess'}, {'xref_id': 'GO:0006310', 'xref_name': 'DNA recombination', 'xref_src_db': 'GoProcess'}, {'xref_id': 'GO:0006312', 'xref_name': 'mitotic recombination', 'xref_src_db': 'GoProcess'}, {'xref_id': 'GO:0006974', 'xref_name': 'DNA damage response', 'xref_src_db': 'GoProcess'}, {'xref_id': 'GO:0007127', 'xref_name': 'meiosis I', 'xref_src_db': 'GoProcess'}, {'xref_id': 'GO:0007131', 'xref_name': 'reciprocal meiotic recombination', 'xref_src_db': 'GoProcess'}, {'xref_id': 'GO:0009636', 'xref_name': 'response to toxic substance', 'xref_src_db': 'GoProcess'}, {'xref_id': 'GO:0010569', 'xref_name': 'regulation of double-strand break repair via homologous recombination', 'xref_src_db': 'GoProcess'}, {'xref_id': 'GO:0010833', 'xref_name': 'telomere maintenance via telomere lengthening', 'xref_src_db': 'GoProcess'}, {'xref_id': 'GO:0031297', 'xref_name': 'replication fork processing', 'xref_src_db': 'GoProcess'}, {'xref_id': 'GO:0032200', 'xref_name': 'telomere organization', 'xref_src_db': 'GoProcess'}, {'xref_id': 'GO:0036297', 'xref_name': 'interstrand cross-link repair', 'xref_src_db': 'GoProcess'}, {'xref_id': 'GO:0042148', 'xref_name': 'DNA strand invasion', 'xref_src_db': 'GoProcess'}, {'xref_id': 'GO:0051106', 'xref_name': 'positive regulation of DNA ligation', 'xref_src_db': 'GoProcess'}, {'xref_id': 'GO:0051321', 'xref_name': 'meiotic cell cycle', 'xref_src_db': 'GoProcess'}, {'xref_id': 'GO:0070192', 'xref_name': 'chromosome organization involved in meiotic cell cycle', 'xref_src_db': 'GoProcess'}, {'xref_id': 'GO:0071312', 'xref_name': 'cellular response to alkaloid', 'xref_src_db': 'GoProcess'}, {'xref_id': 'GO:0071479', 'xref_name': 'cellular response to ionizing radiation', 'xref_src_db': 'GoProcess'}, {'xref_id': 'GO:0071480', 'xref_name': 'cellular response to gamma radiation', 'xref_src_db': 'GoProcess'}, {'xref_id': 'GO:0072711', 'xref_name': 'cellular response to hydroxyurea', 'xref_src_db': 'GoProcess'}, {'xref_id': 'GO:0072719', 'xref_name': 'cellular response to cisplatin', 'xref_src_db': 'GoProcess'}, {'xref_id': 'GO:0072757', 'xref_name': 'cellular response to camptothecin', 'xref_src_db': 'GoProcess'}, {'xref_id': 'GO:1990414', 'xref_name': 'replication-born double-strand break repair via sister chromatid exchange', 'xref_src_db': 'GoProcess'}, {'xref_id': 'GO:1990426', 'xref_name': 'mitotic recombination-dependent replication fork processing', 'xref_src_db': 'GoProcess'}, {'xref_id': 'GO:1990918', 'xref_name': 'double-strand break repair involved in meiotic recombination', 'xref_src_db': 'GoProcess'}, {'xref_id': 'GO:2000001', 'xref_name': 'regulation of DNA damage checkpoint', 'xref_src_db': 'GoProcess'}, {'xref_id': 'GO:0000794', 'xref_name': 'condensed nuclear chromosome', 'xref_src_db': 'GoComponent'}, {'xref_id': 'GO:0035861', 'xref_name': 'site of double-strand break', 'xref_src_db': 'GoComponent'}, {'xref_id': 'GO:0099182', 'xref_name': 'presynaptic intermediate filament cytoskeleton', 'xref_src_db': 'GoComponent'}, {'xref_id': 'GO:0000228', 'xref_name': 'nuclear chromosome', 'xref_src_db': 'GoComponent'}, {'xref_id': 'GO:0000781', 'xref_name': 'chromosome, telomeric region', 'xref_src_db': 'GoComponent'}, {'xref_id': 'GO:0000785', 'xref_name': 'chromatin', 'xref_src_db': 'GoComponent'}, {'xref_id': 'GO:0000793', 'xref_name': 'condensed chromosome', 'xref_src_db': 'GoComponent'}, {'xref_id': 'GO:0000800', 'xref_name': 'lateral element', 'xref_src_db': 'GoComponent'}, {'xref_id': 'GO:0001673', 'xref_name': 'male germ cell nucleus', 'xref_src_db': 'GoComponent'}, {'xref_id': 'GO:0005634', 'xref_name': 'nucleus', 'xref_src_db': 'GoComponent'}, {'xref_id': 'GO:0005654', 'xref_name': 'nucleoplasm', 'xref_src_db': 'GoComponent'}, {'xref_id': 'GO:0005694', 'xref_name': 'chromosome', 'xref_src_db': 'GoComponent'}, {'xref_id': 'GO:0005730', 'xref_name': 'nucleolus', 'xref_src_db': 'GoComponent'}, {'xref_id': 'GO:0005737', 'xref_name': 'cytoplasm', 'xref_src_db': 'GoComponent'}, {'xref_id': 'GO:0005739', 'xref_name': 'mitochondrion', 'xref_src_db': 'GoComponent'}, {'xref_id': 'GO:0005813', 'xref_name': 'centrosome', 'xref_src_db': 'GoComponent'}, {'xref_id': 'GO:0005829', 'xref_name': 'cytosol', 'xref_src_db': 'GoComponent'}, {'xref_id': 'GO:0005856', 'xref_name': 'cytoskeleton', 'xref_src_db': 'GoComponent'}, {'xref_id': 'GO:0016605', 'xref_name': 'PML body', 'xref_src_db': 'GoComponent'}, {'xref_id': 'GO:0048471', 'xref_name': 'perinuclear region of cytoplasm', 'xref_src_db': 'GoComponent'}, {'xref_id': 'GO:0000152', 'xref_name': 'nuclear ubiquitin ligase complex', 'xref_src_db': 'GoComponent'}, {'xref_id': 'GO:0032991', 'xref_name': 'protein-containing complex', 'xref_src_db': 'GoComponent'}, {'xref_id': 'PA34176', 'xref_name': 'RAD51 recombinase', 'xref_src_db': 'PharmGKB'}, {'xref_id': 'B0FXP0', 'xref_name': 'DNA repair protein RAD51 homolog 1', 'xref_src_db': 'UniProt'}, {'xref_id': 'B2R8T6', 'xref_name': 'DNA repair protein RAD51 homolog 1', 'xref_src_db': 'UniProt'}, {'xref_id': 'Q6FHX9', 'xref_name': 'DNA repair protein RAD51 homolog 1', 'xref_src_db': 'UniProt'}, {'xref_id': 'Q6ZNA8', 'xref_name': 'DNA repair protein RAD51 homolog 1', 'xref_src_db': 'UniProt'}, {'xref_id': 'Q9BV60', 'xref_name': 'DNA repair protein RAD51 homolog 1', 'xref_src_db': 'UniProt'}, {'xref_id': 'Q06609', 'xref_name': 'DNA repair protein RAD51 homolog 1', 'xref_src_db': 'UniProt'}, {'xref_id': '1B22', 'xref_name': None, 'xref_src_db': 'PDB'}, {'xref_id': '1N0W', 'xref_name': None, 'xref_src_db': 'PDB'}, {'xref_id': '5H1B', 'xref_name': None, 'xref_src_db': 'PDB'}, {'xref_id': '5H1C', 'xref_name': None, 'xref_src_db': 'PDB'}, {'xref_id': '5JZC', 'xref_name': None, 'xref_src_db': 'PDB'}, {'xref_id': '5NP7', 'xref_name': None, 'xref_src_db': 'PDB'}, {'xref_id': '5NWL', 'xref_name': None, 'xref_src_db': 'PDB'}, {'xref_id': '7C9A', 'xref_name': None, 'xref_src_db': 'PDB'}, {'xref_id': '7EJC', 'xref_name': None, 'xref_src_db': 'PDB'}, {'xref_id': '7EJE', 'xref_name': None, 'xref_src_db': 'PDB'}, {'xref_id': '8BQ2', 'xref_name': None, 'xref_src_db': 'PDB'}, {'xref_id': '8BR2', 'xref_name': None, 'xref_src_db': 'PDB'}, {'xref_id': '8BSC', 'xref_name': None, 'xref_src_db': 'PDB'}, {'xref_id': '8GYK', 'xref_name': None, 'xref_src_db': 'PDB'}, {'xref_id': '8JND', 'xref_name': None, 'xref_src_db': 'PDB'}, {'xref_id': '8JNE', 'xref_name': None, 'xref_src_db': 'PDB'}, {'xref_id': '8JNF', 'xref_name': None, 'xref_src_db': 'PDB'}, {'xref_id': '8PBC', 'xref_name': None, 'xref_src_db': 'PDB'}, {'xref_id': '8PBD', 'xref_name': None, 'xref_src_db': 'PDB'}, {'xref_id': '8R64', 'xref_name': None, 'xref_src_db': 'PDB'}, {'xref_id': '8RCD', 'xref_name': None, 'xref_src_db': 'PDB'}, {'xref_id': '8RCF', 'xref_name': None, 'xref_src_db': 'PDB'}, {'xref_id': '8XBT', 'xref_name': None, 'xref_src_db': 'PDB'}, {'xref_id': '8XBU', 'xref_name': None, 'xref_src_db': 'PDB'}, {'xref_id': '8XBV', 'xref_name': None, 'xref_src_db': 'PDB'}, {'xref_id': '8XBW', 'xref_name': None, 'xref_src_db': 'PDB'}, {'xref_id': '8XBX', 'xref_name': None, 'xref_src_db': 'PDB'}, {'xref_id': '8XBY', 'xref_name': None, 'xref_src_db': 'PDB'}, {'xref_id': '9I62', 'xref_name': None, 'xref_src_db': 'PDB'}, {'xref_id': 'Q06609', 'xref_name': None, 'xref_src_db': 'AlphaFoldDB'}, {'xref_id': 'Q06609', 'xref_name': None, 'xref_src_db': 'IntAct'}, {'xref_id': 'HGNC:9817', 'xref_name': 'RAD51', 'xref_src_db': 'HGNC'}, {'xref_id': 'R-HSA-5685938', 'xref_name': 'HDR through Single Strand Annealing (SSA)', 'xref_src_db': 'Reactome'}, {'xref_id': 'R-HSA-5685942', 'xref_name': 'HDR through Homologous Recombination (HRR)', 'xref_src_db': 'Reactome'}, {'xref_id': 'R-HSA-5693554', 'xref_name': 'Resolution of D-loop Structures through Synthesis-Dependent Strand Annealing (SDSA)', 'xref_src_db': 'Reactome'}, {'xref_id': 'R-HSA-5693568', 'xref_name': 'Resolution of D-loop Structures through Holliday Junction Intermediates', 'xref_src_db': 'Reactome'}, {'xref_id': 'R-HSA-5693579', 'xref_name': 'Homologous DNA Pairing and Strand Exchange', 'xref_src_db': 'Reactome'}, {'xref_id': 'R-HSA-5693616', 'xref_name': 'Presynaptic phase of homologous DNA pairing and strand exchange', 'xref_src_db': 'Reactome'}, {'xref_id': 'R-HSA-8953750', 'xref_name': 'Transcriptional Regulation by E2F6', 'xref_src_db': 'Reactome'}, {'xref_id': 'R-HSA-912446', 'xref_name': 'Meiotic recombination', 'xref_src_db': 'Reactome'}, {'xref_id': 'R-HSA-9701192', 'xref_name': 'Defective homologous recombination repair (HRR) due to BRCA1 loss of function', 'xref_src_db': 'Reactome'}, {'xref_id': 'R-HSA-9704331', 'xref_name': 'Defective HDR through Homologous Recombination Repair (HRR) due to PALB2 loss of BRCA1 binding function', 'xref_src_db': 'Reactome'}, {'xref_id': 'R-HSA-9704646', 'xref_name': 'Defective HDR through Homologous Recombination Repair (HRR) due to PALB2 loss of BRCA2/RAD51/RAD51C binding function', 'xref_src_db': 'Reactome'}, {'xref_id': 'R-HSA-9709570', 'xref_name': 'Impaired BRCA2 binding to RAD51', 'xref_src_db': 'Reactome'}, {'xref_id': 'R-HSA-9709603', 'xref_name': 'Impaired BRCA2 binding to PALB2', 'xref_src_db': 'Reactome'}, {'xref_id': 'Q06609', 'xref_name': None, 'xref_src_db': 'Pharos'}, {'xref_id': 'Q06609', 'xref_name': None, 'xref_src_db': 'ExpressionAtlas'}, {'xref_id': 'IPR003593', 'xref_name': 'AAA+_ATPase', 'xref_src_db': 'InterPro'}, {'xref_id': 'IPR011941', 'xref_name': 'DNA_recomb/repair_Rad51', 'xref_src_db': 'InterPro'}, {'xref_id': 'IPR016467', 'xref_name': 'DNA_recomb/repair_RecA-like', 'xref_src_db': 'InterPro'}, {'xref_id': 'IPR010995', 'xref_name': 'DNA_repair_Rad51/TF_NusA_a-hlx', 'xref_src_db': 'InterPro'}, {'xref_id': 'IPR027417', 'xref_name': 'P-loop_NTPase', 'xref_src_db': 'InterPro'}, {'xref_id': 'IPR013632', 'xref_name': 'Rad51_C', 'xref_src_db': 'InterPro'}, {'xref_id': 'IPR020588', 'xref_name': 'RecA_ATP-bd', 'xref_src_db': 'InterPro'}, {'xref_id': 'IPR020587', 'xref_name': 'RecA_monomer-monomer_interface', 'xref_src_db': 'InterPro'}, {'xref_id': 'PTHR22942:SF39', 'xref_name': 'DNA REPAIR PROTEIN RAD51 HOMOLOG 1', 'xref_src_db': 'PANTHER'}, {'xref_id': 'PTHR22942', 'xref_name': 'RECA/RAD51/RADA DNA STRAND-PAIRING FAMILY MEMBER', 'xref_src_db': 'PANTHER'}, {'xref_id': 'PF14520', 'xref_name': 'HHH_5', 'xref_src_db': 'Pfam'}, {'xref_id': 'PF08423', 'xref_name': 'Rad51', 'xref_src_db': 'Pfam'}]}]",SINGLE PROTEIN,9606
[],Mycobacterium,Mycobacterium,14.0,True,CHEMBL614981,[],ORGANISM,1763
[],Mycobacterium avium,Mycobacterium avium,12.0,False,CHEMBL614982,[],ORGANISM,1764
[],Mycobacterium kansasii,Mycobacterium kansasii,12.0,False,CHEMBL614984,[],ORGANISM,1768
[],Mycobacterium gordonae,Mycobacterium gordonae,12.0,False,CHEMBL614986,[],ORGANISM,1778
[],Mycobacterium marinum,Mycobacterium marinum,12.0,False,CHEMBL614987,[],ORGANISM,1781
[],Mycobacterium simiae,Mycobacterium simiae,12.0,False,CHEMBL614988,[],ORGANISM,1784
[],Mycobacterium intracellulare,Mycobacterium intracellulare,12.0,False,CHEMBL612640,[],ORGANISM,1767
[],Mycobacterium malmoense,Mycobacterium malmoense,12.0,False,CHEMBL613090,[],ORGANISM,1780
[],Mycobacterium scrofulaceum,Mycobacterium scrofulaceum,12.0,False,CHEMBL613091,[],ORGANISM,1783
[],Mycobacterium xenopi,Mycobacterium xenopi,12.0,False,CHEMBL612642,[],ORGANISM,1789
[],Mycobacterium lufu,Mycobacterium lufu,12.0,False,CHEMBL612242,[],ORGANISM,29312
[],Mycobacterium conspicuum,Mycobacterium conspicuum,12.0,False,CHEMBL612955,[],ORGANISM,44010
[],Mycobacterium interjectum,Mycobacterium interjectum,12.0,False,CHEMBL612958,[],ORGANISM,33895
[],Mycobacterium shimoidei,Mycobacterium shimoidei,12.0,False,CHEMBL612962,[],ORGANISM,29313
[],Mycobacterium sp.,Mycobacterium sp.,12.0,True,CHEMBL612963,[],ORGANISM,1785
[],Mycobacterium szulgai,Mycobacterium szulgai,12.0,False,CHEMBL612964,[],ORGANISM,1787
[],Mycobacterium ulcerans,Mycobacterium ulcerans,12.0,False,CHEMBL612965,[],ORGANISM,1809
[],Mycobacterium leprae,Mycobacterium leprae,12.0,False,CHEMBL3301409,[],ORGANISM,1769
[],Mycobacterium parascrofulaceum,Mycobacterium parascrofulaceum,12.0,False,CHEMBL5465482,[],ORGANISM,240125
[],Mycolicibacterium alvei,Mycobacterium alvei,12.0,False,CHEMBL6195303,[],ORGANISM,67081
[],Mycobacterium lacticola,Mycobacterium lacticola,12.0,False,CHEMBL6195304,[],ORGANISM,188916
[],Mycolicibacterium mucogenicum,Mycobacterium mucogenicum,12.0,False,CHEMBL6195305,[],ORGANISM,56689
[],Mycolicibacterium porcinum,Mycobacterium porcinum,12.0,False,CHEMBL6195306,[],ORGANISM,39693
[],Mycolicibacterium septicum,Mycobacterium septicum,12.0,False,CHEMBL6195307,[],ORGANISM,98668
[],Mycolicibacterium vanbaalenii,Mycobacterium vanbaalenii,12.0,False,CHEMBL6195308,[],ORGANISM,110539
[],Mycolicibacterium wolinskyi,Mycobacterium wolinskyi,12.0,False,CHEMBL6195309,[],ORGANISM,59750
[],Mycobacterium avium-intracellulare,Mycobacterium avium-intracellulare,11.0,False,CHEMBL612954,[],ORGANISM,55883
[],Mycobacterium avium subsp. paratuberculosis,Mycobacterium avium subsp. paratuberculosis,9.0,False,CHEMBL613087,[],ORGANISM,1770
[],Mycobacterium avium complex sp.,Mycobacterium avium complex sp.,9.0,False,CHEMBL612953,[],ORGANISM,37162
[],Mycobacterium intracellulare subsp. chimaera,Mycobacterium intracellulare subsp. chimaera,9.0,False,CHEMBL4665601,[],ORGANISM,222805
