molecule_chembl_id,canonical_smiles,standard_value,bioactivity_class,bioactivity_numeric
CHEMBL1305372,O=C1/C(=C/c2ccccc2F)SC(=S)N1CC(=O)N1CCCCC1c1cccnc1,18600.0,inactive,0
CHEMBL1735239,COc1cc(C(c2c(C)n[nH]c2O)c2c(C)n[nH]c2O)cc(Br)c1OC,274.0,active,1
CHEMBL1323586,COc1cc(C2NC(=O)C(C#N)=C(Nc3cccc(C)c3)S2)ccc1O,20000.0,inactive,0
CHEMBL3198784,CCOC(=O)c1c(C)oc2c1c(/C=N/CCC(=O)O)c(O)c1ccccc12,390.0,active,1
CHEMBL1432707,COC(=O)c1cc(C)nc2c1C(=O)C(=O)C=C2N1CCOCC1,199.0,active,1
CHEMBL1520989,Cc1ccc(S(=O)(=O)NC(C)C(=O)Oc2ccc3c(=O)c(-c4ccc([N+](=O)[O-])cc4)c(C)oc3c2)cc1,37100.0,inactive,0
CHEMBL1393283,CCOC(=O)C1=C(c2ccccc2)N=C(N)NC1c1ccc(OCc2ccc(C(=O)OC)cc2)cc1,11800.0,inactive,0
CHEMBL1512368,Cc1ccc(S(=O)(=O)N(C)c2ccc(OC(=O)CSCc3c(C)noc3C)cc2)cc1C,71700.0,inactive,0
CHEMBL1794278,CCn1nc(C)c(C2C(C#N)=C(N)Oc3[nH]nc(C)c32)c1C,12500.0,inactive,0
CHEMBL88326,Nc1ccc(O)c2c1C(=O)c1ccccc1C2=O,39000.0,inactive,0
CHEMBL1323536,O=C(NCc1cccnc1)/C(=C\c1ccc(-c2ccc(Br)cc2)o1)S(=O)(=O)c1ccccc1,20200.0,inactive,0
CHEMBL1471907,COc1cc(/C=C2/SC(=S)NC2=O)ccc1OS(=O)(=O)c1ccc(C)cc1,11900.0,inactive,0
CHEMBL1345722,CCCc1nc(SCC(=O)N2CCc3ccccc3C2)c2ccccc2n1,14600.0,inactive,0
CHEMBL1393351,C[C@@H]1CC=C[C@H]2[C@H]1C(=O)N(Cc1ccccc1)[C@H]2c1ccc(F)c(Br)c1,23000.0,inactive,0
CHEMBL1492541,CN1c2ccccc2C(C)(C)C12C=Nc1c(cc(N3CCOCC3)c3ccccc13)O2,50500.0,inactive,0
CHEMBL1437683,O=[N+]([O-])c1ccc(S(=O)(=O)c2cccc(C(F)(F)F)c2)nc1,14200.0,inactive,0
CHEMBL1313352,N#CC(C#N)=NNc1ccc(S(=O)(=O)N2CCCC2)cc1,23900.0,inactive,0
CHEMBL3208288,COC(=O)N/N=C\c1ccc(OC(=O)c2ccco2)cc1,16700.0,inactive,0
CHEMBL1521024,Cc1n[nH]c(O)c1C(c1cc2c(cc1Br)OCO2)c1c(C)n[nH]c1O,352.0,active,1
CHEMBL1735634,COc1ccc(CC(=O)O/N=C(\N)Cc2cccc3ccccc23)cc1OC,18200.0,inactive,0
CHEMBL1432870,CC(C)(C)n1nnnc1C(c1cccs1)N(Cc1cccnc1)Cc1ccccc1Cl,59000.0,inactive,0
CHEMBL1447341,O=C(OCn1ncc(Cl)c(Cl)c1=O)c1ccc(C(F)(F)F)cc1,308.0,active,1
CHEMBL1581233,Cc1cccc(CN2CCN(C(=O)CCl)CC2)c1,20200.0,inactive,0
CHEMBL1531579,NNc1nnc(S)n1N,86400.0,inactive,0
CHEMBL1447306,CC1=NNC(=O)/C1=C\c1cn(-c2ccccc2)nc1-c1ccccc1,978.0,active,1
CHEMBL1542492,CC(NC(=O)/C(C#N)=C/c1ccc([N+](=O)[O-])o1)c1ccccc1,35000.0,inactive,0
CHEMBL1572077,Cc1n[nH]c(O)c1C(c1ccc(N(C)C)c(Br)c1)c1c(C)n[nH]c1O,274.0,active,1
CHEMBL505618,CC(Nc1c[nH]c(=O)[nH]c1=O)c1ccccc1,15500.0,inactive,0
CHEMBL1464042,COC(=O)c1sc(-c2ccc(C(C)(C)C)cc2)cc1NC(=O)/C=C/C(=O)O,701.0,active,1
CHEMBL1572001,CC(C)(C)c1ccc(-n2nc(C#N)c(Cl)cc2=O)cc1,989.0,active,1
CHEMBL1481657,CCCCCc1cc(=O)oc2c(C(CCN3CCCC(C)C3)c3ccc4c(c3)OCO4)c(OC)cc(OC)c12,11600.0,inactive,0
CHEMBL1533248,CC(C)(C)c1c(Cl)c(O)c(-c2ccccc2)c(=O)n1-c1ccccc1,27200.0,inactive,0
CHEMBL1550425,COc1ccc(-n2c(=O)c3ccccc3c3ccccc3c2=O)cc1,23300.0,inactive,0
CHEMBL1533269,O=C(CN1C(=O)S/C(=C\C=C\c2ccccc2)C1=O)Nc1ccccc1C(=O)O,10800.0,inactive,0
CHEMBL1415639,CCOC(=O)CC1=NN(c2ccccc2)C(=O)C1,10100.0,inactive,0
CHEMBL1463943,COc1ccc(/C=C/C(=O)c2ccccc2)cc1COc1ccc(F)cc1,37200.0,inactive,0
CHEMBL1581228,CCOc1ccccc1Oc1coc2cc(OC(=O)c3ccco3)ccc2c1=O,35700.0,inactive,0
CHEMBL390559,Cc1nn(-c2ccccc2)c(Cl)c1/C=C1\SC(=S)N(CCCCCC(=O)O)C1=O,14200.0,inactive,0
CHEMBL1345835,O=C(NC1CCCC1)C(c1ccc(F)cc1)N(Cc1ccccc1Cl)C(=O)CCl,215.0,active,1
CHEMBL1589428,CCOC(=O)C(C)Sc1ncnc2c1nnn2-c1ccc(F)cc1,10900.0,inactive,0
CHEMBL1542693,CN(C1=C(NC(=O)c2ccccc2)C(=O)c2ccccc2C1=O)C1CCS(=O)(=O)C1,108.0,active,1
CHEMBL1503656,CSc1ccc(C(c2c(C)n[nH]c2O)c2c(C)n[nH]c2O)cc1,241.0,active,1
CHEMBL1385784,CC(=O)n1cc(N(C(=O)CCl)c2ccc(Cl)cc2)c2ccccc21,346.0,active,1
CHEMBL1345762,Cc1ccc(C)c(-c2ccc(=O)n(Cc3cccc(Br)c3)n2)c1,24100.0,inactive,0
CHEMBL1454614,O=C1C=C(N2CCOCC2)c2ccccc2C1=O,150.0,active,1
CHEMBL1794153,O=C(Oc1ccc(N2C(=O)C3C4CCC(C4)C3C2=O)cc1)c1ccco1,13000.0,inactive,0
CHEMBL1472126,COc1ccc(N(C(=O)CCl)C(C(=O)NCCc2ccccc2)c2cccs2)cc1,327.0,active,1
CHEMBL1433014,N#CC1=C(N)C(C#N)(C#N)[C@H](c2c(F)cccc2F)[C@H]2CC3(CC=C12)OCCO3,22200.0,inactive,0
CHEMBL586029,CCOC(=O)C1CCN(C(=O)c2c(C)oc3c2C(=O)c2ccccc2C3=O)CC1,645.0,active,1
CHEMBL1598857,COC(=O)c1c(NC(=O)/C=C/C(=O)O)sc(C)c1-c1ccc(C)cc1,11100.0,inactive,0
CHEMBL1415513,Cc1n[nH]c(O)c1C(c1ccc(-c2ccc(F)cc2)o1)c1c(C)n[nH]c1O,297.0,active,1
CHEMBL3194842,CN1C(=O)/C(=N\OC(=O)c2cccc3ccccc23)c2ccccc21,15000.0,inactive,0
CHEMBL1447513,CC(=O)NC1=C(Nc2ccc(N(C)C)cc2)C(=O)c2ccccc2C1=O,46600.0,inactive,0
CHEMBL405110,CN(C)c1ccc2nc3ccc(N(C)C)cc3[s+]c2c1.[Cl-],30000.0,inactive,0
CHEMBL1590201,Cc1c([N+](=O)[O-])cnc(Sc2ccccc2)c1[N+](=O)[O-],47.9,active,1
CHEMBL339561,Cc1ccccc1-c1cc2c(nn1)-c1ccccc1C2=O,891.0,active,1
CHEMBL1410897,CC(C)c1nnc(NC(=O)CCS(=O)(=O)c2nc(-c3cccs3)cc(C(F)(F)F)n2)s1,30400.0,inactive,0
CHEMBL1490987,CCCc1nnc(NC(=O)c2nc(S(=O)(=O)Cc3ccc(C)cc3)ncc2Cl)s1,86700.0,inactive,0
CHEMBL2006840,COc1cccc(/C=N/Nc2cc(C)nc(-c3ccccc3O)n2)c1O,356700.0,inactive,0
CHEMBL1589625,Cc1n[nH]c2c1C(c1c(C)nn(-c3ccccc3)c1Cl)C(C#N)=C(N)O2,13500.0,inactive,0
CHEMBL1313973,Clc1ccc(-c2nnc(Sc3nc4ccccc4o3)c3ccccc23)cc1,405.0,active,1
CHEMBL1494100,CCCCn1c(N)c(C(=O)NCc2cccs2)c2nc3ccccc3nc21,47400.0,inactive,0
CHEMBL171632,CC1(C)C=C2C(=NN(c3ccccc3)C(N)=C2C#N)CO1,297.0,active,1
CHEMBL1393716,COc1ccc2nc(SCC(=O)NN)cc(C)c2c1,10600.0,inactive,0
CHEMBL1376281,Cl.O=C(CNC1=NCCC1)c1ccc(Cl)cc1,23100.0,inactive,0
CHEMBL1542804,O=[N+]([O-])c1cc(S(=O)(=O)C(F)(F)F)ccc1Sc1nc2ccccc2s1,249.0,active,1
CHEMBL1442702,CSc1nc(-c2ccccc2)nn1C(=O)c1ccc(Cl)cc1,44300.0,inactive,0
CHEMBL1314125,O=C(CCl)N1c2ccccc2CCc2ccccc21,450.0,active,1
CHEMBL1328510,CCCCCCCCCCOC(=O)Cn1c(COc2ccc(OC)cc2)[n+](C)c2ccccc21.[Cl-],10600.0,inactive,0
CHEMBL1497078,O=C(CCl)Nc1cccc(S(=O)(=O)N2CCCCCC2)c1,22600.0,inactive,0
CHEMBL1572216,Cc1n[nH]c(O)c1C(c1ccc(-c2cccc(Cl)c2)o1)c1c(C)n[nH]c1O,66200.0,inactive,0
CHEMBL1581601,O=C(CSc1nnc(Cc2ccccc2)o1)Nc1cccc(F)c1,86100.0,inactive,0
CHEMBL1497120,O=C(Oc1ccc(C(=S)N2CCOCC2)cc1)c1ccc([N+](=O)[O-])cc1[N+](=O)[O-],10600.0,inactive,0
CHEMBL1542809,Cc1oc2c(c1C(=O)N1CCOCC1)C(=O)c1ccccc1C2=O,506.0,active,1
CHEMBL1363844,Cc1cc(C)n2nc(CNS(=O)(=O)c3c(F)c(F)c(F)c(F)c3F)nc2n1,10800.0,inactive,0
CHEMBL1299269,CC1=NN(c2cccc(Cl)c2)C(=O)C12CC(C)=C(C)CS2,13200.0,inactive,0
CHEMBL1698050,CCSc1c([N+](=O)[O-])c(=O)n(-c2ccccc2)c2ccccc12,154600.0,inactive,0
CHEMBL1503995,Cc1nc([N+](=O)[O-])c(Sc2nc3ccccc3[nH]2)n1Cc1ccccc1,12300.0,inactive,0
CHEMBL1454910,O=[N+]([O-])c1ccc(O)c2ncccc12,14400.0,inactive,0
CHEMBL1555488,COc1ccc(-n2c(C)cc(C(=O)CCl)c2C)cc1,19000.0,inactive,0
CHEMBL1418852,CCOc1cc(C(c2c(C)n[nH]c2O)c2c(C)n[nH]c2O)ccc1OC(=O)c1cccc([N+](=O)[O-])c1,205.0,active,1
CHEMBL3145178,Cc1cc(=O)n(-c2ccc(O)cc2)[nH]1,774.0,active,1
CHEMBL1418884,O=[N+]([O-])c1ccc(N2CCCC(C(F)(F)F)C2)c2ccncc12,10800.0,inactive,0
CHEMBL1364004,COC(=O)CC1=NN(c2ccc(OC)cc2)C(=O)C1,13100.0,inactive,0
CHEMBL3193655,CC(/C=N/NC(=O)Cc1cc(O)[nH]n1)=C\c1ccccc1,935.0,active,1
CHEMBL1717678,Oc1c2c(nn1-c1ccccc1)CCSC2,13700.0,inactive,0
CHEMBL527336,Cc1ccc(NC2=C(N3CCCCC3)C(=O)c3ccccc3C2=O)cc1,619.0,active,1
CHEMBL3145102,COC(=O)Cc1cc(=O)n(-c2ccccc2)[nH]1,14000.0,inactive,0
CHEMBL1346302,O=C(COC(=O)c1ccc2c(c1Cl)C(=O)c1ccccc1C2=O)NC1CC1,12900.0,inactive,0
CHEMBL1489430,CCCc1n[nH]c(O)c1C(c1cccc(Cl)c1)C(C#N)C#N,755.0,active,1
CHEMBL1454882,Cc1ccc(NC(=O)c2cnc(SCC(=O)NCC3CCCO3)n(C)c2=O)cc1,30900.0,inactive,0
CHEMBL1411089,Cc1cc(C)c(S(=O)(=O)ON2C(=O)c3ccccc3C2=O)cc1C,10200.0,inactive,0
CHEMBL1497295,O=C(CCl)N(c1ccc(Cl)cc1)c1c[nH]c2ccccc12,195.0,active,1
CHEMBL3195749,COC(=O)c1ccccc1NC1=C/C(=N\S(=O)(=O)c2cccs2)c2ccccc2C1=O,20.8,active,1
CHEMBL333767,O=C(NNC(=O)c1ccc([N+](=O)[O-])o1)c1ccccc1,13500.0,inactive,0
CHEMBL1386277,CCOC(=O)CSc1n[nH]c(NC(=O)c2cccc(C(F)(F)F)c2)n1,12400.0,inactive,0
CHEMBL1454770,Cn1cnc([N+](=O)[O-])c1Oc1cccc2ccccc12,13200.0,inactive,0
CHEMBL3196451,Cc1ccc(NC2=C/C(=N/S(=O)(=O)c3cccs3)c3ccccc3C2=O)cc1,119.0,active,1
CHEMBL1533463,CS/C(=C\[N+](=O)[O-])Nc1ccc(Cl)cc1,12700.0,inactive,0
CHEMBL1560396,Cc1onc(-c2ccccc2)c1-c1nc2cc(Cl)ccc2c(=O)o1,158500.0,inactive,0
CHEMBL1486359,COC1=C(c2ccccc2)C(=O)c2ccccc2C1=O,13300.0,inactive,0
CHEMBL1318998,Cc1ccc(S(=O)(=O)N(C(=O)c2ccncc2)c2ccc(OC(=O)c3ccncc3)c3ccccc23)cc1,315.0,active,1
CHEMBL1594394,COCc1n[nH]c2c1C(c1cccc(OC)c1)C(C#N)=C(N)O2,27000.0,inactive,0
CHEMBL36536,COc1cc2c(cc1OC)-c1c(OC)c(OC)cc3c1C(C2)N(C)CC3,614.0,active,1
CHEMBL1969046,Cc1ccc(S(=O)(=O)/N=C2\C=C(Nc3cccc(C(=O)O)c3)C(=O)c3ccccc32)c(C)c1,15000.0,inactive,0
CHEMBL1497427,CCC(c1nnnn1Cc1ccco1)N(Cc1cc2cc(OC)ccc2nc1O)C1CCCCC1,40200.0,inactive,0
CHEMBL207931,COc1ccc(C(O)c2nccc3cc(OC)c(OC)cc23)cc1OC,10700.0,inactive,0
CHEMBL1582076,COc1cc(C2C(C#N)=C(N)Oc3c2c(-c2ccccc2)nn3-c2ccccc2)cc(OC)c1OC,27900.0,inactive,0
CHEMBL1543295,O=S(=O)(c1ccc(Cl)c(Cl)c1)c1snnc1-c1ccccc1,504.0,active,1
CHEMBL577764,N#Cc1nc(N)nc(N(c2ccccc2)c2ccccc2)n1,66600.0,inactive,0
CHEMBL1376540,Cc1ccc(C(=O)NC2(O)C(=O)c3ccccc3C2=O)cc1C,15900.0,inactive,0
CHEMBL3144940,CCCCCCCCc1c(O)nc(-n2[nH]c(C)c(CCO)c2=O)[nH]c1=O,96800.0,inactive,0
CHEMBL1339644,Cc1cccc(Sc2c(C=O)c3ccccc3n2C)c1,29600.0,inactive,0
CHEMBL3185958,CCN(CC)CCOc1ccc(C(=C(Cl)c2ccccc2)c2ccccc2)cc1.O=C(O)CC(O)(CC(=O)O)C(=O)O,12100.0,inactive,0
CHEMBL1555752,CCN(CC)C(=O)c1ccc2c(c1)C1C(Cl)C(Sc3ccccc3[N+](=O)[O-])CC1C(C(=O)O)N2,17000.0,inactive,0
CHEMBL1359240,O=c1c2ccccc2nc2n1CCS2(=O)=O,12900.0,inactive,0
CHEMBL1575531,Cc1ccccc1-n1ncc2c([N+](=O)[O-])cc([N+](=O)[O-])cc21,911.0,active,1
CHEMBL1560640,COc1ccc(/C=C2/C(=O)N(c3cccc(F)c3)N=C2C)c(OC)c1,44600.0,inactive,0
CHEMBL1464853,O=C1C(Cl)=C(N2CCCCC2)C(=O)C(Cl)=C1c1cnc(N2CCCCC2)s1,766.0,active,1
CHEMBL2355051,CCN(CC)CCOc1ccc(C(=C(Cl)c2ccccc2)c2ccccc2)cc1,12400.0,inactive,0
CHEMBL1376516,CCOC(=O)C1=C(c2ccccc2)N=C(N)NC1c1ccc(OCc2ccc(Cl)cc2)c(OC)c1,14300.0,inactive,0
CHEMBL1364176,COc1ccc(-c2cc(O)[nH]n2)cc1,444.0,active,1
CHEMBL1442944,FC(F)(F)c1nnc(-c2ccccc2)nc1Oc1ccc(Cl)cc1Cl,481.0,active,1
CHEMBL1364083,Cc1noc(C)c1CSCC(=O)Oc1ccc(N(C)S(=O)(=O)c2ccc(Cl)cc2)cc1,13800.0,inactive,0
CHEMBL1419252,Cc1cnnn1-c1ccc(C(=O)CCl)cc1,11300.0,inactive,0
CHEMBL1528923,Cc1onc(-c2ccccc2)c1C(=O)n1nnc2ccccc21,13000.0,inactive,0
CHEMBL1482281,O=C(Oc1ccc(Br)cc1C(=S)N1CCOCC1)c1cccc([N+](=O)[O-])c1,23100.0,inactive,0
CHEMBL3145111,O=c1cc(-c2ccccc2)[nH]n1-c1ccc([N+](=O)[O-])cc1,11000.0,inactive,0
CHEMBL1521758,Cc1ccc(C)c(S(=O)(=O)Nc2ccc(O)c3ccccc23)c1,74.5,active,1
CHEMBL1404013,CS(=O)(=O)C1=NN2C(=N)/C(=C\c3ccc(OC(=O)c4ccco4)cc3)C(=O)N=C2S1,16800.0,inactive,0
CHEMBL599924,CCn1nc(/C=C/c2ccccc2)nc2c(=O)n(C)c(=O)nc1-2,36.8,active,1
CHEMBL1416184,O=[N+]([O-])c1c(NCCO)cc(Sc2nc3ccccc3s2)c2nonc12,722.0,active,1
CHEMBL1718805,COc1ccc(OC)c(NC(=O)Nc2ccc(O)c3ccccc23)c1,152.0,active,1
CHEMBL1299841,COc1ccc(CN2CCNC(=O)C2CC(=O)N(C)Cc2ccncn2)c(OC)c1,24700.0,inactive,0
CHEMBL1339869,CCCc1n[nH]c2c1C(c1ccc(OC(=O)N3CCOCC3)cc1)C(C#N)=C(N)O2,11800.0,inactive,0
CHEMBL1582246,COc1ccc2c(c1)C(=C(C#N)C#N)C(=O)N2CCc1ccccc1,21200.0,inactive,0
CHEMBL1516834,Cc1ccccc1Nc1cc2ccccc2c(O)n1,616.0,active,1
CHEMBL1516914,Cc1ccc(-c2nnc(Sc3nc4ccccc4o3)c3ccccc23)cc1,396.0,active,1
CHEMBL1403980,COc1cc2c(cc1OC)C(c1cc(Br)ccc1F)N(C(=O)CCl)CC2,800.0,active,1
CHEMBL1533867,Cc1ccc([N+](=O)[O-])cc1S(=O)(=O)N(C(=O)c1ccncc1)c1ccc2oc3c(c2c1)CCCC3,10800.0,inactive,0
CHEMBL1399145,CC1(C)N=C(SCC(=O)Nc2ccc(Cl)cc2Cl)C(c2ccccc2)=N1,17700.0,inactive,0
CHEMBL1458321,O=C(NC1(O)C(=O)c2ccccc2C1=O)c1c(Cl)cccc1Cl,28600.0,inactive,0
CHEMBL1719244,COc1ccccc1Nc1cc2cc(Br)ccc2c(O)n1,23300.0,inactive,0
CHEMBL1339956,CCOc1cc(/C=C(\C#N)C(=O)Nc2cccc(C(=O)O)c2)cc(Br)c1OC(=O)c1ccc(OC)cc1,13200.0,inactive,0
CHEMBL3196831,O=C(Cc1cc(O)n[nH]1)N/N=C/c1cccc2ccccc12,694.0,active,1
CHEMBL1409588,CN(C)c1ccc(NC(=O)c2ccncc2)c2ccccc12,45400.0,inactive,0
CHEMBL1477488,CCCCC(=O)NC(c1cccc([N+](=O)[O-])c1)c1c(OC(C)=O)ccc2ccccc12,25400.0,inactive,0
CHEMBL1699978,COc1ccc(NC(=O)Nc2ccc(O)c3ccccc23)cc1,722.0,active,1
CHEMBL3197091,Cc1cc(C)c(S(=O)(=O)/N=C2\C=C(Nc3ccc(C(=O)O)cc3)C(=O)c3ccccc32)c(C)c1,69.6,active,1
CHEMBL1399100,O=C1/C(=C/c2ccc(F)cc2)SC(=S)N1CC(=O)N1CCCCC1c1cccnc1,30300.0,inactive,0
CHEMBL1379918,Cc1ccc(NC2=C(NCCO)C(=O)c3ccccc3C2=O)cc1,11700.0,inactive,0
CHEMBL1364384,COc1ccc(OC)c(N2C(=O)C(Cl)=C(N3CCOCC3)C2=O)c1,26300.0,inactive,0
CHEMBL1465185,O=C(O)CNS(=O)(=O)c1ccc2c(c1)C(=O)c1ccccc1C2=O,10700.0,inactive,0
CHEMBL1364506,CC(=O)Nc1ccc(NC(=O)CSc2ncc(C(=O)Nc3ccccc3)c(=O)n2C)cc1,43.0,active,1
CHEMBL1165723,C=CCNC1=C(Cl)C(=O)c2ccccc2C1=O,10400.0,inactive,0
CHEMBL1409883,CCCNC(=O)c1nnsc1[S+]([O-])c1ccc(Cl)cc1,24400.0,inactive,0
CHEMBL1465170,NC1=NN(c2cccc(C(=O)O)c2)C(=O)C1,23700.0,inactive,0
CHEMBL1359282,CC1=NNC(=O)C1Cc1ccccc1C,329.0,active,1
CHEMBL1594685,COC(=O)c1ccc(-n2c(C)cc(C(=O)CCl)c2C)cc1,22700.0,inactive,0
CHEMBL1543601,N#CC1=C(N)Oc2[nH]nc(-c3cccs3)c2C1c1ccsc1,672.0,active,1
CHEMBL1528844,CCN1C(=O)c2c(C)nc3ccccc3c2C1=O,781.0,active,1
CHEMBL1465186,CCCCN(C(=O)c1cccc2c(=O)c(C)c(-c3ccccc3)oc12)c1ccccc1,15200.0,inactive,0
CHEMBL1482637,CC(=O)C(=Nc1ccc(Cl)cc1Cl)NNc1cccc(Cl)c1,49000.0,inactive,0
CHEMBL1346860,COc1ccc(-c2oc(NC(=O)CCl)c(C#N)c2-c2ccc(OC)cc2)cc1,670.0,active,1
CHEMBL584626,CCCCNC1=CC(=O)C(=O)c2ccccc21,669.0,active,1
CHEMBL1494762,CCCOC(=O)c1ccc(OC(=O)c2ccco2)cc1,11800.0,inactive,0
CHEMBL1380020,O=C(COC(=O)C1CC(=O)N(Cc2ccco2)C1)c1ccc(OC(=O)c2ccco2)cc1,18000.0,inactive,0
CHEMBL1603760,O=C(CCl)N(c1ccccc1)c1ccccc1,484.0,active,1
CHEMBL3190218,Cl.Nn1cnnc1N/N=C/c1ccc(Cl)c([N+](=O)[O-])c1,10300.0,inactive,0
CHEMBL1077990,COC(=O)c1sc(-c2cccs2)cc1NC(=O)/C=C/C(=O)O,15200.0,inactive,0
CHEMBL3145089,COc1ccc(C(c2c(C)[nH]n(-c3ccccc3)c2=O)c2c(C)[nH]n(-c3ccccc3)c2=O)cc1OC,688.0,active,1
CHEMBL1537099,CC1=NN(c2ccc(C)cc2C)C(=O)C1C(c1ccccc1)C1C(=O)N(c2ccc(C)cc2C)N=C1C,431.0,active,1
CHEMBL1477756,COc1cc(-c2[nH]nc3c2C(c2ccco2)C(C#N)=C(N)O3)cc(OC)c1OC,531.0,active,1
CHEMBL1537132,CCCC1C(C#N)=C(N)Oc2[nH]nc(C(C)(C)C)c21,504.0,active,1
CHEMBL1324416,CC(=O)Oc1ccc2c(=O)oc(-c3ccccc3C)nc2c1,37800.0,inactive,0
CHEMBL1409740,CCc1ccc(N2C(=O)C(Cl)=C(N3CCOCC3)C2=O)cc1,340.0,active,1
CHEMBL1537149,Cc1n[nH]c(O)c1C(c1ccc(-c2ccc(Cl)c(Cl)c2)o1)c1c(C)n[nH]c1O,305.0,active,1
CHEMBL602990,CCOC(=O)c1c(C)oc2c1C(=O)c1ccccc1C2=O,13300.0,inactive,0
CHEMBL57013,COC(=O)c1nc(-c2ccc3c(n2)C(=O)C(=N)C(OC)=C3O)c(N)c(-c2ccc(OC)c(OC)c2O)c1C,342.0,active,1
CHEMBL1543839,O=C(OCn1ncc(Cl)c(Cl)c1=O)c1ccccc1Cl,669.0,active,1
CHEMBL1605394,CCCCOc1ccc(C2C3CN(C(=O)OCC)CC=C3C(C#N)=C(N)C2(C#N)C#N)cc1OC,29800.0,inactive,0
CHEMBL1605235,O=[N+]([O-])c1cc([N+](=O)[O-])c2oc(-c3ccccc3)c(Br)c2c1O,110500.0,inactive,0
CHEMBL1720482,CNCC(O)CN(c1ccccc1)c1ccccc1,10800.0,inactive,0
CHEMBL1522100,C=COC(=O)CSc1snc(SCC(=O)OC)c1C#N,40100.0,inactive,0
CHEMBL1527616,O=C(CCl)NCc1c(Cl)cccc1-n1cccc1,15300.0,inactive,0
CHEMBL1438646,CCCc1n[nH]c2c1C(c1ccc(OC(=O)N3CCOCC3)c(OC)c1)C(C#N)=C(N)O2,10000.0,inactive,0
CHEMBL1606613,COc1ccccc1-c1cc(C(F)(F)F)nc(S(C)(=O)=O)n1,10000.0,inactive,0
CHEMBL1443497,CCOC(=O)CSc1nc2sc3c(c2c(=O)n1C1CCCCC1)CCN(C)C3,15200.0,inactive,0
CHEMBL1347107,COC(=O)c1ccc(-c2ccc(C(c3c(C)n[nH]c3O)c3c(C)n[nH]c3O)o2)cc1,348.0,active,1
CHEMBL1572967,O=C(OCn1ncc(Cl)c(Cl)c1=O)c1ccc(F)cc1,938.0,active,1
CHEMBL1498136,O=[N+]([O-])c1ccc(Oc2cccc(F)c2)c2ccncc12,956.0,active,1
CHEMBL1556273,Cc1cc(C)cc(CC(Cc2nc3ccccc3[nH]2)c2nc3ccccc3[nH]2)c1,83000.0,inactive,0
CHEMBL1488395,Cc1ccc(Sc2c([N+](=O)[O-])ncn2C)cc1,34600.0,inactive,0
CHEMBL1399371,N#CC1=C(N)Oc2[nH]nc(-c3ccccc3)c2C1c1ccsc1,731.0,active,1
CHEMBL1498127,CCN=C(S)N=Nc1c(O)[nH]c2ccc([N+](=O)[O-])cc12,56600.0,inactive,0
CHEMBL3210913,COC(=O)c1ccc(/N=C2\C(Cl)=C(O)OC2OC(=O)c2ccccc2)cc1,17800.0,inactive,0
CHEMBL1300391,COc1ccc(Br)cc1[C@H]1[C@H]2C=CC[C@@H](C)[C@@H]2C(=O)N1Cc1ccccc1,162800.0,inactive,0
CHEMBL1556187,O=c1oc(-c2ccccc2Cl)nc2ccsc12,23300.0,inactive,0
CHEMBL1409991,CCOC(=O)c1cc(C)sc1NC(=O)CSC1=NCCS1,21400.0,inactive,0
CHEMBL1410091,Cc1oc2cc([N+](=O)[O-])c(O)c([N+](=O)[O-])c2c1C(=O)c1ccc(Cl)cc1,10400.0,inactive,0
CHEMBL494083,CC(C)=CCC/C(C)=C/Cc1c(O)ccc(C(=O)/C=C/c2ccc(O)cc2)c1O,88400.0,inactive,0
CHEMBL1416713,CCc1cccc(CC)c1NC(=O)/C(C#N)=C/c1ccccc1C(F)(F)F,11700.0,inactive,0
CHEMBL1300420,N#Cc1cc(-c2ccccc2)nc(Oc2ccccc2)n1,17700.0,inactive,0
CHEMBL3198793,CC1=C(C)/C(=N\OC(=O)/C=C/c2ccccc2)C=CC1=O,532.0,active,1
CHEMBL3199015,CC1=NC2(O)c3ccccc3C(=O)C2(O)/C1=C(/O)OC(C)C,14700.0,inactive,0
CHEMBL1458840,CC(C)(C)c1cc(C(c2cccnc2)N2CCN(CCO)CC2)cc(C(C)(C)C)c1O,17300.0,inactive,0
CHEMBL1387293,Cc1nc(Nc2ccc(O)cc2)c2c3c(sc2n1)CCCC3,125100.0,inactive,0
CHEMBL175434,NS(=O)(=O)c1ccc(NC2=CC(=O)C(=O)c3ccccc32)cc1,667.0,active,1
CHEMBL1455639,Cn1nc(C(C)(C)C)cc1C(=O)Sc1cccc(Br)c1,37100.0,inactive,0
CHEMBL3145001,Cc1[nH]n(-c2ccccc2)c(=O)c1C(c1ccc(C(=O)O)cc1)c1c(C)[nH]n(-c2ccccc2)c1=O,656.0,active,1
CHEMBL1337235,CS(=O)(=O)c1ncc(Cl)c(C(=O)Nc2ccc(N3CCOCC3)cc2)n1,12800.0,inactive,0
CHEMBL1458858,O=C(CCl)Nc1ccccc1C(=O)Nc1ccc2c(c1)OCO2,13000.0,inactive,0
CHEMBL1436932,CCOc1cc(/C=C2\C(=N)N3N=C(N4CCCCC4)SC3=NC2=O)ccc1OC(=O)c1ccco1,18600.0,inactive,0
CHEMBL1522275,CC(C)C[C@H](N)c1nnc(S(=O)(=O)Cc2ccc(F)cc2)o1.Cl,25700.0,inactive,0
CHEMBL1582891,Nc1ccc2nc(N3CCOCC3)sc2c1,23700.0,inactive,0
CHEMBL1537553,O=C1C=C(N(CCO)Cc2ccccc2)c2ccccc2C1=O,402.0,active,1
CHEMBL1410350,COc1cc(NCCCCCCCN)c2ncccc2c1.O=C(O)CCC(=O)O,401.0,active,1
CHEMBL1498329,CCOc1cc(C2C(C#N)=C(N)Oc3[nH]nc(-c4ccccc4)c32)ccc1O,689.0,active,1
CHEMBL1620590,CCOc1ccc(Cl)cc1C(c1c(C)n[nH]c1O)c1c(C)n[nH]c1O,221.0,active,1
CHEMBL1307207,NC(=O)C1CCN(C2=C(Cl)C(=O)c3ccccc3C2=O)CC1,146.0,active,1
CHEMBL1307306,NC(=O)[C@H](Cc1cc2ccccc2s1)NC(=O)[C@@H]1CC2(CC(c3cccc(NC(=O)[C@@H]4CCC(=O)N4)c3)=NO2)CN1C(=O)/C=C/c1c(F)cccc1Cl,168000.0,inactive,0
CHEMBL1537588,Cc1cccc(Cn2nnc3c2C(=O)c2ccccc2C3=O)c1,446.0,active,1
CHEMBL1395600,CC(=O)c1ccc(-c2cccc(-c3nc4ccccn4c3NC3CCCCC3)c2)cc1.O=C(O)C(F)(F)F,178.0,active,1
CHEMBL1576416,Oc1ncc(NCCc2ccccc2)c(O)n1,10100.0,inactive,0
CHEMBL3144984,Cc1[nH]n(-c2ccccc2)c(=O)c1/C=C1/C(=O)NN(c2ccc(F)c(Cl)c2)C1=O,12000.0,inactive,0
CHEMBL1443601,COC(=O)c1ccc2c(c1O)C(=O)c1ccccc1C2=O,925.0,active,1
CHEMBL1404492,Cc1noc(C)c1CSCC(=O)Oc1ccc(N(C)S(=O)(=O)c2ccccc2)cc1,22300.0,inactive,0
CHEMBL1387378,CCOc1cc(/C=C2\C(=N)N3N=C(S(=O)(=O)CC)SC3=NC2=O)ccc1OC(=O)c1ccco1,22100.0,inactive,0
CHEMBL1347560,O=C(Oc1ccc(-n2cnnn2)cc1)c1ccco1,12700.0,inactive,0
CHEMBL1307520,COc1ccc(OC)c(C(c2c(C)n[nH]c2O)c2c(C)n[nH]c2O)c1,211.0,active,1
CHEMBL1495170,CCOC(=O)C(Nc1ccc2ccccc2c1)C(=O)OCC,13000.0,inactive,0
CHEMBL1387436,O=C(Nc1ncc([N+](=O)[O-])s1)c1ccc2c(c1)OCO2,16500.0,inactive,0
CHEMBL3145155,COc1cccc(C(c2c(C)[nH]n(-c3ccccc3)c2=O)c2c(C)[nH]n(-c3ccccc3)c2=O)c1O,829.0,active,1
CHEMBL1399683,O=C1COc2ccc(C(=O)CCl)cc2N1,26300.0,inactive,0
CHEMBL3193366,CO/C(O)=C1/C(C)=NC(=S)NC1c1ccc(OC(=O)c2ccco2)cc1,14400.0,inactive,0
CHEMBL1573331,O=S(=O)(Nc1ccc(O)c2ccccc12)c1ccc(OC(F)(F)F)cc1,66.6,active,1
CHEMBL1300695,CC(=O)N(C)Cc1ccc(C(=O)CCl)cc1,19400.0,inactive,0
CHEMBL1370838,Cc1[nH]c2ccccc2c1C(C#N)(C#N)C1C(=O)c2ccccc2C1=O,297.0,active,1
CHEMBL1201049,Clc1ccc(COC(Cn2ccnc2)c2ccc(Cl)cc2Cl)cc1.O=[N+]([O-])O,10200.0,inactive,0
CHEMBL1583024,O=C(Oc1ccc(Br)cc1)C1CC(=O)N(c2ccc(F)cc2)C1,11800.0,inactive,0
CHEMBL1300684,Nc1nc(C(=O)N2CCOCC2)nn1C(=O)c1ccc(Cl)cc1,23400.0,inactive,0
CHEMBL1567246,CCOc1ccc(C(c2c(C)n[nH]c2O)c2c(C)n[nH]c2O)cc1OCC,183.0,active,1
CHEMBL1325021,COc1ccccc1N(C(=O)CCl)c1cn(C(C)=O)c2ccccc12,846.0,active,1
CHEMBL1576509,COc1ccccc1/C=C1/C(=O)N(c2ccccc2)N=C1C,35.6,active,1
CHEMBL1576520,COc1ccc(NC(=O)c2cccc(N3C(=O)C4C5C=CC(C5)C4C3=O)c2)cc1Cl,18500.0,inactive,0
CHEMBL3187596,O=C(/C=C/c1ccc(O)cc1)c1ccc(/N=C2\C(=O)c3ccccc3C(O)=C2N2CCCCC2)cc1,707.0,active,1
CHEMBL1368727,O=[N+]([O-])c1cc(-c2ccc(C(=S)N3CCOCC3)o2)ccc1Cl,10200.0,inactive,0
CHEMBL1984648,Cc1cccc(/N=C2\C(Cl)=C(O)OC2OC(=O)c2ccco2)c1,12900.0,inactive,0
CHEMBL1439030,CC(=O)c1c(Cl)nc2cccc3c2c1-c1ccccc1C3=O,297.0,active,1
CHEMBL1556498,COc1ccc(C(=O)C2C(c3ccc(-c4ccccc4[N+](=O)[O-])o3)NC(=O)NC2(O)C(F)(F)F)cc1,21500.0,inactive,0
CHEMBL1544483,C=CSc1sc(Cl)c(N2CCOCC2)c1[N+](=O)[O-],54600.0,inactive,0
CHEMBL1794195,Cl.Nc1ccc(O)c2ccccc12,10100.0,inactive,0
CHEMBL1495230,Cc1ccc(C2C(C#N)=C(N)Oc3[nH]nc(-c4ccccc4)c32)o1,19300.0,inactive,0
CHEMBL1721990,CC(=O)C12CC(C)=C(C)CC1CC1C3CCC4=CC(=O)CCC4(C)C3CCC12C,289400.0,inactive,0
CHEMBL478754,COc1cc2c(cc1OC)-c1c3c(cc4c1[C@@H](C2)N(C)CC4)OCO3,952.0,active,1
CHEMBL1478145,CCN(Cc1ccccc1)S(=O)(=O)c1ccc(C(=O)N(CCCN(C)C)c2nc3cc(C)cc(C)c3s2)cc1.Cl,17700.0,inactive,0
CHEMBL1359933,CCOc1ccc(C(c2c(C)n[nH]c2O)c2c(C)n[nH]c2O)cc1OC,309.0,active,1
CHEMBL1522349,CCOC(=O)c1nn(-c2ccccc2C)c(=O)c2c(N)scc12,11400.0,inactive,0
CHEMBL1377533,CC(=O)Oc1ccc(N(C(C)=O)S(=O)(=O)c2ccc3ccccc3c2)cc1Br,17300.0,inactive,0
CHEMBL1483112,CCCSc1nnc(Sc2nnnn2-c2ccccc2)s1,14500.0,inactive,0
CHEMBL1455957,CCc1nc2c([nH]1)c1no[n+]([O-])c1c1no[n+]([O-])c21,337.0,active,1
CHEMBL1622566,Cc1n[nH]c(O)c1C(c1ccc(Br)cc1)c1c(C)n[nH]c1O,338.0,active,1
CHEMBL1522503,COc1ccc(-c2[nH]nc3c2C(c2ccsc2)C(C#N)=C(N)O3)cc1,13300.0,inactive,0
CHEMBL1528243,CC1=NNC(=O)C1Oc1ccccc1,570.0,active,1
CHEMBL1337592,COc1ccc(C(C(=O)NC2CCCCC2)N(C(=O)CCl)c2cccc(Cl)c2)cc1,202.0,active,1
CHEMBL1583127,O=C(NC(=S)NNC(=O)c1ccccc1O)c1ccco1,113700.0,inactive,0
CHEMBL299853,O=C1C=C(Nc2ccccc2)c2ccccc2C1=O,723.0,active,1
CHEMBL1583199,N#Cc1c(N2CCCC2)nc(N)c2c(N)nc(N3CCCC3)cc12,109.0,active,1
CHEMBL1465938,COc1ccc(S(=O)(=O)Nc2cc(SCC(=O)O)c(O)c3ccccc23)cc1,234.0,active,1
CHEMBL1576754,CCOc1ccc(-n2c(C)cc(C(=O)CCl)c2C)cc1,11700.0,inactive,0
CHEMBL1410768,COc1ccc(C2=NN(C(=O)/C=C/c3ccccc3)C(c3ccccc3)C2)c(OC(C)=O)c1,53800.0,inactive,0
CHEMBL1505358,Cc1n[nH]c(O)c1C(c1cc([N+](=O)[O-])ccc1O)c1c(C)n[nH]c1O,262.0,active,1
CHEMBL1985131,CCN1Cc2c(/C=C/c3ccccc3)nc3ccc(OC)cc3c2N(c2cccc(Cl)c2)C1,17600.0,inactive,0
CHEMBL579318,Cc1oc2c(c1C(=O)NCc1cccnc1)C(=O)c1ccccc1C2=O,63.9,active,1
CHEMBL3190539,Cc1cc(C(=O)N/N=C/c2c(C)nn(-c3ccccc3)c2O)[nH]n1,27000.0,inactive,0
CHEMBL1380913,Cc1n[nH]c2c1C(c1c(C)nn(-c3ccccc3)c1C)C(C#N)=C(N)O2,12500.0,inactive,0
CHEMBL1576785,CC(C)(c1ccccc1)c1ccc(OCC2CO2)cc1,11900.0,inactive,0
CHEMBL1410631,Cc1ccc(C)c(N/C([S-])=C(/C(=O)c2ccc(OC(F)F)cc2)[n+]2ccccc2)c1,11500.0,inactive,0
CHEMBL1576824,CCC(C)Nc1nc(Cl)nc(N(C#N)CN2C(=O)c3ccccc3S2(=O)=O)n1,18200.0,inactive,0
CHEMBL1399938,Cc1cccc(N(Cc2ccccc2)C(=O)CCl)c1,536.0,active,1
CHEMBL1331211,O=C(O)CSc1cc(NS(=O)(=O)c2ccc(Br)cc2)c2ccccc2c1O,244.0,active,1
CHEMBL3191627,CCc1ccc(S(=O)(=O)/N=C2\C=CC(=O)c3ccccc32)cc1,643.0,active,1
CHEMBL1583292,Oc1[nH]c2ccc(Br)cc2c1N=NC(=S)N1CCOCC1,22700.0,inactive,0
CHEMBL3192106,CSC(=N/c1cc(Cl)ccc1Cl)/C(C#N)=C(/O)c1ccco1,912.0,active,1
CHEMBL465226,CC(=O)O[C@@H]1C[C@H]2C(C)(C)C(=O)C=C[C@]2(C)[C@H]2CC[C@@]3(C)[C@H](c4ccoc4)OC(=O)[C@H]4O[C@]43[C@@]21C,16100.0,inactive,0
CHEMBL1377610,COC(=O)c1ccccc1OC(=O)c1ccc(Br)o1,15200.0,inactive,0
CHEMBL3192555,Cc1ccc(NC2=C/C(=N\S(=O)(=O)c3cccs3)c3ccccc3C2=O)c(C)c1,185.0,active,1
CHEMBL1449705,O=C1c2ccccc2OC2(C=Cc3ccccc3O2)N1Cc1ccccc1,165500.0,inactive,0
CHEMBL456881,O=c1c2ccccc2nc2n1CCC2,11600.0,inactive,0
CHEMBL1416089,CCS(=O)(=O)c1ncc(Cl)c(C(=O)Nc2ccc(S(=O)(=O)N(C)c3ccccc3)cc2)n1,1000.0,active,1
CHEMBL1505548,Cc1cc(C(=O)CCl)c(C)n1CC1COc2ccccc2O1,13500.0,inactive,0
CHEMBL1381030,Oc1cc(-c2ccccc2)[nH]n1,517.0,active,1
CHEMBL1427221,O=C(CCl)Nc1cccc(-c2cnc3ccccc3n2)c1,13300.0,inactive,0
CHEMBL3145051,COC(=O)Cc1c(C)[nH]n(-c2cc(Cl)cc(Cl)c2)c1=O,16900.0,inactive,0
CHEMBL1331573,CCOC(=O)C(C(=O)OCC)c1cc(Br)c2noc3c2c1C(=O)c1ccccc1-3,393.0,active,1
CHEMBL1989179,N#C/C(=N\Nc1ccc(S(=O)(=O)N2CCc3ccccc32)cc1)C(N)=S,31700.0,inactive,0
CHEMBL1466241,CSc1nc(-c2ccco2)nn1C(=O)c1cccs1,24700.0,inactive,0
CHEMBL1456115,O=[N+]([O-])c1cccc2[nH]nnc12,13700.0,inactive,0
CHEMBL1544793,O=C(CCl)N(c1ccccc1)c1c[nH]c2ccccc12,361.0,active,1
CHEMBL1483312,CC(C)N(c1ccccc1)c1ccc(NC(=O)CCl)cc1,505.0,active,1
CHEMBL3214331,O=C(N/N=C/c1ccc(OC(=O)c2ccco2)cc1)c1ccc[n+]([O-])c1,24600.0,inactive,0
CHEMBL1427272,Oc1nnc(Sc2ncnc3sccc23)n1CCc1ccccc1,18000.0,inactive,0
CHEMBL1348057,O=C(NCc1cccnc1)/C(=C/c1ccc(-c2ccc(Cl)cc2)o1)S(=O)(=O)c1ccccc1,27300.0,inactive,0
CHEMBL1325219,CC1=NN(c2ccc(C)c(C)c2)C(=O)C1C(c1cccc(O)c1)C1C(=O)N(c2ccc(C)c(C)c2)N=C1C,468.0,active,1
CHEMBL1567635,O=C(CCl)N(Cc1ccccc1)c1ccccc1,813.0,active,1
CHEMBL1449922,CCS(=O)(=O)C1=NN2C(=N)/C(=C\c3ccc(OC(=O)c4ccco4)cc3)C(=O)N=C2S1,19400.0,inactive,0
CHEMBL36654,CN1CCc2cc3c(c4c2C1Cc1ccccc1-4)OCO3,79.7,active,1
CHEMBL1988416,O=Cc1s/c(=N\S(=O)(=O)c2ccccc2)n(CCCCl)c1Cl,34900.0,inactive,0
CHEMBL1544909,Cc1ccc2c(c1)N(C(=O)CSc1nncn1C)C(C)(C)c1ssc(=S)c1-2,10100.0,inactive,0
CHEMBL1360322,Cc1ccc(-n2nc(C)c3c2OC(N)=C(C#N)C3c2ccccc2F)cc1,24000.0,inactive,0
CHEMBL1466363,NC(=O)CC[C@@H]1NC(=O)[C@H](CO)NC(=O)c2cc([N+](=O)[O-])cc(I)c2NCC[C@@H](C(N)=O)NC1=O,13300.0,inactive,0
CHEMBL1499010,CC(C)CS(=O)(=O)C1=NSC2=NC(=O)/C(=C\c3ccc(OC(=O)c4ccco4)cc3)C(=N)N21,13800.0,inactive,0
CHEMBL1556868,CCOC(=O)c1ccc(N2C(=O)c3[nH]nc(-c4ccco4)c3C2c2ccc([N+](=O)[O-])cc2)cc1,56200.0,inactive,0
CHEMBL1505679,OCCN=C(S)Nc1ccc2nsnc2c1,26000.0,inactive,0
CHEMBL1365234,CCOc1cc(C(c2c(C)n[nH]c2O)c2c(C)n[nH]c2O)cc([N+](=O)[O-])c1O,219.0,active,1
CHEMBL1400164,C=CCOC(=O)C1=C(C)NC(=O)NC1c1ccc(OC(=O)c2ccco2)c(OC)c1,18000.0,inactive,0
CHEMBL1495539,O=C1c2ccccc2-c2onc3ccc(N4CCCC4)c1c23,606.0,active,1
CHEMBL1329597,CCN(CC)CCN1C(=O)c2cccc3cc(N)cc(c23)C1=O,209.0,active,1
CHEMBL1307882,FC(F)(F)c1cccc(Oc2nc(-c3ccccc3)nnc2C(F)(F)F)c1,760.0,active,1
CHEMBL1577004,CC1CCc2c(c3ccccc3n2C(=O)CCl)C1,751.0,active,1
CHEMBL1606280,N#CC1=C(N)N(c2ccccc2)C(c2cccc([N+](=O)[O-])c2)C1(C#N)C#N,12800.0,inactive,0
CHEMBL1538212,Cc1cc(C)c(C#N)c(SCc2n[nH]c3c2C(c2ccc(F)cc2)C(C#N)=C(N)O3)n1,11200.0,inactive,0
CHEMBL1990545,Cc1ccc2nc(N/N=C\c3ccc([N+](=O)[O-])o3)nc(-c3ccccc3)c2c1,208100.0,inactive,0
CHEMBL1387900,Cc1nc2ccccc2c2c1C(=O)N(c1cccc(C(=O)O)c1)C2=O,17000.0,inactive,0
CHEMBL1411044,COc1cc(C(c2c(C)n[nH]c2O)c2c(C)n[nH]c2O)ccc1OCc1ccc([N+](=O)[O-])cc1,178.0,active,1
CHEMBL1989853,O=C1/C(=N\c2cccc(O)c2)C(N2CCCCC2)=C(O)c2ccccc21,364.0,active,1
CHEMBL1427517,COc1ccc2nc3ccccc3nc2c1N,22100.0,inactive,0
CHEMBL1320274,Cc1nn(-c2ccccc2)c(Cl)c1CN(C(=O)CCl)c1cccc2ccccc12,571.0,active,1
CHEMBL1381243,CCCCn1c(NC(=O)c2ccc(Br)o2)c(S(=O)(=O)c2ccccc2)c2nc3ccccc3nc21,107600.0,inactive,0
CHEMBL1388084,Cc1cc(F)ccc1S(=O)(=O)N(C(=O)c1ccncc1)c1ccc(OC(=O)c2ccncc2)cc1,14100.0,inactive,0
CHEMBL1420811,O=C(c1cc(F)c(F)cc1Cl)N1CCN(c2ccc([N+](=O)[O-])c3ncccc23)CC1,11800.0,inactive,0
CHEMBL1332532,c1ccc(C2[C@H]3CN(Cc4cccnc4)[C@H](c4ccccc4)C34CC2(c2cccnc2)C4)cc1,16700.0,inactive,0
CHEMBL1420857,Nc1ccc2[nH]c(CCCCc3nc4ccccc4[nH]3)nc2c1,16900.0,inactive,0
CHEMBL1341388,COc1cc(C=C2C(=O)c3ccccc3C2=O)ccc1O,22900.0,inactive,0
CHEMBL1456285,Cc1onc(-c2c(Cl)cccc2Cl)c1C(=O)n1nnc2ccccc21,26500.0,inactive,0
CHEMBL1405071,Br.COc1ccc(-c2csc(Nc3ccc(O)cc3)n2)cc1,122900.0,inactive,0
CHEMBL1545034,COc1cccc(-c2cc(O)[nH]n2)c1,757.0,active,1
CHEMBL1489633,CCOC(=O)CC1=NN(c2ccccc2)C(=O)/C1=C\c1ccc(OC)cc1OC,104.0,active,1
CHEMBL1600541,CS(=O)(=O)C1=NSC2=NC(=O)/C(=C\c3ccc(OC(=O)c4ccco4)cc3)C(=N)N21,16000.0,inactive,0
CHEMBL1301371,Cc1cccc(NC(=O)c2nc(S(=O)(=O)Cc3ccccc3)ncc2Cl)c1,10600.0,inactive,0
CHEMBL1388022,COc1ccccc1-c1c(C)oc2cc(OC(=O)c3ccco3)ccc2c1=O,23800.0,inactive,0
CHEMBL1420929,Cc1ccc(-c2n[nH]c3c2C(C)C(C#N)=C(N)O3)cc1,518.0,active,1
CHEMBL1308058,O=C1C(Cl)=C(N2CCCCCC2)C(=O)N1c1ccccc1,10300.0,inactive,0
CHEMBL1388137,CC(=O)n1cc(N(C(=O)CCl)c2ccccc2)c2ccccc21,347.0,active,1
CHEMBL1534947,CCOC(=O)c1c(NC(=O)CCl)sc(C(=O)N(CC)CC)c1C,43600.0,inactive,0
CHEMBL1499220,C=CCn1c(N)c(C(=O)Nc2cccc(C)c2)c2nc3ccccc3nc21,13300.0,inactive,0
CHEMBL3145109,Cc1[nH]n(-c2ccccc2)c(=O)c1C(c1cccc([N+](=O)[O-])c1)c1c(C)[nH]n(-c2ccccc2)c1=O,805.0,active,1
CHEMBL3210821,Cc1nn(-c2ccccc2)c(O)c1/C=N/N1CCOCC1,31700.0,inactive,0
CHEMBL1483562,O=C(Nc1ccc(Cl)cc1)/C(=C/c1cccc(O)c1)c1nc2ccccc2s1,481.0,active,1
CHEMBL3145170,Cc1[nH]n(C(N)=S)c(=O)c1C(c1ccccc1)C(C#N)C#N,12900.0,inactive,0
CHEMBL3191989,O=C(CCl)/N=c1\sccn1Cc1ccc(Cl)cc1Cl,15100.0,inactive,0
CHEMBL1409091,Cc1cccc(C(=O)NC2C(=O)NNC2c2ccc(Cl)cc2)c1,18900.0,inactive,0
CHEMBL1476225,Fc1ccc(-[n+]2nc(Nc3ccccc3)sc2-c2c3ccccc3cc3ccccc23)cc1.[Cl-],10600.0,inactive,0
CHEMBL1606382,COc1ccc(-c2nnc(Sc3nc4ccccc4o3)c3ccccc23)cc1,703.0,active,1
CHEMBL1381436,O=C1c2ccccc2C(=O)C12OC2c1ccc(Cl)cc1,22200.0,inactive,0
CHEMBL1529238,CCN(CC)C(=O)CSc1nnc2nnc3cc(Cl)ccc3n12,499.0,active,1
CHEMBL1371873,CC1(C)CC(C(CCN(Cc2ccccc2)C(=O)c2ccco2)c2ccc(F)cc2)CCO1,20900.0,inactive,0
CHEMBL1794157,CCCc1n[nH]c2c1C(c1ccc(OCCN3CCOCC3)c(OCC)c1)C(C#N)=C(N)O2,10000.0,inactive,0
CHEMBL1444373,CC(C)CS(=O)(=O)C1=NN2C(=N)/C(=C\c3ccc(OC(=O)c4ccco4)cc3)C(=O)N=C2S1,14400.0,inactive,0
CHEMBL1301509,CCOC(=O)C1Nc2c(F)cc(C)cc2C2c3ccccc3CC12,36000.0,inactive,0
CHEMBL1388300,Cc1n[nH]c(O)c1C(c1ccc(-c2ccccc2C(=O)O)o1)c1c(C)n[nH]c1O,256.0,active,1
CHEMBL1583807,COc1cc(/C=C/c2cc[n+](C)cc2)ccc1OCC(=O)Nc1ccc(Cl)c(Cl)c1.[I-],17200.0,inactive,0
CHEMBL1320429,O=C(CCCN1C(=O)/C(=C\c2ccccc2)SC1=S)Nc1ccc(O)cc1C(=O)O,15100.0,inactive,0
CHEMBL1600684,CCc1ccc(S(=O)(=O)Nc2ccc(O)c3ccccc23)cc1,48.2,active,1
CHEMBL3214024,COc1ccccc1/N=C1\C(Cl)=C(O)OC1OC(=O)c1ccco1,13400.0,inactive,0
CHEMBL1568043,COc1cc(/C=C(\C#N)C(=O)Nc2ccc3c(c2)OCCO3)ccc1O,13900.0,inactive,0
CHEMBL1320517,Cc1ccc(S(=O)(=O)Oc2ccc(C(c3c(C)n[nH]c3O)c3c(C)n[nH]c3O)cc2)cc1,46200.0,inactive,0
CHEMBL1607263,CCc1ccc(S(=O)(=O)Nc2cc(SCC(=O)O)c(O)c3ccccc23)cc1,217.0,active,1
CHEMBL1995112,CCOC(=O)c1c(C)oc2c1c(/C=N/CCO)c(O)c1ccccc12,618.0,active,1
CHEMBL1456352,CSc1nc(=S)n(-c2ccc([N+](=O)[O-])cc2)c(C)c1C(C)=O,12100.0,inactive,0
CHEMBL1478578,O=C(Nc1ccccc1)NN(C(=O)CCl)c1ccccc1,861.0,active,1
CHEMBL1577384,Cc1ccc(S(=O)(=O)N2CCN(C(=O)c3ccccc3Cc3ccccc3)CC2)c(C)c1,208100.0,inactive,0
CHEMBL1557253,COc1cc(C(c2c(C)n[nH]c2O)c2c(C)n[nH]c2O)cc(Cl)c1O,453.0,active,1
CHEMBL1568257,COC(=O)c1ccc(C(=O)OC)c(-n2c(=O)c3ccccc3c3ccccc3c2=O)c1,18500.0,inactive,0
CHEMBL1381495,CCOP(=O)(OCC)C1(NS(=O)(=O)c2ccccc2)C=C(Cl)C(=O)c2ccccc21,558.0,active,1
CHEMBL1360539,O=C1c2ccccc2C(=O)c2c1oc(C(F)(F)F)c2C(=O)c1ccccc1,15300.0,inactive,0
CHEMBL1568102,CN1C(=O)C(Cc2ccc3c(c2)OCO3)C(=O)N(C)C1=O,10000.0,inactive,0
CHEMBL3209345,COc1ccc(/C(=N/OC(C)=O)c2nccc3cc(OC)c(OC)cc23)cc1OC,36300.0,inactive,0
CHEMBL1568113,COc1cccc(-c2[nH]nc3c2C(c2ccsc2)C(C#N)=C(N)O3)c1,520.0,active,1
CHEMBL1483657,Cn1cnc([N+](=O)[O-])c1Sc1ccc(C(C)(C)C)cc1,14100.0,inactive,0
CHEMBL1600712,CCOC(=O)c1c(N=C(S)N2CCOCC2)sc2c1CCN(C(=O)OCC)C2,20100.0,inactive,0
CHEMBL1400469,CCN(CC)S(=O)(=O)c1cc(NC(=O)Cn2ncc(Cl)c(Cl)c2=O)ccc1C,14500.0,inactive,0
CHEMBL1595821,O=S(=O)(N[C@H]1C[C@@H](NS(=O)(=O)OCC(Cl)(Cl)Cl)C2CCCCC21)OCC(Cl)(Cl)Cl,50900.0,inactive,0
CHEMBL1365552,Cn1c2ccccc2c2cc(C(=O)NNC(=O)CCl)sc21,15700.0,inactive,0
CHEMBL1405221,CC(C)(C)NC(=O)C(c1cccs1)N(CC1CCCO1)C(=O)c1ccc(-c2ccccc2)[nH]1,168600.0,inactive,0
CHEMBL1371896,COc1ccc(Nc2nc(N3CCCCC3)nc3ccccc23)c(OC)c1,114000.0,inactive,0
CHEMBL1308358,CCOC(=O)c1nnc(-c2cccs2)nc1Oc1ccc(Cl)cc1,16500.0,inactive,0
CHEMBL1405287,CCOC(=O)c1nn(-c2ccc(C)cc2)c(=O)c2c(N)scc12,11400.0,inactive,0
CHEMBL3197625,O=[N+]([O-])c1cccc(/C=N/c2cccc3ccccc23)c1O,41900.0,inactive,0
CHEMBL1388358,Cc1ccc(N(C(=O)CCl)C(C(=O)NC2CCCCC2)c2cccnc2)cc1C,339.0,active,1
CHEMBL1538652,O=C(O)COc1ccccc1C(Nc1cccnc1)c1cc(Cl)c2cccnc2c1O,11800.0,inactive,0
CHEMBL1400375,O=C1C=C(NCCN2CCOCC2)C(=O)c2cnccc21,536.0,active,1
CHEMBL1308404,O=[N+]([O-])c1c(Nc2ccc(O)cc2)cc(Cl)c2nonc12,926.0,active,1
CHEMBL1301672,CCOc1ccccc1N1CCN(C(=O)c2ccc(-c3ccc(OC(C)=O)cc3)cc2)CC1,58400.0,inactive,0
CHEMBL1606823,O=C1NC(=O)N(Cc2ccc(F)cc2)C(=O)/C1=C/NNC(=O)c1ccccc1O,21900.0,inactive,0
CHEMBL1466804,CCOC(=O)c1c(CCl)nc2ccccc2c1-c1ccccc1,12600.0,inactive,0
CHEMBL563294,Oc1ccc(Nc2nc(-c3ccc(O)cc3)cs2)cc1,43800.0,inactive,0
CHEMBL1341756,Cc1ccc(C2CC(c3cccs3)=NN2C(=O)CCl)cc1,943.0,active,1
CHEMBL2095095,O=C1C(Nc2ccccc2)=C/C(=N/S(=O)(=O)c2cccs2)c2ccccc21,143.0,active,1
CHEMBL1483627,Cc1ccc(Sc2ccc(NC(=O)CCl)cc2)cc1C,716.0,active,1
CHEMBL3198685,CCOC(=O)N/N=C\c1ccc(OC(=O)c2ccco2)cc1,14500.0,inactive,0
CHEMBL306946,O=C1c2ccccc2-n2c1nc1ccccc1c2=O,643.0,active,1
CHEMBL1400437,c1ccc(Sc2ncnc3ccccc23)cc1,11200.0,inactive,0
CHEMBL1348529,COCCOC(=O)C1=C(C)N=C2SCCC(=O)N2C1c1ccc(OC(=O)c2ccco2)cc1,14000.0,inactive,0
CHEMBL1301722,CCO.Cn1c2c(c(=O)n(C)c1=O)[C@@]1(C(=O)Nc3ccccc31)C(C#N)=C(N)O2,17500.0,inactive,0
CHEMBL1995641,O=C(N/N=C/c1coc2ccc(Cl)cc2c1=O)c1ccc(O)cc1,16100.0,inactive,0
CHEMBL1341778,CCn1c(COc2ccc(Cl)cc2)nnc1SC1CCc2ccccc2C1=O,25400.0,inactive,0
CHEMBL1301720,CCOc1ccccc1Nc1nnc(Cc2ccccc2Cl)c(O)n1,21000.0,inactive,0
CHEMBL1499544,COc1ccc(N(C(=O)CCl)C(C(=O)NCCc2ccccc2)c2cccs2)cc1Cl,240.0,active,1
CHEMBL1499567,CCOC(=O)CSCC(=O)N1N=C(c2cccs2)CC1c1ccc(F)cc1,15100.0,inactive,0
CHEMBL1483870,N#CC1=C(N)N(c2ccccc2)C(c2ccccc2)C1(C#N)C#N,11600.0,inactive,0
CHEMBL1341835,O=C(O)/C=C\C(=O)Nc1ccc(Oc2ccc(Br)cc2)cc1,11000.0,inactive,0
CHEMBL1584201,O=C(Oc1cccc(OC(=O)c2ccco2)c1)c1ccco1,19800.0,inactive,0
CHEMBL1332131,O=C(O)c1ccc(/C=C(\c2nc3ccccc3[nH]2)c2nc3ccccc3s2)cc1,21000.0,inactive,0
CHEMBL3189714,Cc1ccccc1NC1=C/C(=N\S(=O)(=O)c2cccs2)c2ccccc2C1=O,654.0,active,1
CHEMBL1357976,O=C(CCCN1C(=O)S/C(=C\C=C\c2ccccc2)C1=O)Nc1ccc(C(=O)O)cc1,51200.0,inactive,0
CHEMBL1421313,Fc1ccc(Nc2nc(Oc3ccccc3F)nc(N3CCCC3)n2)cc1,946.0,active,1
CHEMBL1372030,CC/C(=C/c1sc2ccc(C)cc2[n+]1CCO)SC.COS(=O)(=O)[O-],14200.0,inactive,0
CHEMBL1565816,O=C(Oc1ccc(N2C(=O)CCC2=O)cc1)c1ccco1,388.0,active,1
CHEMBL1604350,Cc1ccc(CS(=O)(=O)c2ncc(Cl)c(C(=O)Nc3nnc(C(C)C)s3)n2)cc1,717.0,active,1
CHEMBL1600855,CCCCCCCCCCCCCCCC[N+](C)(C)C.O.[OH-],14700.0,inactive,0
CHEMBL1794123,CC1=NNC(=O)C1Cc1ccccc1,294.0,active,1
CHEMBL1643542,Cn1[nH]c(CSc2ccc(Cl)cc2)cc1=O,10000.0,inactive,0
CHEMBL1301821,COC(=O)CSc1nc2sc3c(c2c(=O)n1C1CCCCC1)CCN(C)C3,31400.0,inactive,0
CHEMBL1428003,CCCCOc1ccc(C(=O)C(CN2CCOCC2)c2ccccc2)cc1,26700.0,inactive,0
CHEMBL1506351,O=C(COC(=O)c1ccc2c(c1[N+](=O)[O-])C(=O)c1ccccc1C2=O)NC1CC1,238.0,active,1
CHEMBL1496053,Cc1[nH]c2ccc(F)cc2c1CCN(Cc1cccnc1)C(S)=Nc1ccc(F)cc1,93400.0,inactive,0
CHEMBL1483809,CN1c2ccccc2C(C)(C)C12C=Nc1c(ccc3ccccc13)O2,14400.0,inactive,0
CHEMBL1341913,COc1ccc2ccc3c(c2c1)N=CC1(O3)N(C)c2ccccc2C1(C)C,36200.0,inactive,0
CHEMBL1506353,Cc1n[nH]c(O)c1C(c1ccc(Cl)cc1)c1c(C)n[nH]c1O,461.0,active,1
CHEMBL1568333,N=C1/C(=C\c2ccc(OC(=O)c3ccc(F)cc3)cc2)C(=O)N=C2SC(N3CCOCC3)=NN12,17100.0,inactive,0
CHEMBL1529352,O=C(Nc1ccc(Cl)c(Cl)c1)Nc1ccccc1NS(=O)(=O)c1cccs1,29100.0,inactive,0
CHEMBL3193349,O=[N+]([O-])c1cccc(/N=C/C2=C(O)c3ccccc3CC2)c1,10600.0,inactive,0
CHEMBL533226,c1ccc(-c2nnc(-c3ccccn3)nc2NC2CCCCC2)cc1,16900.0,inactive,0
CHEMBL1998946,Oc1cccc(/C=N/c2cccc3ccccc23)c1O,10100.0,inactive,0
CHEMBL1325970,COc1nc(NC(C)C)nc(N(C#N)CN2C(=O)c3ccccc3S2(=O)=O)n1,26400.0,inactive,0
CHEMBL1607176,Nc1cc(N)c2nonc2c1[N+](=O)[O-],39100.0,inactive,0
CHEMBL1341981,Cc1ccccc1CS(=O)(=O)c1nnc([C@H](CC(C)C)NC(=O)OC(C)(C)C)o1,11600.0,inactive,0
CHEMBL1369492,CCc1nnc(NS(=O)(=O)c2ccc(NC(=S)NC(=O)/C=C/c3ccc(C(C)C)cc3)cc2)s1,33400.0,inactive,0
CHEMBL1338304,CCS(=O)(=O)c1ncc(Cl)c(C(=O)Nc2ccc(S(=O)(=O)N3CCC(C)CC3)cc2)n1,889.0,active,1
CHEMBL1421463,N#CC(C#N)C(c1ccsc1)c1c(-c2ccccc2)n[nH]c1O,468.0,active,1
CHEMBL1444702,CC1=NN(c2cccc(Cl)c2)C(=O)C1,54500.0,inactive,0
CHEMBL1568691,Cc1n[nH]c(O)c1C(c1ccc(O)c(Br)c1)c1c(C)n[nH]c1O,232.0,active,1
CHEMBL1595992,COC(=O)c1n[nH]c(NC(=O)c2ccc(C(C)(C)C)cc2)n1,10100.0,inactive,0
CHEMBL1467136,O=C(/C=C/c1ccccc1)c1ccc2c3c(cccc13)CC2,11400.0,inactive,0
CHEMBL1338327,O=[N+]([O-])c1c(NCc2ccco2)ccc2nonc12,10100.0,inactive,0
CHEMBL1568510,Cc1ccc(C(c2c(C)n[nH]c2O)c2c(C)n[nH]c2O)cc1,248.0,active,1
CHEMBL1329532,[O-][n+]1c2c(nc3c1-c1ccccc1C3O)CCCC2,18600.0,inactive,0
CHEMBL1545701,O=C1c2ccccc2C(=O)c2c1ncn2-c1ccccc1,229000.0,inactive,0
CHEMBL1551808,O=C(O)CCCN1C(=O)/C(=C\C(Cl)=C\c2ccccc2)SC1=S,16300.0,inactive,0
CHEMBL1562392,CC(C)CC1C(C#N)=C(N)Oc2[nH]nc(-c3cccs3)c21,58100.0,inactive,0
CHEMBL1596226,CCSC1(SCC)N=C(N)C2(C#N)C(c3ccc(F)cc3)C12C#N,12500.0,inactive,0
CHEMBL2000517,O=C1C(Nc2ccc(O)cc2)=C/C(=N/S(=O)(=O)c2cccs2)c2ccccc21,123.0,active,1
CHEMBL1348813,O=C(Sc1nnc(-c2ccccc2)o1)N1c2ccccc2Sc2ccccc21,804.0,active,1
CHEMBL1706216,C#CCOc1ccc(OC)cc1C(c1c(C)n[nH]c1O)c1c(C)n[nH]c1O,187.0,active,1
CHEMBL1584397,COC(=O)c1c(C)oc2ccc(N(C(=O)c3ccncc3)S(=O)(=O)c3ccc(C)cc3C)cc12,10900.0,inactive,0
CHEMBL1584380,CC1=NNC(=O)C1C(c1ccccc1)C1C(=O)NN=C1C.O=C(O)C(=O)O,194.0,active,1
CHEMBL1568897,Cc1cccc(CS(=O)(=O)c2ncc(Cl)c(C(=O)Nc3nnc(C(C)C)s3)n2)c1,312.0,active,1
CHEMBL1523317,Cc1cc2c(N)cccc2nn1,54600.0,inactive,0
CHEMBL1499893,O=C(OCn1ncc(Cl)c(Cl)c1=O)c1cccc(C(F)(F)F)c1,190.0,active,1
CHEMBL1378222,CC1=NNC(=O)C1Cc1ccc(F)cc1,14200.0,inactive,0
CHEMBL3197999,Cc1ccc(-c2ccc(/C=N/NC3=NC(=O)C(CC(=O)O)S3)o2)c([N+](=O)[O-])c1,10500.0,inactive,0
CHEMBL1499903,CC(C)C(=O)N1CCN(c2nc(-c3ccccc3)c3c(c2C#N)CCCC3)CC1,38400.0,inactive,0
CHEMBL1706100,Cc1cccc(OCC(=O)Oc2ccc(Cl)cc2)c1,35100.0,inactive,0
CHEMBL1405490,CCOc1ccc2c(c1)C(NC(C)=O)C(=O)N2CCN1CCOCC1.Cl,12600.0,inactive,0
CHEMBL1535578,CNC(=O)/C(C#N)=C/c1c(N(Cc2ccccc2)Cc2ccccc2)nc2c(C)cccn2c1=O,103600.0,inactive,0
CHEMBL1557622,Cc1nnc(Sc2cc(NCCO)c([N+](=O)[O-])c3nonc23)s1,12400.0,inactive,0
CHEMBL1417901,C=C(C)C(=O)NC1=NN(c2ccccc2)C(=O)C1,37000.0,inactive,0
CHEMBL1439983,CN1CCc2nc(SC(C(=O)O)c3ccccc3)c(C#N)c(-c3cccs3)c2C1,12300.0,inactive,0
CHEMBL1308879,Cl.c1ccc(Nc2nc(NCc3ccco3)c3ccccc3n2)cc1,12000.0,inactive,0
CHEMBL1342337,Cc1cc(C)c(S(=O)(=O)Nc2cc(SCC(=O)O)c(O)c3ccccc23)cc1C,277.0,active,1
CHEMBL1467422,Oc1ccc(NC(=S)N=Nc2c(O)[nH]c3ccc(Br)cc23)cc1,13700.0,inactive,0
CHEMBL2003651,O=C(O)c1ccc(S(=O)(=O)/N=C2\C=C(Nc3ccccc3F)C(=O)c3ccccc32)cc1,66.3,active,1
CHEMBL1506757,Cc1cccc(CSc2nc3c(c(-c4cccs4)c2C#N)CN(C)CC3)c1,503.0,active,1
CHEMBL1545792,CCc1ccc2c(c1)C(NC(C)=O)C(=O)N2CCN1CCOCC1.Cl,16800.0,inactive,0
CHEMBL1467294,Cc1cc(Nc2ccccc2)c2c([N+](=O)[O-])ccc(C)c2n1,551.0,active,1
CHEMBL1332768,CC(=O)c1ccc(OC(=O)c2cccs2)cc1,12200.0,inactive,0
CHEMBL1487851,COc1ccc(CNc2ccc3c[nH]nc3c2)c(OC)c1OC,797.0,active,1
CHEMBL1309059,CCCCCCCCCCCCOC[n+]1cn(C)c2ccccc21.[Cl-],13100.0,inactive,0
CHEMBL1372597,COC(=O)CCCCCN1C(=O)/C(=C\c2ccncc2)SC1=S,17700.0,inactive,0
CHEMBL1460748,Cc1ccc(S(=O)(=O)N(C(=O)c2ccncc2)c2ccc(OC(=O)c3ccncc3)c3ccccc23)c(C)c1,10000.0,inactive,0
CHEMBL1417929,O=C(NC1=C(NC2CCS(=O)(=O)C2)C(=O)c2ccccc2C1=O)c1ccccc1,101.0,active,1
CHEMBL3192605,Oc1ccc(/C=N/c2ccc3ncccc3c2)c(O)c1,29000.0,inactive,0
CHEMBL1342248,O=C(NC1=C(Nc2ccc(F)cc2)C(=O)c2ccccc2C1=O)c1ccc(Cl)cc1,25900.0,inactive,0
CHEMBL1500035,CCc1ccc(/C=C/C(=O)C2C(=O)c3ccccc3C2=O)cc1,22700.0,inactive,0
CHEMBL1539236,Cc1cccc(OCCN2CSC(=S)N(C)C2)c1,12500.0,inactive,0
CHEMBL1428407,Cl.N=C(N)SCc1cn(-c2ccccc2)nc1-c1ccc(Br)cc1,11000.0,inactive,0
CHEMBL1590615,CCOC(=O)N1C(=O)[C@@](c2ccc(Cl)cc2)(C(C)C)N1C(=O)OCC,16200.0,inactive,0
CHEMBL1535577,CC(Oc1ccc(F)cc1)C(=O)Oc1ccc(N(C)S(=O)(=O)c2ccccc2)cc1,58500.0,inactive,0
CHEMBL1451336,Cc1ccc(S(=O)(=O)Cc2cc(F)c([N+](=O)[O-])cc2[N+](=O)[O-])cc1,17200.0,inactive,0
CHEMBL1578056,O=C1CCN(N=Nc2cccc(Cl)c2)N1,15400.0,inactive,0
CHEMBL1372574,Cc1ccc(S(=O)(=O)Nc2c(O)ccc3ccccc23)cc1,939.0,active,1
CHEMBL1372651,CC(=O)NC1C(=O)N(CCN2CCOCC2)c2ccc(Cl)cc21.Cl,10500.0,inactive,0
CHEMBL1332955,Cn1nc([N+](=O)[O-])nc1Sc1nnc(-c2ccccc2)o1,10900.0,inactive,0
CHEMBL1302463,CC(=O)NC1C(=O)N(CCN2CCOCC2)c2ccc(F)cc21.Cl,12100.0,inactive,0
CHEMBL1496473,CC1=CC2(O)OCCN(CCO)C2=CC1=O,10200.0,inactive,0
CHEMBL1562713,O=C(/C=C/c1cccs1)Nc1scc(-c2ccccc2)c1C(=O)O,10600.0,inactive,0
CHEMBL1500227,CC(=O)n1cc(N(C(=O)CCl)c2ccc(C)cc2)c2ccccc21,248.0,active,1
CHEMBL1545902,N=c1c2c(ncn1Cc1ccco1)Oc1ccc3ccccc3c1C2c1ccccc1,16700.0,inactive,0
CHEMBL1421972,O=C(C1=C(N2CCCC2)CCc2ccccc21)c1ccc(F)cc1,12100.0,inactive,0
CHEMBL3195410,CCc1ccc(S(=O)(=O)/N=C2\C=C(Nc3ccc(C(=O)O)cc3)C(=O)c3ccccc32)cc1,124.0,active,1
CHEMBL30095,O=C1/C(=C/c2cccc([N+](=O)[O-])c2)CCc2ccccc21,13300.0,inactive,0
CHEMBL1479483,Cc1ccc(S(=O)(=O)Nc2ccc(O)c3ccccc23)c(C)c1,70.2,active,1
CHEMBL3145176,Cc1nn(-c2ccc(F)cc2)c(O)c1C(c1cccc(O)c1)c1c(C)[nH]n(-c2ccc(F)cc2)c1=O,856.0,active,1
CHEMBL1496534,Cc1ccc(S(=O)(=O)N2CC(c3cccc([N+](=O)[O-])c3)C(C(=O)C3CO3)=N2)cc1,547.0,active,1
CHEMBL1500315,N#C/C(=C\c1cccc(NC(=O)c2ccccc2Cl)c1)C(=O)NCCc1ccccc1,11200.0,inactive,0
CHEMBL1500316,C=C[S+]([O-])c1sc(Cl)c(N2CCOCC2)c1[N+](=O)[O-],18800.0,inactive,0
CHEMBL1361173,Cc1ccc(NC2=C(N3CCOCC3)C(=O)c3ccccc3C2=O)cc1,15700.0,inactive,0
CHEMBL1309241,Cc1nc2ccccc2c2c1C(=O)N(C(C)C)C2=O,851.0,active,1
CHEMBL1535665,CCOC(=O)C1CCN(S(=O)(=O)c2c(Cl)ccc3nonc23)CC1,14400.0,inactive,0
CHEMBL1601281,COc1ccc(C(=O)Nc2ccc(O)c3ccccc23)cc1,74.4,active,1
CHEMBL1428683,O=C(Oc1ccccc1N1C(=O)CCC1=O)c1ccco1,14800.0,inactive,0
CHEMBL1382518,COc1cccc(/C=C/C(=O)c2ccc(NS(=O)(=O)c3ccc(C)cc3)cc2)c1,15400.0,inactive,0
CHEMBL1557932,CC[n+]1c(/C=C2\C=C(C)CC(C)(C)C2)sc2ccccc21.[I-],27300.0,inactive,0
CHEMBL1607648,Cc1nc2c(-c3ccc(F)cc3)c(C)nn2c(O)c1Cl,11000.0,inactive,0
CHEMBL1332910,CCC(=O)Oc1ccc(C(=O)Nc2cccc(C(=O)c3ccccc3)c2)cc1,13800.0,inactive,0
CHEMBL1557816,COc1cc(/C=C/c2sc3ccccc3[n+]2CCCS(=O)(=O)[O-])ccc1O,16200.0,inactive,0
CHEMBL1428623,C=C(C)CN=C(S)N=Nc1c(O)[nH]c2ccc([N+](=O)[O-])cc12,151200.0,inactive,0
CHEMBL1507162,COc1ccc(S(=O)(=O)Nc2ccc(O)c3ccccc23)cc1,47.8,active,1
CHEMBL1309419,COc1ccc(C(=O)n2nnc3ccccc32)cc1Br,30000.0,inactive,0
CHEMBL1405964,CCCCn1c(NS(=O)(=O)c2ccccc2)c(S(=O)(=O)c2ccc(C)cc2)c2nc3ccccc3nc21,80.1,active,1
CHEMBL1333268,COc1ccc(N2C(=O)C(Cl)=C(Oc3cccc(OC)c3)C2=O)cc1,10700.0,inactive,0
CHEMBL1428758,O=c1c(Cl)c(Cl)cnn1Cc1ccc(F)cc1,11300.0,inactive,0
CHEMBL1389371,CCCCNC(=O)c1c(N)n(Cc2ccc3c(c2)OCO3)c2nc3ccccc3nc12,56300.0,inactive,0
CHEMBL1373049,O=C(O)CN1C(=O)/C(=C\c2cccc(OC(=O)c3ccco3)c2)SC1=S,22600.0,inactive,0
CHEMBL1445135,CCOC(=O)Cc1n[nH]c2c1C(c1cc(OC)ccc1OC)C(C#N)=C(N)O2,13300.0,inactive,0
CHEMBL3190263,Cc1ccc(C(=O)N/N=C/c2ccc(-c3ccccc3[N+](=O)[O-])o2)cn1,13500.0,inactive,0
CHEMBL600734,CC(=O)N(Cc1ccc(F)cc1)C1=C(NCc2ccccc2)C(=O)c2ccccc2C1=O,776.0,active,1
CHEMBL1321472,O=C1c2ccccc2-c2c1nc1c([n+]2[O-])CCCC1,20100.0,inactive,0
CHEMBL1965172,Cc1nnc(N/N=C\c2ccc(-c3ccccc3[N+](=O)[O-])o2)n1N,23500.0,inactive,0
CHEMBL1329726,COc1cc(NC2CCCCC2O)c2nc(-c3ccc(Cl)cc3)ccc2c1,72.8,active,1
CHEMBL1412588,Cc1n[nH]c(O)c1C(c1cc(Br)ccc1O)c1c(C)n[nH]c1O,275.0,active,1
CHEMBL1496555,Cc1ccccc1C(=O)NNC(=S)NC(=O)COc1ccccc1,17700.0,inactive,0
CHEMBL1530209,O=C(Nc1cccc(OC(=O)c2ccco2)c1)c1ccco1,10100.0,inactive,0
CHEMBL1389296,COc1ccc(C(c2c(C)n[nH]c2O)c2c(C)n[nH]c2O)cc1Br,289.0,active,1
CHEMBL3210870,O=C(N/N=C\c1ccc(-c2ccccc2[N+](=O)[O-])o1)C1COc2ccccc2O1,12400.0,inactive,0
CHEMBL1496705,CCCCCCCCCCOC(=O)C[n+]1c(COc2ccc(C)cc2)n(C)c2ccccc21.[Cl-],11700.0,inactive,0
CHEMBL1440300,O=C(Nc1ccccc1Cl)/C(Cl)=C(\Cl)[S+]([O-])c1ccccc1,935.0,active,1
CHEMBL566068,Oc1cc(-c2ccc(Cl)c(Cl)c2)[nH]n1,852.0,active,1
CHEMBL1558070,Oc1[nH]c2ccccc2c1N=NC(=S)N1CCOCC1,12900.0,inactive,0
CHEMBL1479725,Cc1ccc2c(c1)c1nnc(SCC(=O)Nc3ccc(N(C)C)cc3)nc1n2CC(=O)O,483.0,active,1
CHEMBL1328462,COc1ccc(-c2cc(C(F)(F)F)nc(S(=O)(=O)CCCC(=O)Nc3cccc(O)c3)n2)cc1OC,11300.0,inactive,0
CHEMBL1428823,O=C(c1ccco1)c1coc2c1cc(O)c1ccccc12,48700.0,inactive,0
CHEMBL1546297,Cc1n[nH]c(O)c1C(c1ccc([N+](=O)[O-])cc1)c1c(C)n[nH]c1O,270.0,active,1
CHEMBL1451681,Cc1ccc(-n2nc(C)c3c2OC(N)=C(C#N)C3c2ccc(C)o2)cc1,25700.0,inactive,0
CHEMBL1727428,Cc1ccc(C(c2c(C)n[nH]c2O)c2c(C)n[nH]c2O)cc1[N+](=O)[O-],195.0,active,1
CHEMBL1389505,COc1ccc(C2NC(S)=NC3=C2CCc2ccccc23)cc1OC,11200.0,inactive,0
CHEMBL1309645,O=C(NCc1ccco1)/C(=C/c1cccc(C(F)(F)F)c1)c1nc2ccccc2[nH]1,54400.0,inactive,0
CHEMBL1302625,CCOC(=O)Cc1c(O)oc2nnc(C)c-2c1C,19100.0,inactive,0
CHEMBL1349637,COC(=O)COc1ccc(C(c2c(C)n[nH]c2O)c2c(C)n[nH]c2O)cc1,377.0,active,1
CHEMBL1507407,CCOC(=O)c1sc(N(Cc2ccccc2)C(=O)CCl)nc1C,790.0,active,1
CHEMBL1468055,Cc1noc2ncnc(Sc3ccc(Br)cc3)c12,16200.0,inactive,0
CHEMBL1429018,O=C(CSC1=NCCS1)Nc1ccc(S(=O)(=O)NC2CCCCC2)cc1,13300.0,inactive,0
CHEMBL1200938,CC[C@@H](CO)NC(=O)[C@@H]1C=C2c3cccc4c3c(cn4C)C[C@H]2N(C)C1.O=C(O)/C=C\C(=O)O,237200.0,inactive,0
CHEMBL1440303,CNC(=O)c1nnsc1[S+]([O-])c1ccc(Cl)cc1,21000.0,inactive,0
CHEMBL3144999,Cc1[nH]n(-c2ccccc2)c(=O)c1C(c1ccc([N+](=O)[O-])cc1)c1c(C)[nH]n(-c2ccccc2)c1=O,390.0,active,1
CHEMBL1558210,O=C1c2ccccc2-c2onc3ccc(Oc4ccccc4)c1c23,452.0,active,1
CHEMBL1479754,Cc1ccc2[nH]c3c(c2c1)CN(C(=O)CN1CCSCC1)CC3,132.0,active,1
CHEMBL1389509,Cl.OC(COC(c1ccc(Cl)cc1)c1ccc(Cl)cc1)CN1CCc2ccccc2C1,81500.0,inactive,0
CHEMBL1333634,Cc1ccc(N/C([S-])=C(/C(=O)c2ccc(F)cc2)[n+]2ccccc2)cc1,69700.0,inactive,0
CHEMBL1451917,O=C(O)c1ccc(-n2c(=O)c3ccccc3c3ccccc3c2=O)cc1,70700.0,inactive,0
CHEMBL1451931,O=C1C=C(NCc2ccccc2)c2ccccc2C1=O,774.0,active,1
CHEMBL1389480,CCCCCCCN(C(=O)CCl)c1ccccc1C,893.0,active,1
CHEMBL1361500,Cc1cc(C)cc(Oc2coc3cc(OC(=O)c4cccs4)ccc3c2=O)c1,18800.0,inactive,0
CHEMBL1507448,O=C(CCl)N1c2ccccc2OCC1c1ccccc1,606.0,active,1
CHEMBL1500823,O=C(CSc1ncnc2c1nnn2Cc1ccccc1F)NCC1CCCO1,16500.0,inactive,0
CHEMBL1519030,CCCCC[C@H](O)/C=C/[C@@H]1[C@@H](C/C=C\CCCC(=O)OC)[C@@H](O)C[C@H]1O,12200.0,inactive,0
CHEMBL1382853,CCN(CC)CCNC(=O)c1ccc2c(c1NCCO)C(=O)c1ccccc1C2=O,524.0,active,1
CHEMBL1608044,Nc1ccc(Oc2ncccn2)cc1,13800.0,inactive,0
CHEMBL1539943,O=C(O)CSc1c2c(nc3cc(C(=O)Nc4cccc(C(F)(F)F)c4)ccc13)CCCC2,13000.0,inactive,0
CHEMBL1507657,O=C(c1ccco1)N1CCN(c2nc(C3CC3)nc3sc4c(c23)CCCC4)CC1,29600.0,inactive,0
CHEMBL1309737,CCOC(=O)c1c(N=C(S)N2CCCCC2)sc2c1CCN(C(=O)OCC)C2,12700.0,inactive,0
CHEMBL1585382,CC(C)(C)c1ccc(C(=O)Cn2cnnc2C#N)cc1,20000.0,inactive,0
CHEMBL1596753,O=C(/C=C/c1ccco1)c1ccc(NC(=O)C23CC4CC(CC(C4)C2)C3)cc1,55500.0,inactive,0
CHEMBL1496959,Cc1ccc(/C=C2\SC(N3CCN(C(c4ccccc4)c4ccccc4)CC3)=NC2=O)o1,49100.0,inactive,0
CHEMBL1794266,CC1=NN(C)C(=O)C1Cc1c(F)cccc1Cl,740.0,active,1
CHEMBL1969760,COc1cccc(/N=C2\C(Cl)=C(O)OC2OC(=O)c2ccco2)c1,14600.0,inactive,0
CHEMBL1321538,Cc1nn(-c2ccccc2)c(Cl)c1CN(C(=O)CCl)c1ccc(Cl)cc1,355.0,active,1
CHEMBL1569091,COc1cc(N)c(Cc2nccc3cc(OC)c(OC)cc23)cc1OC,31700.0,inactive,0
CHEMBL1445372,O=c1c(Cl)nc2cc(Cl)ccc2n1CCNc1ncc(C(F)(F)F)cc1Cl,951.0,active,1
CHEMBL3189879,COc1nc(N/N=C/c2ccc(-c3ccccc3[N+](=O)[O-])o2)nc(N2CCOCC2)n1,14400.0,inactive,0
CHEMBL1256974,Cc1ccc(S(=O)(=O)N[C@@H](CCCCN)C(=O)CCl)cc1.Cl,12600.0,inactive,0
CHEMBL1491717,CC(=O)n1cc(N(C(=O)CCl)c2ccc([N+](=O)[O-])cc2)c2ccccc21,358.0,active,1
CHEMBL46516,O=C1NCN(c2ccccc2)C12CCN(CCCC(c1ccc(F)cc1)c1ccc(F)cc1)CC2,20200.0,inactive,0
CHEMBL1349727,O=C(C1=C(c2ccccc2)C(=O)c2ccccc2C1=O)c1ccccc1,862.0,active,1
CHEMBL1507534,COc1ccccc1NC(=O)CSc1nc2c(sc3ccccc32)c(=O)n1CCN(C)C.Cl,12900.0,inactive,0
CHEMBL1413355,Cc1ccc(-c2cc(-c3ccc(C)cc3)[n+](-c3ccc(C(=O)[O-])cc3)c(-c3ccc(C)cc3)c2)cc1,40500.0,inactive,0
CHEMBL3190976,CC1=C/C(=N/c2c(C)n(C)n(-c3ccccc3)c2=O)C=CC1=O,14000.0,inactive,0
CHEMBL1536137,CCOC(=O)c1c(NC(=O)COC(=O)c2ncc(Cl)c(Cl)c2Cl)sc(C(=O)N(C)C)c1C,45500.0,inactive,0
CHEMBL1322046,COC(=O)CCCC1=CC2=C(c3ccccc3)C(=O)C(C)(OC(=O)C3CCCC3)C(=O)C2=CN1CCCCO,18400.0,inactive,0
CHEMBL1709281,COc1cc(C2(c3ccc(O)c(OC)c3)C(=O)Nc3c(C)cc(Br)cc32)ccc1O,14400.0,inactive,0
CHEMBL1429260,CC1(C)CC2(C)OC(=N)C1(C#N)C2(C#N)C#N,12300.0,inactive,0
CHEMBL3210642,Cc1ccc(-n2nc(C)c(/C=N/NC(=O)c3ccc([N+](=O)[O-])cc3)c2O)c(C)c1,21200.0,inactive,0
CHEMBL1970867,O=C(N/N=C/c1cc(Cl)cc([N+](=O)[O-])c1O)c1ccccc1NS(=O)(=O)c1cccs1,67200.0,inactive,0
CHEMBL1540053,Cc1c(Cl)cccc1N=C([S-])/C(=C(\O)c1ccc(Cl)s1)[n+]1ccccc1,12900.0,inactive,0
CHEMBL3191689,O=C(N/N=C1\C/C(=N\NC(=O)c2ccncc2)c2ccccc21)c1ccncc1,732.0,active,1
CHEMBL1794130,Cl.Nc1cccc2c(O)cccc12,15500.0,inactive,0
CHEMBL1601712,Cc1cccc(C(=O)c2cnc3ccccc3c2-c2ccccc2)c1,22800.0,inactive,0
CHEMBL327574,O=[N+]([O-])c1ccc(N2CCOCC2)c2ccncc12,12200.0,inactive,0
CHEMBL1343101,O=C1C2=C(N=C(S)NC2c2ccc(Cl)cc2)NC(c2ccc(Cl)cc2)N1c1ccc(Cl)cc1,13100.0,inactive,0
CHEMBL1383058,COC(=O)c1ccccc1-c1ccc(C(c2c(C)n[nH]c2O)c2c(C)n[nH]c2O)o1,214.0,active,1
CHEMBL1794141,Cc1ccc(C(=O)C2C(c3ccc(-c4ccccc4[N+](=O)[O-])o3)NC(=O)NC2(O)C(F)(F)F)cc1,11600.0,inactive,0
CHEMBL1418676,O=S(=O)(Cc1ccccc1)c1cnc2ccccc2n1,18300.0,inactive,0
CHEMBL3216654,COc1cc(NCCCC(C)N)c2ncccc2c1.Cl.Cl,420.0,active,1
CHEMBL1569877,CCOC(=O)C(CC)Sc1ncnc2c1nnn2-c1ccc(F)cc1,26700.0,inactive,0
CHEMBL1413252,CN1C(=O)C2(C(C#N)=C(N)C(C#N)(C#N)C3=CCC(C(C)(C)C)CC32)c2ccccc21,29500.0,inactive,0
CHEMBL1389827,O=C(NCC1(c2ccccc2)CCCC1)C1(c2ccccc2)CCCC1,53300.0,inactive,0
CHEMBL1709150,CS(=O)(=O)c1nc([N+](=O)[O-])nn1CCCc1ccccc1,14500.0,inactive,0
CHEMBL1406350,CC(/C=C1\SC(=S)N(NC(=O)c2cccc(O)c2)C1=O)=C\c1ccccc1,25200.0,inactive,0
CHEMBL3193639,Cc1c(/N=C2\C=CC(=O)c3ccccc32)c(=O)n(-c2ccccc2)n1C,768.0,active,1
CHEMBL1569820,CCOc1cc(/C=C2/C(=N)N3OC(C)=CC3=NC2=O)ccc1O,26900.0,inactive,0
CHEMBL3193835,C/N=C1\C(=O)c2ccccc2C(O)=C1N(C(C)=O)c1ccc(Br)cc1,795.0,active,1
CHEMBL1373799,CC(=O)Nc1ccc(OC(=O)c2ccco2)cc1,12100.0,inactive,0
CHEMBL1497049,N#Cc1cc([N+](=O)[O-])c(-n2nnc3ccccc32)c([N+](=O)[O-])c1,25900.0,inactive,0
CHEMBL1366795,O=c1c2ccccc2nc(/C=C/c2cccnc2)n1CCc1ccccc1,12000.0,inactive,0
CHEMBL1330054,O=C(Oc1ccc(N(C(=O)c2ccncc2)S(=O)(=O)c2ccc(Cl)cc2)cc1)c1ccncc1,16400.0,inactive,0
CHEMBL1519280,O=C(Oc1cccc(-n2cnnn2)c1)c1ccco1,15100.0,inactive,0
CHEMBL1790006,Cc1cc2nc3ccc(N(C)C)cc3[s+]c2cc1N.[Cl-],28000.0,inactive,0
CHEMBL1491865,CC(C)Cc1ccc(-c2cc(O)[nH]n2)cc1,664.0,active,1
CHEMBL3214581,COc1cc(/C=N/NC(=O)c2ccc(F)cc2)ccc1OC(=O)c1ccco1,20000.0,inactive,0
CHEMBL3214593,COc1cc(C(=O)NCC(=O)N/N=C/c2cccc(OC(=O)c3ccco3)c2)cc(OC)c1OC,16600.0,inactive,0
CHEMBL1570005,CC1CC(C)CN(C(=O)c2ccc3c(c2NCCO)C(=O)c2ccccc2C3=O)C1,20000.0,inactive,0
CHEMBL1343343,Oc1cc(-c2ccc(F)cc2)[nH]n1,548.0,active,1
CHEMBL1326933,COc1ccc(S(=O)(=O)c2cnc3ccccc3n2)cc1,16400.0,inactive,0
CHEMBL1350085,CC1=NN(c2ccc(C)cc2C)C(=O)C1C(c1cccc(O)c1)C1C(=O)N(c2ccc(C)cc2C)N=C1C,524.0,active,1
CHEMBL1390013,COc1cc(C2C(C#N)=C(N)Oc3[nH]nc(C)c32)ccc1OC(=O)c1ccccc1,17300.0,inactive,0
CHEMBL1310115,N#CC1(C#N)CC(C=O)=C(N)C1(C#N)CC(=O)C12CC3CC(CC(C3)C1)C2,10000.0,inactive,0
CHEMBL1558461,CCN(CC)CCNC(=O)CSc1c2c(nc3cc(Cl)ccc13)CCCC2,11800.0,inactive,0
CHEMBL1409956,COc1cccc(C(c2c(C)nn(-c3ccccc3)c2O)c2c(C)nn(-c3ccccc3)c2O)c1OC,810.0,active,1
CHEMBL1445675,CCOC(=O)/C(C#N)=C1/SC(C)C(=O)N1c1ccc(Br)cc1,11100.0,inactive,0
CHEMBL1390139,O=[N+]([O-])c1cc(S(=O)(=O)C(F)(F)F)ccc1Sc1nc2ccccc2[nH]1,774.0,active,1
CHEMBL1343392,Cc1ccc(C(=O)OCn2ncc(Cl)c(Cl)c2=O)cc1,924.0,active,1
CHEMBL1484933,CC(=O)C(Sc1ncnc2c1nnn2-c1ccc(F)cc1)C(=O)N(C)C,15700.0,inactive,0
CHEMBL1343352,COc1ccc(-c2cc(CNC(=O)CCl)on2)cc1,17700.0,inactive,0
CHEMBL1383249,COc1ccc(-c2[nH]nc3c2C(c2ccoc2)C(C#N)=C(N)O3)cc1,548.0,active,1
CHEMBL1484934,COc1ccc(C(CCN(Cc2ccc(OC)c(OC)c2)C(=O)CCl)c2ccccc2)cc1,269.0,active,1
CHEMBL1451836,CCOc1cc(C(c2c(C)n[nH]c2O)c2c(C)n[nH]c2O)ccc1O,240.0,active,1
CHEMBL1566610,C=C1C(=O)O[C@@H]2C[C@@H](C)[C@@H]3C=CC(=O)[C@@]3(C)[C@@H](OC(=O)CC(=O)O[C@H]3[C@@H]4C(=C)C(=O)O[C@@H]4C[C@@H](C)[C@@H]4C=CC(=O)[C@]43C)[C@H]12,46000.0,inactive,0
CHEMBL1974348,CCNC1=C(Cl)C(=O)c2ccccc2C1=O,20000.0,inactive,0
CHEMBL1361855,COc1cc(N=Nc2cccc(S(N)(=O)=O)c2)c2ccccc2c1N,11500.0,inactive,0
CHEMBL1449018,CC(C)Nc1ccc(Nc2ccccc2)cc1,76400.0,inactive,0
CHEMBL1366838,COc1ccc(C2C(O)C(c3c[nH]c4ccccc34)=NN2C(=O)CCl)cc1,582.0,active,1
CHEMBL1445617,Cc1n[nH]c(O)c1C(c1c(C)n[nH]c1O)c1cn(Cc2ccccc2Cl)c2ccccc12,299.0,active,1
CHEMBL1585923,COc1cc(/C=C2\C(=O)N(c3ccc(S(N)(=O)=O)cc3)N=C2C)ccc1OC(=O)c1ccco1,23800.0,inactive,0
CHEMBL1608787,COc1ccc(Br)cc1[C@H]1[C@@H]2C=CCC[C@@]2(C)C(=O)N1Cc1ccccc1,26700.0,inactive,0
CHEMBL1519374,O=C1C(Cl)=C(Nc2ccc3c[nH]nc3c2)C(=O)c2ccccc21,955.0,active,1
CHEMBL1326957,Cl.Nc1ccc2[nH]cnc2c1,23600.0,inactive,0
CHEMBL1373969,O=C(NC1CCCCC1)C(c1cccnc1)N(C(=O)CCl)c1cccc(Cl)c1,467.0,active,1
CHEMBL1468635,CC(C)Cn1c(N)c(S(=O)(=O)c2cccs2)c2nc3ccccc3nc21,32900.0,inactive,0
CHEMBL1597039,Cc1ccc(C)c(Sc2ccc(NC(=O)CCl)cc2)c1,602.0,active,1
CHEMBL1547301,Cc1ccc(Sc2ccc(NC(=O)CCl)cc2)c(C)c1,718.0,active,1
CHEMBL1383283,O=C(Nc1ccc(Cl)cc1)C(Cl)C(=O)c1ccccc1,30300.0,inactive,0
CHEMBL1524399,CC(C)(C)OC(=O)N1CCC(c2cc(O)[nH]n2)CC1,674.0,active,1
CHEMBL3191597,CC(C)(C)OC(=O)N/N=C\c1ccc(OC(=O)c2ccco2)cc1,16200.0,inactive,0
CHEMBL1401841,COc1ccc2nc3cccc(OC)c3nc2c1,20800.0,inactive,0
CHEMBL3144884,Cc1nn(-c2ccc(Cl)cc2)c(O)c1C(c1cccc(O)c1)c1c(C)[nH]n(-c2ccc(Cl)cc2)c1=O,897.0,active,1
CHEMBL1540463,CN1C(=O)C(=C2CC(c3ccccc3)N(C(=O)CCl)N2)C(=O)N(C)C1=O,351.0,active,1
CHEMBL1370184,CC(=O)Oc1c(/C=C(\C#N)C(N)=O)[nH]c2ccccc12,31.4,active,1
CHEMBL1508375,O=C(CCCN1C(=O)/C(=C\c2ccccc2)SC1=S)Nc1ccc(O)cc1,27800.0,inactive,0
CHEMBL1413839,Cc1ccc(-n2nc(C)c(NC(=O)CCl)c2C)cc1C,16000.0,inactive,0
CHEMBL1452061,O=S(=O)([O-])Oc1c[nH]c2ccccc12.[K+],155.0,active,1
CHEMBL1334307,COCCCNC(=O)c1ccc2c3c(onc13)-c1ccccc1C2=O,13000.0,inactive,0
CHEMBL1508459,COc1cc(Cc2nccc3cc(OC)c(OC)cc23)c(S(=O)(=O)O)cc1OC,85700.0,inactive,0
CHEMBL1469091,CC1OC(Nc2cccc3ccccc23)C(O)C(O)C1O,75100.0,inactive,0
CHEMBL1374291,O=C1c2ccccc2C(=O)c2cc(S(=O)(=O)Nc3ccccc3)ccc21,12100.0,inactive,0
CHEMBL1429937,CCc1n[nH]c2c1C(c1cccnc1)C(C#N)=C(N)O2,11500.0,inactive,0
CHEMBL1429966,CN(C)C(=O)c1ccc2c(c1[N+](=O)[O-])C(=O)c1ccccc1C2=O,558.0,active,1
CHEMBL1485010,O=C(OCn1ncc(Br)c(Br)c1=O)c1ccc(F)cc1,473.0,active,1
CHEMBL1333487,Cc1ccc(N2C(=O)C(Cl)=C(NCCO)C2=O)c(C)c1,10800.0,inactive,0
CHEMBL1978279,COc1ccc(/N=C/C2=C(O)c3ccccc3CC2)cc1,18600.0,inactive,0
CHEMBL1730123,O=C(Nc1ccccc1)Nc1ccc(O)c2ccccc12,762.0,active,1
CHEMBL1390555,CC(=O)Oc1ccc2ccccc2c1C(NC(=O)Cc1ccccc1)c1ccc(Cl)cc1,31600.0,inactive,0
CHEMBL1480242,CCOCC(=O)NCc1ccc2c(c1)cc(C)n2C,23600.0,inactive,0
CHEMBL1508402,O=C(CCl)Nc1cccc(CP(=O)(c2ccccc2)c2ccccc2)c1,18400.0,inactive,0
CHEMBL1374511,CCOc1cc(CNc2ccc(O)cc2)ccc1OCc1ccc(Cl)cc1Cl,330600.0,inactive,0
CHEMBL1430074,CCOC(=O)c1c(C)sc2c1N(C(=O)CCl)c1cc(Cl)ccc1S2,506.0,active,1
CHEMBL1303810,O=C(OCn1ncc(Br)c(Br)c1=O)c1ccccc1Cl,472.0,active,1
CHEMBL1383632,CC(C)(C)c1cc[n+](C2=C([N-]S(=O)(=O)c3cccs3)C(=O)c3ccccc3C2=O)cc1,950.0,active,1
CHEMBL1469117,COc1cc(C(c2c(C)n[nH]c2O)c2c(C)n[nH]c2O)ccc1OS(=O)(=O)c1ccc(C)cc1,195.0,active,1
CHEMBL1480243,COc1ccc(NC(=O)/C(C#N)=C/c2ncc([N+](=O)[O-])n2C)c(OC)c1,15600.0,inactive,0
CHEMBL601757,Cc1nc2c(=O)n(C)c(=O)nc-2n(C)n1,20.9,active,1
CHEMBL1597358,COc1ccc(-c2cc(O)[nH]n2)cc1OC,380.0,active,1
CHEMBL1579471,Cc1n[nH]c2c1C(c1ccc(-c3ccc(Cl)cc3)o1)C(C#N)=C(N)O2,28600.0,inactive,0
CHEMBL1445962,O=C(CCl)N(Cc1cccc([N+](=O)[O-])c1)c1cccc(Cl)c1,512.0,active,1
CHEMBL1579455,O=C1CS/C(=C\[N+](=O)[O-])N1c1ccc(OC(F)(F)F)cc1,10900.0,inactive,0
CHEMBL1586425,CNC(=O)c1nnsc1S(=O)(=O)c1ccc(Cl)cc1,14300.0,inactive,0
CHEMBL1928483,Oc1ccc(/C=N/Nc2ccc(C(F)(F)F)cn2)c(O)c1,109500.0,inactive,0
CHEMBL1501597,Oc1cc(-c2ccc(Br)cc2)[nH]n1,718.0,active,1
CHEMBL1586439,O=C1c2cc([N+](=O)[O-])ccc2-c2ncccc21,11100.0,inactive,0
CHEMBL1469208,CC1(C)CC2=Nc3nn(-c4ccccc4)c(O)c3C(c3ccc4c(c3)OCO4)C2=C(O)C1,24000.0,inactive,0
CHEMBL1441170,CN1CCN2c3ccc(N)cc3CC3(C(=O)NC(=O)NC3=O)C2C1,39500.0,inactive,0
CHEMBL1480387,CCOC(=O)CNc1nnc(SCC(=O)OCC)nc1O,845.0,active,1
CHEMBL1608276,COc1ccccc1-c1cnnc(S)n1,110900.0,inactive,0
CHEMBL1350958,O=C(O)c1ccccc1-c1ccccc1C(=O)Nc1ccc(-c2nc3cc(Cl)ccc3o2)cc1,11700.0,inactive,0
CHEMBL1558809,Cc1ccc(N2C(=O)NC(=O)/C(=C/c3ccc(OC(=O)c4cccs4)cc3)C2=O)cc1,772.0,active,1
CHEMBL1519642,COc1cc(C(c2c(C)n[nH]c2O)c2c(C)n[nH]c2O)ccc1OC(C)C,223.0,active,1
CHEMBL1981667,Cc1[nH]c2ccccc2c1/C=N/Nc1nc2ccccc2[nH]1,39300.0,inactive,0
CHEMBL1303953,O=C(CCl)Nc1ccc(-c2ccccc2)cc1,587.0,active,1
CHEMBL3189264,Oc1ccc(/C(Cc2ccc3ccccc3n2)=N\Nc2ccccc2)c(O)c1,13600.0,inactive,0
CHEMBL1446060,Cc1ccc(C(=O)NC(C#N)=C(Cl)Cl)cc1,19500.0,inactive,0
CHEMBL1310967,COC(=O)c1ccccc1S(=O)(=O)N1CCC(NC(=O)c2ccccc2)CC1,15100.0,inactive,0
CHEMBL1508839,COC(=O)c1cccc(-c2ccc(C(c3c(C)n[nH]c3O)c3c(C)n[nH]c3O)o2)c1,175.0,active,1
CHEMBL1303970,CC(C)n1cc[n+](C2=C([N-]S(=O)(=O)c3ccccc3)C(=O)c3ccccc3C2=O)c1,12000.0,inactive,0
CHEMBL1501843,O=C(CCl)Oc1ccc2occ(C(=O)c3cccs3)c2c1,19300.0,inactive,0
CHEMBL1794101,CC1Nc2ncnc(N3CCc4ccccc4C3)c2N(Cc2ccc(Cl)cc2)C1=O.O=C(O)C(F)(F)F,30900.0,inactive,0
CHEMBL1310969,COc1ccc(NC(=O)Cn2ncc(Cl)c(Cl)c2=O)cc1S(=O)(=O)N1CCOCC1,10100.0,inactive,0
CHEMBL1390923,O=C(CCN1C(=O)/C(=C/c2cccs2)SC1=S)Nc1ccc(C(=O)O)c(O)c1,13300.0,inactive,0
CHEMBL3190117,CCO/C(O)=C1/C(C)=NC2(O)c3ccccc3C(=O)C12O,18100.0,inactive,0
CHEMBL1430331,CC1=NNC(=O)C1C(c1cccc(O)c1)C(C#N)C#N,12700.0,inactive,0
CHEMBL1430372,COc1ccc2nc3cc(Cl)ccc3c(Nc3cc(C(C)C)c(O)cc3C)c2c1,318.0,active,1
CHEMBL1469590,O=C(Nc1ncc([N+](=O)[O-])s1)c1ccco1,17400.0,inactive,0
CHEMBL1981002,Cc1cc(Sc2nnc(/N=C/N(C)C)s2)c2ccccc2n1,10300.0,inactive,0
CHEMBL1322313,CC(=O)Nc1cccc(OC(=O)COc2ccc(Br)cc2)c1,20600.0,inactive,0
CHEMBL1374701,CC1=NN(c2cccc([N+](=O)[O-])c2)C(=O)C1,19500.0,inactive,0
CHEMBL1980604,CCOC(=O)c1c(NC(C)=O)sc2c1CCC(/C=N/CCCN(CC)CC)=C2Sc1ccccc1,229.0,active,1
CHEMBL1334860,CN(C(=O)C(Cl)Cl)c1ccc(OC(=O)c2ccco2)cc1,10300.0,inactive,0
CHEMBL1540795,CCc1nc(N2CCN(C(=O)CCl)CC2)c2c3c(sc2n1)CC(C)CC3,729.0,active,1
CHEMBL1406895,COC(=O)C1=NN(C(=O)c2cccc(Br)c2)C(O)(c2ccc(Cl)cc2)C1,13700.0,inactive,0
CHEMBL578502,CC(=O)N(C)C1=C(N2CCOCC2)C(=O)c2ccccc2C1=O,38400.0,inactive,0
CHEMBL1351159,O=C(CCl)Nc1c2c(nn1-c1ccccc1)CSC2,11400.0,inactive,0
CHEMBL1430473,O=C(O)C1Nc2c(O)cc(Cl)c([N+](=O)[O-])c2C2C=CCC12,11500.0,inactive,0
CHEMBL1311185,O=C(Nc1ccccc1)C1=C(c2ccccc2)S(=O)(=O)CCS1(=O)=O,682.0,active,1
CHEMBL1423501,O=C(CCl)N(C/C=C/c1ccccc1)c1ccc2c(c1)OCCO2,356.0,active,1
CHEMBL1327390,CCOc1ccc(/C=C2\SC(=S)N(CCC(=O)Nc3ccccc3C(=O)O)C2=O)cc1,15100.0,inactive,0
CHEMBL1383937,COC(=O)CN1C(c2ccc(Cl)cc2)=Nc2ccc(Cl)cc2C1c1ccccc1,55900.0,inactive,0
CHEMBL1453212,CCOC(=O)C1=C(c2ccccc2)O/C(=C(/C#N)C(F)(F)F)S1,723.0,active,1
CHEMBL1469676,C=CCOc1ccccc1CN(C(=O)CCl)c1ccc2c(c1)OCO2,481.0,active,1
CHEMBL1501990,O=C(NC1(O)C(=O)c2ccccc2C1=O)c1ccccc1,16400.0,inactive,0
CHEMBL1519846,CN1CCc2nc(SCC(=O)Nc3ccc(F)cc3)c(C#N)cc2C1,38000.0,inactive,0
CHEMBL1373577,Cc1ccc(NC2=CC(=O)C(=O)c3ccccc32)cc1,999.0,active,1
CHEMBL1383986,CCOc1cc(C(c2c(C)n[nH]c2O)c2c(C)n[nH]c2O)ccc1OS(=O)(=O)c1ccc(C)cc1,152.0,active,1
CHEMBL1982305,Cc1ccc(S(=O)(=O)/N=C2\C=C(Nc3cccc(C(=O)O)c3)C(=O)c3ccccc32)cc1,266.0,active,1
CHEMBL1441329,Cc1ccc(S[C@@H](CCN2CC[C@H](C)CCC2=O)c2ccccc2)cc1,17600.0,inactive,0
CHEMBL3195220,CC1=C(C)/C(=N/OC(=O)c2cccc([N+](=O)[O-])c2)C=CC1=O,418.0,active,1
CHEMBL1548086,CCCCCCCCCCC[N+](C)(C)CC/C=C1/c2ccccc2Sc2ccc(Cl)cc21.[Br-],10100.0,inactive,0
CHEMBL1413374,Cc1nccn1-c1c([N+](=O)[O-])c(=O)n(C)c2ccccc12,12200.0,inactive,0
CHEMBL586135,Cc1ccc(Nc2cc(C)nn2-c2nc(C)cc(O)n2)cc1,61400.0,inactive,0
CHEMBL1563903,Cc1n[nH]c(O)c1C(c1ccc2c(c1)OCO2)c1c(C)n[nH]c1O,189.0,active,1
CHEMBL1441508,Clc1ccc(C2=C3CCCCn4c(-c5ccccc5)c[n+](c43)C2)cc1.[Br-],50000.0,inactive,0
CHEMBL1351490,Cc1nc2ccc3ccccc3c2o1.O=[N+]([O-])c1cc([N+](=O)[O-])c(O)c([N+](=O)[O-])c1,10700.0,inactive,0
CHEMBL1453368,Cc1cc(C)nc(N2N=C(C(C)(C)C)CC2=O)n1,10900.0,inactive,0
CHEMBL1469868,O=C1CC(c2cccnc2)=NN1c1ccccc1,13900.0,inactive,0
CHEMBL1333637,Cc1nn(C(=O)c2cccnc2)c(C)c1Sc1ccc(Br)cc1,18700.0,inactive,0
CHEMBL1322557,CC1=NN(c2ccccc2)C(=O)/C1=C/c1cc2ccccc2[nH]1,10900.0,inactive,0
CHEMBL3197978,CCN(CC)c1ccc(/C=N/Nc2nc(C)cc(O)n2)c(O)c1,28000.0,inactive,0
CHEMBL1322618,O=C(NC1CCCC1)C(c1ccc(F)cc1)N(Cc1ccc(F)cc1)C(=O)CCl,557.0,active,1
CHEMBL1566889,CN1CCN(C2=C(Cl)C(=O)N(c3ccc(Cl)cc3)C2=O)CC1,247.0,active,1
CHEMBL1731689,Cn1c(SCC(=O)NCC2CCCO2)ncc(C(=O)Nc2ccc(F)cc2)c1=O,315.0,active,1
CHEMBL1548210,Cc1cccc(N2CC(C(=O)OCC(=O)c3ccc(OC(=O)c4cccs4)cc3)CC2=O)c1C,25000.0,inactive,0
CHEMBL1437741,Cn1cnc([N+](=O)[O-])c1Sc1nnc(-c2cccnc2)n1C,13300.0,inactive,0
CHEMBL1548297,CC(C)S(=O)(=O)C1=NSC2=NC(=O)/C(=C\c3ccc(OC(=O)c4ccco4)cc3)C(=N)N21,10900.0,inactive,0
CHEMBL1586948,COc1ccc(C2C(C#N)=C(N)Oc3c2c(C)nn3-c2ccccc2)cc1Cn1nc(C)c([N+](=O)[O-])c1C,10500.0,inactive,0
CHEMBL1351542,CN1CCN(C(c2ccc(C(F)(F)F)cc2)c2cc(Cl)c3cccnc3c2O)CC1,932.0,active,1
CHEMBL1587181,CC1CCc2c(sc3nc(C(C)(C)C)nc(N4CCN(C(=O)CCl)CC4)c23)C1,481.0,active,1
CHEMBL1563864,CC1CCCCC1NC(=O)NC(=O)CCl.Cl,12300.0,inactive,0
CHEMBL1548411,COc1ccccc1N1CCN(CC(=O)c2c(C)[nH]c3cc(C)ccc23)CC1,94200.0,inactive,0
CHEMBL1311688,CC(C)(C)Nc1nc(Cl)nc(N(C#N)CN2C(=O)c3ccccc3S2(=O)=O)n1,18400.0,inactive,0
CHEMBL3189511,CC(=O)Nc1ccccc1NC(=O)C/C(C)=N/NC(=O)C(=O)N1CCCCC1,891.0,active,1
CHEMBL1569910,Cc1ccc2[nH]c(/C(C#N)=C\c3ccc([N+](=O)[O-])o3)nc2c1,454.0,active,1
CHEMBL1362545,O=[N+]([O-])c1cccc2c([As](=O)(O)O)cccc12,10100.0,inactive,0
CHEMBL1391527,COc1ccc(NC2=C(NCCO)C(=O)c3ccccc3C2=O)cc1,21900.0,inactive,0
CHEMBL1375045,CCCCCCCCCCCCCCCC[N+](C)(C)CC.[Br-],13200.0,inactive,0
CHEMBL1362565,O=C(NC1CCCC1)C(c1ccc(F)cc1)N(Cc1ccc(Cl)cc1)C(=O)CCl,965.0,active,1
CHEMBL1609672,CCCc1n[nH]c2c1C(c1ccc(OC)c(Cn3nnc4ccccc43)c1)C(C#N)=C(N)O2,283.0,active,1
CHEMBL1430827,COc1cc(/C=C2/C(=O)N(c3ccc(Br)cc3)N=C2C)cc(OC)c1OC,12400.0,inactive,0
CHEMBL1453636,O=Cc1ccnc(-c2ccc(OC(=O)c3ccco3)cc2)n1,16800.0,inactive,0
CHEMBL1571123,Cc1ccc(NC(=O)c2nc(S(=O)(=O)Cc3ccccc3)ncc2Cl)cc1,880.0,active,1
CHEMBL1431126,Oc1nc2ccccc2n2c(-c3ccccc3)nnc12,12800.0,inactive,0
CHEMBL1580129,CC1(C)CC(CCNC(=O)CCl)(c2ccccc2)CCO1,14500.0,inactive,0
CHEMBL1462872,CCCCCc1cc(=O)oc2c(C(CCN3CCCC(C)C3)c3ccc(OC)cc3)c(OC)cc(OC)c12,12000.0,inactive,0
CHEMBL1532174,CC1(N2CCOCC2)CC2(O)C(=[N+]1[O-])CCc1nonc12,11900.0,inactive,0
CHEMBL1311742,O=[N+]([O-])c1cc(C(F)(F)F)cc([N+](=O)[O-])c1NCCN=C(S)Nc1ccc(Cl)c(Cl)c1,303500.0,inactive,0
CHEMBL1407208,CCOc1cc(/C=C2/C(=N)N3C(=NC2=O)SN=C3S(=O)(=O)C(C)C)ccc1OC(=O)c1ccco1,18600.0,inactive,0
CHEMBL1351755,COc1ccc(C(C(=O)NC2CCCCC2)N(C(=O)CCl)c2ccc(Cl)cc2)cc1,236.0,active,1
CHEMBL3144932,Cc1[nH]n(-c2ccccc2)c(=O)c1C(c1cccc([N+](=O)[O-])c1O)c1c(C)[nH]n(-c2ccccc2)c1=O,931.0,active,1
CHEMBL1502297,Cn1cnc([N+](=O)[O-])c1Oc1ccc2ccccc2c1,12700.0,inactive,0
CHEMBL1485660,CC1=NN(c2ccccc2)C(=O)/C1=C\c1cc(C)n(-c2cccnc2)c1C,88800.0,inactive,0
CHEMBL1402496,CC(C)N=C(S)NC(c1ccccc1)(c1ccccc1)c1ccccc1,136300.0,inactive,0
CHEMBL1423919,COc1ccc(N2C(=O)CSC23C(=O)N2c4c(cccc43)C(C)=CC2(C)C)cc1,35600.0,inactive,0
CHEMBL1587446,CC1=NN(c2ccccc2)C(=O)/C1=C/c1cn(C)c2ccccc12,39000.0,inactive,0
CHEMBL1502234,S=C(Nc1ccc2nsnc2c1)N1CCCCCC1,46700.0,inactive,0
CHEMBL1407193,Cc1ccc2nc(-c3cccs3)oc(=O)c2c1,60500.0,inactive,0
CHEMBL1587432,CC(=O)Oc1cc2c(cc1Cl)C1(CC(c3ccccc3Cl)O2)CC(C)(C)N=C(S)N1,14100.0,inactive,0
CHEMBL1559156,O=C1C(Br)=Cc2cccc3cccc1c23,581.0,active,1
CHEMBL1367735,COc1ccc(N2C(=O)/C(=C\c3ccco3)N=C2SCC(=O)NC(C)(C)C)cc1Cl,20700.0,inactive,0
CHEMBL1367745,CCN(CC)S(=O)(=O)c1ccc(NN=C(C#N)C#N)cc1,15000.0,inactive,0
CHEMBL1532323,O=C(CCN1C(=O)/C(=C\c2ccccc2F)SC1=S)Nc1ccc(C(=O)O)c(O)c1,15200.0,inactive,0
CHEMBL1492926,CC1=NN(c2ccc(Cl)c(C(=O)O)c2)C(=O)/C1=C\c1ccc(-c2ccc(C(=O)O)cc2)o1,400.0,active,1
CHEMBL1520239,CCOC(=O)Cc1n[nH]c2c1C(c1ccsc1)C(C#N)=C(N)O2,31300.0,inactive,0
CHEMBL1567226,Oc1cc(-c2cccc3ccccc23)[nH]n1,834.0,active,1
CHEMBL1431254,COc1ccc(CN2C(=O)NC(=O)/C(=C\NNC(=O)c3ccccc3O)C2=O)cc1,32200.0,inactive,0
CHEMBL1362714,CC1(C)Nc2ccc(O)cc2-c2c1ssc2=S,998.0,active,1
CHEMBL1391921,Cc1ccc(CS(=O)(=O)c2ncc(Cl)c(C(=O)Nc3nnc(C)s3)n2)cc1,16000.0,inactive,0
CHEMBL1987894,CCc1ccc(S(=O)(=O)/N=C2\C=C(Nc3ccc(O)cc3)C(=O)c3ccccc32)cc1,306.0,active,1
CHEMBL1334062,Cn1nc(-c2ccc(Cl)cc2)nc2c(=O)n(C)c(=O)nc1-2,30.5,active,1
CHEMBL1344648,CC(=O)NC1C(=O)N(CCN2CCOCC2)c2ccc(Br)cc21.Cl,11000.0,inactive,0
CHEMBL1587473,Cc1ccc(N(NC(=O)C(O)(c2ccccc2)c2ccccc2)C(=O)CCl)cc1,529.0,active,1
CHEMBL3196684,O=C(N/N=C/c1ccc(-c2ccccc2[N+](=O)[O-])o1)[C@H]1C[C@@H]1c1ccccc1,18900.0,inactive,0
CHEMBL1414814,Cc1ccc(C(=O)NC(=S)NNS(=O)(=O)c2ccc(C)cc2)cc1,146000.0,inactive,0
CHEMBL1609951,COc1ccc(N(C(=O)c2ccco2)S(=O)(=O)c2cccs2)cc1,32600.0,inactive,0
CHEMBL1384489,CCn1c(SCC(=O)Nc2nc(-c3ccc(C)cc3)cs2)nnc1-c1ccccc1O,174200.0,inactive,0
CHEMBL1384468,COC(=O)c1sc(N)c(C(=O)OC)c1Cn1ncc(Cl)c(Cl)c1=O,541.0,active,1
CHEMBL1492010,Oc1cc(-c2ccc(Cl)cc2)[nH]n1,527.0,active,1
CHEMBL1571290,O=C(NCc1cccnc1)/C(=C\c1ccc(-c2cccc(Cl)c2)o1)S(=O)(=O)c1ccccc1,17800.0,inactive,0
CHEMBL1407401,CC(C)CC(=O)/C(=C\c1ccc(Cl)cc1Cl)n1cncn1,11200.0,inactive,0
CHEMBL1485945,Cn1cnc([N+](=O)[O-])c1S(=O)(=O)c1cccc(Cl)c1,15800.0,inactive,0
CHEMBL1502394,O=C1CCCC2=C1C1(O)C(=O)c3ccccc3C1(O)O2,11500.0,inactive,0
CHEMBL1564294,CCOc1cccc(-c2cc(O)[nH]n2)c1,695.0,active,1
CHEMBL1566989,COc1ccc(N(C)C(=O)c2cc3c(s2)-c2c(C)cccc2OC3)c(OC)c1,132800.0,inactive,0
CHEMBL1532436,Cc1ccccc1OCC(=O)Nc1ccccc1N1CCCCC1,241800.0,inactive,0
CHEMBL1424118,Nc1nc(CCl)nc(Nc2ccc3ccccc3c2)n1,19400.0,inactive,0
CHEMBL1520392,Cl.Nc1ccc2[nH]c(Cc3ccccc3)nc2c1,55900.0,inactive,0
CHEMBL1352082,CCCc1n[nH]c2c1C(c1ccncc1)C(C#N)=C(N)O2,17600.0,inactive,0
CHEMBL1733474,O=S(=O)(Nc1ccc(O)c2ccccc12)c1ccc(F)cc1,46.6,active,1
CHEMBL3214610,Cc1ccccc1/N=C1\C(Cl)=C(O)OC1OC(=O)c1ccco1,11400.0,inactive,0
CHEMBL1991885,Cc1ccc(O)c(/N=C/C2=C(O)c3ccccc3C2=O)c1,216.0,active,1
CHEMBL1510156,CC(NC(=O)Cn1ncc(Cl)c(Cl)c1=O)C12CC3CC(CC(C3)C1)C2,47.0,active,1
CHEMBL1330951,COc1c(O)ccc2c1CN1CCc3cc4c(cc3C1C2)OCO4,14000.0,inactive,0
CHEMBL1437516,CCCCCCCCCCOC[n+]1cn(Cc2ccccc2)c2ccccc21.[Cl-],13500.0,inactive,0
CHEMBL1384670,COc1cc(C(c2c(C)n[nH]c2O)c2c(C)n[nH]c2O)cc([N+](=O)[O-])c1O,248.0,active,1
CHEMBL1392176,CCN(CC)C(=O)CSc1nnc2nnc3cc(OC)ccc3n12,127800.0,inactive,0
CHEMBL1392225,CC(C)(C)c1cc(C(=O)CCN2CCOCC2)cc(C(C)(C)C)c1O,16800.0,inactive,0
CHEMBL1392219,Cc1cc(C(c2ccc(O)cc2)c2cc(C)c(O)cc2C)c(C)cc1O,100100.0,inactive,0
CHEMBL1610025,CCC(=O)OCCNc1cc(Sc2nc3ccccc3s2)c2nonc2c1[N+](=O)[O-],572.0,active,1
CHEMBL1384702,COc1ccc(C(=O)c2c(C(F)(F)F)oc3c2C(=O)c2ccccc2C3=O)cc1,82.5,active,1
CHEMBL1378851,Cn1nnnc1Sc1ncnc2scc(-c3ccc(F)cc3)c12,11200.0,inactive,0
CHEMBL1993627,OC1=C(/C=N/c2ccc3c(c2)OCO3)CCc2ccccc21,430.0,active,1
CHEMBL1431612,O=C(Nc1ccc(Cl)cc1)C1c2cccc[n+]2CC(=O)N1Cc1ccc2c(c1)OCO2.[I-],13300.0,inactive,0
CHEMBL1713763,CC1Nc2ncnc(N3CCc4ccccc4C3)c2N(Cc2ccc(Br)cc2)C1=O.O=C(O)C(F)(F)F,23700.0,inactive,0
CHEMBL3192535,COc1ccc(C(=O)N/N=C\c2coc3ccc(Cl)cc3c2=O)cc1,19800.0,inactive,0
CHEMBL1352439,NS(=O)(=O)c1ccc(NN=C2C(=O)NC(=S)NC2=O)cc1,15500.0,inactive,0
CHEMBL1525315,Cc1cc(C(=O)CCl)c(C)n1CCc1ccccc1,24400.0,inactive,0
CHEMBL1580600,O=C(O)CN1C(=O)/C(=C\c2ccc(OC(=O)c3ccco3)cc2)SC1=S,20300.0,inactive,0
CHEMBL1409900,COc1ccc(/C=C2\SC(=S)N(CCCC(=O)Nc3ccc(O)cc3)C2=O)cc1,78100.0,inactive,0
CHEMBL3145304,Cc1[nH]n(-c2ccccc2)c(=O)c1/C=N\NC(=O)C1COc2ccccc2O1,17500.0,inactive,0
CHEMBL1992432,O=C(CCl)c1c[nH]c(/C=N/Nc2ccc(F)cc2)c1,191.0,active,1
CHEMBL1567159,CN(CCO)c1cc(Sc2nc3ccccc3s2)c2nonc2c1[N+](=O)[O-],490.0,active,1
CHEMBL504911,Nc1nc(-c2ccco2)nn1C(=O)c1ccc(Cl)cc1,55400.0,inactive,0
CHEMBL1415002,C[C@@H]1CC=C[C@H]2[C@H]1C(=O)N(Cc1ccccc1)[C@H]2c1ccc(C(F)(F)F)cc1,87000.0,inactive,0
CHEMBL3194773,CCOc1cc(/C=N\NC(=O)OC(C)(C)C)ccc1OC(=O)c1ccco1,19800.0,inactive,0
CHEMBL1994973,O=C(N/N=C/c1ccc([N+](=O)[O-])o1)c1ccccc1NS(=O)(=O)c1cccs1,125100.0,inactive,0
CHEMBL1471088,Cc1cccc(CSC(Nc2ccc(F)cc2)=C(C#N)C#N)c1,10900.0,inactive,0
CHEMBL1304902,COc1cccc(N(C(=O)CCl)C(C(=O)NCCc2ccccc2)c2cccs2)c1,329.0,active,1
CHEMBL1529781,O=C(CCCN1C(=O)/C(=C/c2ccccc2)SC1=S)Nc1ccc(C(=O)O)c(O)c1,15400.0,inactive,0
CHEMBL1502781,CCOc1cc(C(c2c(C)n[nH]c2O)c2c(C)n[nH]c2O)cc(Br)c1OC,231.0,active,1
CHEMBL1588306,CCCc1c(O)oc2nnc(C)c-2c1C,14800.0,inactive,0
CHEMBL1510339,COC(=O)c1ccc(NC(=O)c2nc(S(=O)(=O)Cc3cccc(C)c3)ncc2Cl)cc1,228.0,active,1
CHEMBL1352586,CCCC(=O)OCCNc1cc(Sc2nc3ccccc3[nH]2)c2nonc2c1[N+](=O)[O-],657.0,active,1
CHEMBL1374083,Cc1ccc(-c2cc(O)[nH]n2)c(C)c1,502.0,active,1
CHEMBL1559655,CCOc1cc(C(c2c(C)n[nH]c2O)c2c(C)n[nH]c2O)ccc1OCc1ccc([N+](=O)[O-])cc1,159.0,active,1
CHEMBL1588173,Fc1ccc(Sc2nc(-c3ccccc3)nnc2C(F)(F)F)cc1,660.0,active,1
CHEMBL60718,Cc1ccc(S(=O)(=O)N[C@@H](Cc2ccccc2)C(=O)CCl)cc1,712.0,active,1
CHEMBL3197333,COc1cc(/C=N/NC(=O)CC2(C)OCCCO2)ccc1OCc1ccccc1,810.0,active,1
CHEMBL1520615,CCCCS/C(=C(/C#N)C(N)=O)c1cc2c([nH]1)CCCC2,15600.0,inactive,0
CHEMBL3198175,CC1(CC(=O)N/N=C/c2ccc(OCc3ccc(Cl)cc3Cl)cc2)OCCCO1,11100.0,inactive,0
CHEMBL1305092,O=C(O)CN1C(=O)/C(=C\c2cccc(OCc3ccc(Cl)cc3Cl)c2)SC1=S,11100.0,inactive,0
CHEMBL1996376,O=C1C(O)=C/C(=N\c2ccccc2O)c2ccccc21,12300.0,inactive,0
CHEMBL1463564,Cc1cc(C(=O)c2ccc(Cl)cc2)c(NC(=O)CCl)s1,481.0,active,1
CHEMBL179161,O=C(CCN1C(=O)/C(=C/c2cccs2)SC1=S)Nc1cccc(O)c1,125200.0,inactive,0
CHEMBL1442136,O=C(NCCc1ccccc1)C(c1cccs1)N(C(=O)CCl)c1ccc(Cl)cc1,233.0,active,1
CHEMBL17551,Nc1ccc2[nH]ncc2c1,36100.0,inactive,0
CHEMBL1520701,COc1ccc(N2C(=O)C(Cl)=C(NCc3ccccc3)C2=O)cc1,12900.0,inactive,0
CHEMBL1398450,COc1ccccc1NC(=O)c1cnc(SCC(=O)NCC2CCCO2)n(C)c1=O,10800.0,inactive,0
CHEMBL1432044,Cc1ccc(NC(=O)COc2cccc(/C=C3\SC(=S)N(CCC(=O)O)C3=O)c2)cc1Cl,19100.0,inactive,0
CHEMBL1407708,O=C(c1n[nH]cc1-c1ccc(Cl)cc1)C1CO1,20900.0,inactive,0
CHEMBL1510599,O=C(CCl)c1cc2c3c(c1)CC(=O)N3CCC2,11700.0,inactive,0
CHEMBL1442141,O=C(CSc1ncnc2c1nnn2Cc1ccc(F)cc1)NCC1CCCO1,10200.0,inactive,0
CHEMBL1734451,CC1=NNC(=O)C1Cc1c(Cl)cccc1Cl,642.0,active,1
CHEMBL1312974,CN1c2ccc(C=O)c3c(C=O)ccc(c23)N(C)C1(C)C,59900.0,inactive,0
CHEMBL1486196,Cc1ccc(C(=O)n2cnc3ccccc32)cc1C,124100.0,inactive,0
CHEMBL3190880,CCc1ccc(S(=O)(=O)/N=C2\C=C(Nc3cccc(C(=O)O)c3)C(=O)c3ccccc32)cc1,216.0,active,1
CHEMBL1510647,COc1ccc(C(=O)/C=C/Sc2nc3ccccc3o2)cc1,54400.0,inactive,0
CHEMBL1481417,c1ccc2nc3cc4[nH]cnc4cc3nc2c1,29600.0,inactive,0
CHEMBL1598272,COc1cc(C(c2c(C)n[nH]c2O)c2c(C)n[nH]c2O)cc(OC)c1OC,262.0,active,1
CHEMBL1603293,O=C(O)COc1cccc(/C=C2/SC(=S)N(Cc3ccccc3)C2=O)c1,10100.0,inactive,0
CHEMBL1463755,O=C(CCCN1C(=O)/C(=C\c2cccs2)SC1=S)Nc1ccc(O)cc1C(=O)O,12700.0,inactive,0
CHEMBL1424773,CC(=O)NCCn1c(SCc2ccccc2C)nc2ccccc2c1=O,83200.0,inactive,0
CHEMBL3191855,COc1ccc(S(=O)(=O)/N=C2\C=C(Nc3ccc(O)cc3)C(=O)c3ccccc32)cc1,141.0,active,1
CHEMBL1520852,Cc1cc(C)cc(Cn2ncc(Cl)c(Cl)c2=O)c1,985.0,active,1
CHEMBL1510765,CC1CC(C)CN(C(=O)c2ccc3c(c2)N(Cc2ccccc2)CCS3)C1,23600.0,inactive,0
CHEMBL1503106,COC(=O)c1ccccc1NC(=S)NC(=O)c1ccc(C)cc1,239.0,active,1
CHEMBL1580990,COc1ccc(-c2nnc(SC(=O)N3c4ccccc4Sc4ccccc43)o2)cc1,451.0,active,1
CHEMBL1305307,CCOC(=O)c1nnc(-c2ccccc2)nc1Sc1ccccc1Cl,686.0,active,1
CHEMBL1580910,Cc1ccc(S(=O)(=O)N2CC(c3ccc(Br)cc3)C(C(=O)C3CO3)=N2)cc1,578.0,active,1
CHEMBL3192701,COc1ccc(/C=N/NC(=O)c2nn(-c3ccccc3)c(=O)c3c(N)scc23)cc1,220.0,active,1
CHEMBL1432348,O=C(CSC1=NCCS1)Nc1ccc(S(=O)(=O)N2CCCCCC2)cc1,10100.0,inactive,0
CHEMBL179794,Cc1nc2ccccc2c2c1C(=O)N(C)C2=O,794.0,active,1
CHEMBL1486332,O=C(NC1CCCCC1)C(c1cccnc1)N(C(=O)CCl)c1ccc(F)cc1,816.0,active,1
CHEMBL1403148,COc1ccc(N(C(=O)CCl)C(C(=O)NC2CCCCC2)c2cccnc2)cc1,619.0,active,1
CHEMBL1463659,Cn1nc(-c2ccccn2)nc2c(=O)n(C)c(=O)nc1-2,19.1,active,1
CHEMBL1432432,Cn1c(-[n+]2c(-c3ccccc3)cc(-c3ccccc3)cc2-c2ccccc2)nc2c([N+](=O)[O-])cccc21.[I-],15300.0,inactive,0
CHEMBL1392911,COc1ccc(NC(S)=Nc2ccc3nsnc3c2)cc1,17500.0,inactive,0
CHEMBL1525860,CC(=O)NC1N=C(C)N(c2ccccc2)C1=O,10700.0,inactive,0
CHEMBL3194415,CC(=O)Nc1ccc(S(=O)(=O)NC2=C(N3CCN(c4ccc(F)cc4)CC3)C(=O)c3ccccc3C2=O)cc1,10400.0,inactive,0
CHEMBL1734820,COC(=O)COc1c(Cl)cc(C(c2c(C)n[nH]c2O)c2c(C)n[nH]c2O)cc1OC,158.0,active,1
CHEMBL1503209,Cc1nn(CCc2nn[nH]n2)c2nc(-c3ccc(C4CCCCC4)cc3)cc(C(F)(F)F)c12,38100.0,inactive,0
CHEMBL3195005,Cc1cccc(/C=N/NC(=O)C(C)Nc2cccc3ccccc23)n1,47100.0,inactive,0
CHEMBL1471498,COc1cc(C(=O)c2nccc3cc(OC)c(OC)cc23)c([N+](=O)[O-])cc1OC,160.0,active,1
CHEMBL1525669,CC(C)(C)c1cc(NC(=O)CCl)n(-c2ccccc2)n1,13600.0,inactive,0
CHEMBL1393004,COc1cc(C(c2c(C)n[nH]c2O)c2c(C)n[nH]c2O)ccc1OS(=O)(=O)c1ccccc1,217.0,active,1
CHEMBL1385433,COC(=O)[C@@H]1C[C@]2(OC(=O)c3ccccc3)C=CC(=O)C[C@@H]2N1C(=O)OCc1ccccc1,10500.0,inactive,0
CHEMBL1481463,Cc1n[nH]c(O)c1C(c1ccc(F)cc1)c1c(C)n[nH]c1O,291.0,active,1
CHEMBL1454269,CCOc1ccccc1CNc1ccc(O)cc1,14000.0,inactive,0
CHEMBL1463817,COc1ccc(-c2cc(C#N)nc(Cl)n2)cc1,37200.0,inactive,0
CHEMBL388590,CCc1oc2ccccc2c1C(=O)c1cc(Br)c(O)c(Br)c1,11500.0,inactive,0
CHEMBL1463793,Cc1ccc2nsnc2c1NS(=O)(=O)c1c(C)ccc2nsnc12,24800.0,inactive,0
CHEMBL1598561,COc1ccc(CN(CCC(c2ccccc2)c2ccc(OC(C)C)cc2)C(=O)CCl)cc1OC,333.0,active,1
CHEMBL1453114,CC(C)(C)c1csc(NC(=O)c2c(F)c(F)c(F)c(F)c2F)n1,18400.0,inactive,0
CHEMBL1424829,O=C(Oc1ccc2ccccc2c1)c1ccco1,13900.0,inactive,0
CHEMBL1375966,CC(=O)c1ccc(Sc2nnnn2-c2ccccc2)c([N+](=O)[O-])c1,14500.0,inactive,0
CHEMBL1511042,FC(F)(F)c1ccc(C2[C@H]3CN(Cc4cccnc4)[C@H](c4ccccc4)C34CC2(c2cccnc2)C4)cc1,24100.0,inactive,0
CHEMBL1432524,Cc1cc(O)ccc1Nc1nc(-c2cccs2)cs1,11500.0,inactive,0
CHEMBL1605939,Cc1nn(C(=O)CNS(=O)(=O)c2ccccc2)c(C)c1Sc1ccc(Cl)cc1,17200.0,inactive,0
CHEMBL1415423,O=C(Oc1ccc(-c2nnco2)cc1)c1ccco1,15300.0,inactive,0
CHEMBL3197985,O=C(O)c1cccc(N/N=C(\N=Nc2ccccc2)c2ccccc2)c1,51100.0,inactive,0
